fbgn	protein_id	total_length	disorder_fraction	max_disordered_region	n_disordered_residues	mean_score
FBgn0031081	FBpp0070000	786	0.5013	51	394	0.4050
FBgn0031085	FBpp0070001	210	0.3238	63	68	0.3305
FBgn0062565	FBpp0070002	387	0.0724	9	28	0.2879
FBgn0031088	FBpp0290784	740	0.6797	203	503	0.4445
FBgn0041626	FBpp0070028	387	0.0724	9	28	0.2890
FBgn0040784	FBpp0290787	97	0.7526	55	73	0.5379
FBgn0031086	FBpp0070031	260	0.6000	46	156	0.4410
FBgn0031082	FBpp0070034	287	0.4808	78	138	0.3998
FBgn0031080	FBpp0070035	155	0.2774	32	43	0.3013
FBgn0053217	FBpp0070044	699	0.5150	151	360	0.3993
FBgn0052350	FBpp0070045	830	0.4301	51	357	0.3784
FBgn0024733	FBpp0289147	218	0.5459	71	119	0.4237
FBgn0040372	FBpp0305207	1657	0.6162	113	1021	0.4409
FBgn0000316	FBpp0070063	601	0.3311	32	199	0.3654
FBgn0024989	FBpp0070065	879	0.8658	118	761	0.4986
FBgn0040371	FBpp0070068	195	0.3641	53	71	0.3575
FBgn0029521	FBpp0070069	392	0.1607	14	63	0.2969
FBgn0004034	FBpp0070070	541	0.4399	64	238	0.3854
FBgn0000022	FBpp0070071	201	0.7910	104	159	0.4806
FBgn0004170	FBpp0070072	345	0.8261	87	285	0.4910
FBgn0002561	FBpp0070073	257	0.9183	111	236	0.4938
FBgn0000137	FBpp0070074	486	0.7572	112	368	0.4820
FBgn0029522	FBpp0111860	177	0.6328	56	112	0.4342
FBgn0052817	FBpp0070076	121	0.3223	15	39	0.3509
FBgn0029524	FBpp0070077	121	0.4298	23	52	0.3679
FBgn0023536	FBpp0070078	692	0.2731	28	189	0.3351
FBgn0023534	FBpp0070079	127	0.7795	91	99	0.4712
FBgn0023535	FBpp0070083	351	0.3390	33	119	0.3591
FBgn0023537	FBpp0070087	520	0.3058	53	159	0.3507
FBgn0029525	FBpp0070089	1377	0.4074	65	561	0.3883
FBgn0010019	FBpp0070094	556	0.2950	41	164	0.3599
FBgn0011822	FBpp0070095	407	0.2506	45	102	0.3394
FBgn0052816	FBpp0070096	378	0.7937	97	300	0.4770
FBgn0040370	FBpp0070098	306	0.6242	48	191	0.4223
FBgn0040373	FBpp0070103	388	0.3737	35	145	0.3772
FBgn0000108	FBpp0298292	890	0.6270	99	558	0.4290
FBgn0025640	FBpp0070110	304	0.1283	16	39	0.3215
FBgn0025635	FBpp0070111	467	0.5482	51	256	0.4239
FBgn0001341	FBpp0070114	1133	0.4960	69	562	0.4137
FBgn0003575	FBpp0070115	1325	0.6347	103	841	0.4622
FBgn0025634	FBpp0070116	408	0.6887	148	281	0.4712
FBgn0025638	FBpp0300874	136	0.5515	53	75	0.4059
FBgn0040383	FBpp0070129	306	0.2190	21	67	0.3220
FBgn0040382	FBpp0070130	469	0.4733	68	222	0.3836
FBgn0027343	FBpp0111841	646	0.4009	32	259	0.3624
FBgn0025621	FBpp0428122	1045	0.3196	74	334	0.3598
FBgn0029535	FBpp0070137	119	0.8739	84	104	0.4684
FBgn0026874	FBpp0288637	301	0.5017	53	151	0.4126
FBgn0025616	FBpp0070140	493	0.6450	153	318	0.4455
FBgn0015799	FBpp0070141	845	0.5172	71	437	0.3947
FBgn0025620	FBpp0070142	421	0.4133	37	174	0.3789
FBgn0015288	FBpp0070143	299	0.5217	46	156	0.4087
FBgn0029532	FBpp0070144	478	0.8138	99	389	0.4994
FBgn0029531	FBpp0070145	322	0.7826	131	252	0.5135
FBgn0025639	FBpp0070146	1300	0.6515	126	847	0.4749
FBgn0002579	FBpp0070150	115	0.8522	52	98	0.4750
FBgn0026879	FBpp0070154	64	0.8906	46	57	0.5185
FBgn0029529	FBpp0070155	114	0.5526	23	63	0.3923
FBgn0025633	FBpp0110088	1094	0.8245	171	902	0.4876
FBgn0040892	FBpp0110101	93	0.8065	30	75	0.4468
FBgn0040341	FBpp0070158	254	0.2205	19	56	0.3199
FBgn0029539	FBpp0070159	152	0.8026	71	122	0.5436
FBgn0040339	FBpp0070160	143	0.6364	31	91	0.4378
FBgn0052815	FBpp0298010	382	0.6780	91	259	0.4479
FBgn0040340	FBpp0070162	368	0.3370	59	124	0.3306
FBgn0040347	FBpp0070165	426	0.4977	63	212	0.4149
FBgn0042146	FBpp0070166	106	0.2642	23	28	0.3577
FBgn0029552	FBpp0070167	132	0.7424	33	98	0.4771
FBgn0040337	FBpp0070168	389	0.3111	24	121	0.3593
FBgn0040398	FBpp0070172	319	0.4451	46	142	0.3640
FBgn0040365	FBpp0070173	141	0.3191	20	45	0.3664
FBgn0040397	FBpp0303757	596	0.5084	38	303	0.3889
FBgn0026143	FBpp0070175	575	0.2713	77	156	0.3537
FBgn0040351	FBpp0070176	387	0.6951	98	269	0.4782
FBgn0040338	FBpp0070177	107	0.3925	18	42	0.3828
FBgn0040350	FBpp0070178	558	0.2688	46	150	0.3015
FBgn0040349	FBpp0070179	251	0.0837	6	21	0.2961
FBgn0040348	FBpp0070180	711	0.5148	58	366	0.4098
FBgn0040346	FBpp0070181	382	0.4005	50	153	0.3978
FBgn0040342	FBpp0070182	444	0.4032	41	179	0.3705
FBgn0040345	FBpp0303733	362	0.5166	46	187	0.4143
FBgn0040343	FBpp0070188	83	0.3494	20	29	0.3393
FBgn0052814	FBpp0307669	244	0.8648	146	211	0.5566
FBgn0040364	FBpp0070190	312	0.4455	39	139	0.3706
FBgn0040362	FBpp0070191	201	0.2388	21	48	0.2893
FBgn0040361	FBpp0070192	270	0.4889	50	132	0.4122
FBgn0040360	FBpp0070193	342	0.7018	82	240	0.4478
FBgn0040359	FBpp0070194	569	0.8102	145	461	0.5057
FBgn0040358	FBpp0070195	756	0.8373	222	633	0.5049
FBgn0029568	FBpp0070196	436	0.8486	227	370	0.5120
FBgn0040357	FBpp0070197	230	0.7261	67	167	0.4694
FBgn0040367	FBpp0070198	505	0.4733	31	239	0.3886
FBgn0025642	FBpp0070199	225	0.5733	37	129	0.4178
FBgn0004650	FBpp0070200	2118	0.4315	118	914	0.3872
FBgn0024362	FBpp0070202	377	0.6154	83	232	0.4649
FBgn0024361	FBpp0070204	244	0.1025	12	25	0.2682
FBgn0024364	FBpp0070205	771	0.8768	151	676	0.5224
FBgn0029573	FBpp0070206	151	0.6887	62	104	0.4269
FBgn0024987	FBpp0308820	485	0.6309	78	306	0.4382
FBgn0023169	FBpp0070208	582	0.3643	32	212	0.3650
FBgn0052813	FBpp0428179	699	0.5479	56	383	0.4236
FBgn0024985	FBpp0304571	486	0.7099	99	345	0.4432
FBgn0027794	FBpp0070221	1072	0.3209	28	344	0.3667
FBgn0027795	FBpp0070222	470	0.3511	39	165	0.3843
FBgn0024986	FBpp0070224	160	0.2750	16	44	0.3523
FBgn0000826	FBpp0070225	291	0.1649	27	48	0.3281
FBgn0024365	FBpp0070226	712	0.2851	51	203	0.3066
FBgn0024360	FBpp0070227	612	0.4853	70	297	0.3979
FBgn0024366	FBpp0070228	1279	0.7983	136	1021	0.4879
FBgn0025641	FBpp0292356	1463	0.5913	104	865	0.4282
FBgn0052811	FBpp0292011	77	0.8052	29	62	0.4475
FBgn0028550	FBpp0303417	688	0.7006	192	482	0.4757
FBgn0026876	FBpp0070235	861	0.5041	81	434	0.4143
FBgn0040366	FBpp0070240	329	0.6687	71	220	0.4408
FBgn0040363	FBpp0070241	588	0.4626	41	272	0.3939
FBgn0040368	FBpp0070242	429	0.6713	157	288	0.4891
FBgn0026872	FBpp0070243	196	0.2704	14	53	0.3321
FBgn0029580	FBpp0070244	186	0.1344	15	25	0.3115
FBgn0025383	FBpp0070247	302	0.2483	24	75	0.3177
FBgn0025381	FBpp0070249	316	0.6329	74	200	0.4181
FBgn0025394	FBpp0070250	211	0.5877	34	124	0.4229
FBgn0000482	FBpp0070259	1002	0.4561	45	457	0.3865
FBgn0001189	FBpp0070260	611	0.6563	60	401	0.4223
FBgn0029587	FBpp0300639	221	0.6199	48	137	0.4300
FBgn0024897	FBpp0070262	558	0.5054	45	282	0.3895
FBgn0025391	FBpp0070267	404	0.4010	43	162	0.3741
FBgn0025378	FBpp0070268	305	0.2689	28	82	0.3382
FBgn0023130	FBpp0070269	409	0.5672	71	232	0.4147
FBgn0023530	FBpp0070273	140	0.0429	4	6	0.2644
FBgn0025390	FBpp0070274	1795	0.8669	695	1556	0.5571
FBgn0025393	FBpp0070275	116	0.6207	42	72	0.3869
FBgn0003517	FBpp0070277	270	0.4333	28	117	0.3826
FBgn0025382	FBpp0070280	236	0.4449	28	105	0.3932
FBgn0052808	FBpp0070282	284	0.2711	22	77	0.3437
FBgn0027791	FBpp0070283	490	0.3592	22	176	0.3653
FBgn0027793	FBpp0070285	260	0.3923	28	102	0.3550
FBgn0052806	FBpp0070288	205	0.6439	42	132	0.4049
FBgn0026873	FBpp0070295	217	0.4194	14	91	0.3826
FBgn0023513	FBpp0070297	1102	0.2332	26	257	0.3436
FBgn0014411	FBpp0070298	478	0.4770	45	228	0.4131
FBgn0023514	FBpp0070299	506	0.4170	71	211	0.3888
FBgn0029594	FBpp0070300	176	0.6477	64	114	0.4237
FBgn0023519	FBpp0070301	243	0.4938	48	120	0.4246
FBgn0023509	FBpp0070302	986	0.7059	185	696	0.4586
FBgn0023510	FBpp0070303	1525	0.3659	48	558	0.3687
FBgn0023508	FBpp0070304	850	0.4824	78	410	0.4009
FBgn0023522	FBpp0070305	456	0.4561	92	208	0.4065
FBgn0023521	FBpp0070308	299	0.6923	70	207	0.4359
FBgn0025627	FBpp0070314	264	0.5833	35	154	0.4196
FBgn0025630	FBpp0070316	361	0.2438	24	88	0.3428
FBgn0025629	FBpp0070317	256	0.4453	49	114	0.3881
FBgn0029596	FBpp0070324	205	0.4780	31	98	0.3831
FBgn0025626	FBpp0070325	696	0.7874	131	548	0.4800
FBgn0025625	FBpp0070326	1398	0.5966	211	834	0.4287
FBgn0025631	FBpp0070327	670	0.4716	82	316	0.3757
FBgn0026878	FBpp0070328	158	0.5759	44	91	0.4419
FBgn0000667	FBpp0070331	917	0.5900	139	541	0.4230
FBgn0003964	FBpp0070332	508	0.4528	59	230	0.3889
FBgn0023545	FBpp0070333	355	0.3662	21	130	0.3613
FBgn0023520	FBpp0070335	487	0.4641	63	226	0.4100
FBgn0023512	FBpp0070336	669	0.2601	23	174	0.3476
FBgn0023511	FBpp0304832	1004	0.4532	71	455	0.3998
FBgn0052801	FBpp0070340	158	0.6519	45	103	0.4466
FBgn0023518	FBpp0070347	2431	0.6010	114	1461	0.4345
FBgn0026088	FBpp0070348	96	0.7708	45	74	0.4815
FBgn0026089	FBpp0070349	106	0.8208	48	87	0.4626
FBgn0023517	FBpp0070350	289	0.5156	36	149	0.4092
FBgn0023516	FBpp0070351	614	0.5261	84	323	0.4078
FBgn0023515	FBpp0070353	1052	0.8470	134	891	0.4905
FBgn0028969	FBpp0070355	532	0.3797	43	202	0.3840
FBgn0026090	FBpp0070356	100	0.2500	15	25	0.3626
FBgn0029590	FBpp0301697	237	0.9072	106	215	0.5125
FBgn0025624	FBpp0070359	246	0.0650	6	16	0.2512
FBgn0040395	FBpp0070360	474	0.5338	51	253	0.4101
FBgn0000382	FBpp0070363	945	0.6741	95	637	0.4607
FBgn0023507	FBpp0070365	533	0.2570	23	137	0.3458
FBgn0004654	FBpp0070368	481	0.1871	21	90	0.3213
FBgn0023540	FBpp0070369	371	0.6469	62	240	0.4497
FBgn0025839	FBpp0070370	103	0.6990	30	72	0.4246
FBgn0011576	FBpp0070371	501	0.4012	52	201	0.3788
FBgn0015036	FBpp0070372	496	0.2278	23	113	0.3327
FBgn0003116	FBpp0070373	405	0.2765	25	112	0.3484
FBgn0040899	FBpp0070374	70	0.5429	19	38	0.3550
FBgn0040900	FBpp0288524	110	0.2000	22	22	0.2655
FBgn0024984	FBpp0070376	192	0.8177	65	157	0.4833
FBgn0023549	FBpp0070377	626	0.3690	71	231	0.3230
FBgn0029606	FBpp0304654	163	0.5521	32	90	0.3872
FBgn0003048	FBpp0309618	3417	0.4557	137	1557	0.3812
FBgn0000810	FBpp0070380	463	0.9482	243	439	0.5509
FBgn0023523	FBpp0070381	397	0.1662	26	66	0.3131
FBgn0023527	FBpp0070382	535	0.3065	38	164	0.3592
FBgn0040391	FBpp0070383	491	0.3666	58	180	0.3900
FBgn0003079	FBpp0070385	739	0.5778	103	427	0.4326
FBgn0003159	FBpp0310194	1239	0.8983	266	1113	0.5158
FBgn0040389	FBpp0070389	161	0.3602	24	58	0.3737
FBgn0044047	FBpp0070390	107	0.3645	18	39	0.3364
FBgn0040392	FBpp0070391	259	0.8610	72	223	0.4683
FBgn0023526	FBpp0070392	434	0.6382	173	277	0.4393
FBgn0023529	FBpp0070395	923	0.5547	101	512	0.4231
FBgn0023528	FBpp0070396	397	0.6776	73	269	0.4266
FBgn0027296	FBpp0070398	398	0.3693	29	147	0.3851
FBgn0023524	FBpp0423191	765	0.3582	118	274	0.3338
FBgn0023525	FBpp0070401	309	0.4531	54	140	0.4093
FBgn0000377	FBpp0070402	702	0.6296	135	442	0.4328
FBgn0001330	FBpp0070403	1192	0.5419	73	646	0.4094
FBgn0004397	FBpp0070404	961	0.5630	71	541	0.4156
FBgn0023550	FBpp0070407	504	0.2163	22	109	0.3290
FBgn0029603	FBpp0070408	230	0.5217	38	120	0.4116
FBgn0023542	FBpp0070409	521	0.3800	30	198	0.3738
FBgn0023541	FBpp0301778	510	0.3078	26	157	0.3551
FBgn0005670	FBpp0070412	512	0.3340	25	171	0.3603
FBgn0004655	FBpp0070413	1741	0.5945	135	1035	0.4480
FBgn0013432	FBpp0070415	92	0.8152	62	75	0.4677
FBgn0004861	FBpp0070416	1589	0.7489	147	1190	0.4794
FBgn0004860	FBpp0070417	1537	0.7437	134	1143	0.4763
FBgn0040394	FBpp0070418	560	0.5250	148	294	0.4639
FBgn0040376	FBpp0070421	228	0.3114	26	71	0.3602
FBgn0040066	FBpp0070422	361	0.3795	48	137	0.3944
FBgn0001404	FBpp0070423	457	0.1357	25	62	0.2979
FBgn0040336	FBpp0070426	370	0.3054	28	113	0.3235
FBgn0040333	FBpp0309091	750	0.3000	51	225	0.3232
FBgn0040334	FBpp0070429	304	0.1579	23	48	0.2723
FBgn0029629	FBpp0070430	269	0.6803	107	183	0.4415
FBgn0011566	FBpp0070431	468	0.4081	44	191	0.3731
FBgn0011606	FBpp0070432	1212	0.7096	190	860	0.4540
FBgn0040375	FBpp0289931	240	0.2917	26	70	0.3605
FBgn0040377	FBpp0308493	249	0.3896	48	97	0.3934
FBgn0040388	FBpp0306904	1105	0.6398	160	707	0.4324
FBgn0003714	FBpp0300988	154	0.3701	23	57	0.3697
FBgn0001150	FBpp0070444	448	0.7411	122	332	0.4911
FBgn0052797	FBpp0070445	202	0.7228	69	146	0.5143
FBgn0040385	FBpp0070446	353	0.6969	49	246	0.4659
FBgn0003371	FBpp0304140	1168	0.5659	166	661	0.4309
FBgn0003068	FBpp0070455	1218	0.6675	120	813	0.4451
FBgn0024993	FBpp0070456	446	0.7489	149	334	0.4953
FBgn0024996	FBpp0070457	352	0.2727	23	96	0.3443
FBgn0024997	FBpp0070458	626	0.6741	142	422	0.4533
FBgn0024991	FBpp0070459	825	0.6097	119	503	0.4304
FBgn0000928	FBpp0070462	1042	0.4165	72	434	0.3742
FBgn0000927	FBpp0070463	696	0.7859	202	547	0.4936
FBgn0000520	FBpp0070465	592	0.5912	56	350	0.4195
FBgn0024975	FBpp0070466	501	0.7006	93	351	0.4477
FBgn0040356	FBpp0070467	261	0.6552	60	171	0.4379
FBgn0003996	FBpp0070468	687	0.2838	27	195	0.3376
FBgn0040384	FBpp0070469	387	0.4548	66	176	0.3737
FBgn0024980	FBpp0070471	333	0.7658	79	255	0.4594
FBgn0000376	FBpp0070472	982	0.6629	72	651	0.4525
FBgn0024973	FBpp0070475	735	0.5184	127	381	0.4119
FBgn0024998	FBpp0070476	552	0.8659	158	478	0.5064
FBgn0024995	FBpp0271787	305	0.3213	41	98	0.3407
FBgn0024994	FBpp0271784	368	0.0978	13	36	0.2624
FBgn0024992	FBpp0070479	819	0.4786	56	392	0.3979
FBgn0000092	FBpp0070480	260	0.3692	22	96	0.3641
FBgn0025838	FBpp0070481	235	0.4553	55	107	0.4163
FBgn0011276	FBpp0070482	376	0.7340	56	276	0.4531
FBgn0004647	FBpp0070483	2703	0.4565	92	1234	0.3970
FBgn0040396	FBpp0070484	135	0.5630	18	76	0.4007
FBgn0000479	FBpp0070485	1209	0.6261	89	757	0.4444
FBgn0002933	FBpp0070499	107	0.7944	84	85	0.5292
FBgn0003374	FBpp0312344	287	0.8780	187	252	0.6112
FBgn0029660	FBpp0070502	558	0.4946	48	276	0.3935
FBgn0029662	FBpp0070503	582	0.6168	86	359	0.4301
FBgn0029661	FBpp0302614	386	0.3886	37	150	0.3466
FBgn0029659	FBpp0070507	200	0.1450	12	29	0.2715
FBgn0029658	FBpp0070508	190	0.0316	2	6	0.2502
FBgn0029657	FBpp0070509	205	0.2195	13	45	0.2760
FBgn0003086	FBpp0070512	172	0.8314	143	143	0.5695
FBgn0010296	FBpp0070513	57	0.1930	3	11	0.2995
FBgn0010295	FBpp0070514	146	0.8493	123	124	0.5690
FBgn0010294	FBpp0070515	112	0.8036	89	90	0.5501
FBgn0040393	FBpp0070516	119	0.8319	99	99	0.5708
FBgn0000644	FBpp0070517	282	0.5851	63	165	0.4164
FBgn0028746	FBpp0070518	99	0.6263	36	62	0.3905
FBgn0040355	FBpp0070521	229	0.3843	39	88	0.3742
FBgn0052793	FBpp0070525	826	0.7494	194	619	0.5268
FBgn0029642	FBpp0070526	249	0.1004	11	25	0.2160
FBgn0025645	FBpp0070527	272	0.5919	81	161	0.4427
FBgn0029643	FBpp0070528	293	0.8874	138	260	0.5940
FBgn0029644	FBpp0070529	238	0.8992	193	214	0.6185
FBgn0029645	FBpp0070530	294	0.9150	136	269	0.5953
FBgn0029646	FBpp0070531	305	0.7541	100	230	0.4928
FBgn0029647	FBpp0070532	148	0.7635	86	113	0.4425
FBgn0029648	FBpp0070533	249	0.1687	10	42	0.3310
FBgn0028369	FBpp0070534	956	0.3860	56	369	0.3772
FBgn0029649	FBpp0070536	264	0.6932	72	183	0.4677
FBgn0003285	FBpp0070537	764	0.5458	62	417	0.4074
FBgn0025644	FBpp0070538	263	0.5209	33	137	0.3785
FBgn0029639	FBpp0070539	195	0.9026	176	176	0.6328
FBgn0040354	FBpp0070540	327	0.8410	197	275	0.6113
FBgn0040353	FBpp0070541	330	0.5667	29	187	0.4185
FBgn0040352	FBpp0070542	258	0.8062	117	208	0.5244
FBgn0029664	FBpp0070543	436	0.5138	48	224	0.3961
FBgn0029666	FBpp0070544	637	0.5526	61	352	0.4240
FBgn0029669	FBpp0070545	110	0.4727	42	52	0.3808
FBgn0052792	FBpp0298009	569	0.4798	57	273	0.3845
FBgn0044046	FBpp0070552	159	0.7925	86	126	0.4707
FBgn0023215	FBpp0298278	790	0.6354	81	502	0.4502
FBgn0015286	FBpp0070558	201	0.5721	72	115	0.4203
FBgn0023216	FBpp0298280	723	0.5740	58	415	0.4290
FBgn0029672	FBpp0070561	497	0.4145	32	206	0.3768
FBgn0052791	FBpp0070563	554	0.5181	51	287	0.3936
FBgn0029667	FBpp0070564	479	0.7641	78	366	0.4761
FBgn0029665	FBpp0070565	191	0.2827	19	54	0.3589
FBgn0029663	FBpp0112979	726	0.2810	43	204	0.3029
FBgn0028491	FBpp0309176	815	0.3239	82	264	0.3391
FBgn0029681	FBpp0070585	493	0.3874	41	191	0.3761
FBgn0029686	FBpp0070586	911	0.2810	28	256	0.3553
FBgn0052786	FBpp0311141	911	0.2898	28	264	0.3569
FBgn0052783	FBpp0311142	911	0.2909	28	265	0.3571
FBgn0029687	FBpp0070589	269	0.5390	37	145	0.3924
FBgn0029690	FBpp0070594	583	0.2642	24	154	0.3505
FBgn0029689	FBpp0070595	631	0.2472	35	156	0.3466
FBgn0029688	FBpp0070596	2779	0.8838	392	2456	0.5005
FBgn0029685	FBpp0070597	862	0.1810	15	156	0.2909
FBgn0029694	FBpp0312488	233	0.5966	38	139	0.4473
FBgn0000221	FBpp0070606	325	0.3877	29	126	0.3581
FBgn0026084	FBpp0070607	129	0.8915	76	115	0.5167
FBgn0026085	FBpp0070610	188	0.5372	38	101	0.4367
FBgn0026083	FBpp0070611	1911	0.6970	136	1332	0.4723
FBgn0066114	FBpp0070612	306	0.4739	33	145	0.3820
FBgn0029697	FBpp0070613	1357	0.4819	129	654	0.4103
FBgn0029701	FBpp0070614	150	0.7133	74	107	0.4640
FBgn0029702	FBpp0070615	485	0.6660	100	323	0.4534
FBgn0029706	FBpp0070620	939	0.3514	40	330	0.3676
FBgn0029705	FBpp0070622	425	0.6494	35	276	0.4269
FBgn0040907	FBpp0070623	64	0.4219	18	27	0.4219
FBgn0002707	FBpp0070624	961	0.4901	55	471	0.4044
FBgn0040906	FBpp0070625	94	0.2234	21	21	0.3201
FBgn0029703	FBpp0070626	553	0.3363	61	186	0.3669
FBgn0040905	FBpp0070627	89	0.3933	23	35	0.3844
FBgn0040904	FBpp0070628	99	0.9596	61	95	0.4898
FBgn0029700	FBpp0070629	123	0.6341	50	78	0.4538
FBgn0052774	FBpp0297893	496	0.8871	396	440	0.5816
FBgn0041252	FBpp0070631	201	0.8109	135	163	0.4931
FBgn0029696	FBpp0070632	152	0.6645	87	101	0.4576
FBgn0000635	FBpp0310127	885	0.5706	60	505	0.4161
FBgn0026080	FBpp0070636	541	0.6488	52	351	0.4346
FBgn0026079	FBpp0070637	746	0.4866	57	363	0.4064
FBgn0004832	FBpp0070638	296	0.6993	83	207	0.4664
FBgn0029693	FBpp0070639	788	0.4505	57	355	0.3982
FBgn0000179	FBpp0303589	1023	0.5552	163	568	0.4335
FBgn0029708	FBpp0070642	595	0.4992	89	297	0.3977
FBgn0029709	FBpp0070643	208	0.4375	34	91	0.3584
FBgn0029710	FBpp0070644	508	0.3917	58	199	0.3661
FBgn0029712	FBpp0070645	246	0.3455	49	85	0.3751
FBgn0029714	FBpp0070646	252	0.3452	23	87	0.3654
FBgn0029716	FBpp0070647	630	0.7540	141	475	0.5531
FBgn0022768	FBpp0070653	1427	0.6776	82	967	0.4564
FBgn0029715	FBpp0070666	215	0.9163	101	197	0.5247
FBgn0029713	FBpp0070667	465	0.4903	70	228	0.3896
FBgn0029711	FBpp0070669	437	0.7529	115	329	0.4814
FBgn0003210	FBpp0070670	1160	0.4190	103	486	0.4007
FBgn0011760	FBpp0423173	267	0.7978	167	213	0.5310
FBgn0028325	FBpp0070679	443	0.4153	59	184	0.3724
FBgn0029722	FBpp0070680	479	0.3779	62	181	0.3841
FBgn0029727	FBpp0070683	479	0.1858	31	89	0.2780
FBgn0029729	FBpp0070684	237	0.3671	26	87	0.3716
FBgn0029730	FBpp0070685	450	0.6800	49	306	0.4559
FBgn0029733	FBpp0070689	524	0.3836	45	201	0.3672
FBgn0052772	FBpp0290219	520	0.7308	92	380	0.4711
FBgn0029737	FBpp0070691	576	0.1198	16	69	0.2696
FBgn0004368	FBpp0070692	1767	0.5976	63	1056	0.4202
FBgn0029740	FBpp0289295	215	0.2093	17	45	0.3229
FBgn0061196	FBpp0428112	346	0.6416	49	222	0.4315
FBgn0029728	FBpp0070699	1893	0.8648	223	1637	0.5189
FBgn0029726	FBpp0288876	128	0.7734	47	99	0.4602
FBgn0029725	FBpp0070702	408	0.8995	146	367	0.5151
FBgn0025679	FBpp0070703	311	0.5305	50	165	0.4107
FBgn0029724	FBpp0070704	301	0.4950	57	149	0.4072
FBgn0029745	FBpp0070709	324	0.5556	67	180	0.3999
FBgn0029746	FBpp0070710	422	0.6635	99	280	0.4652
FBgn0003449	FBpp0070716	216	0.6157	62	133	0.4621
FBgn0011761	FBpp0070717	107	0.4393	18	47	0.3847
FBgn0029753	FBpp0070718	477	0.8428	70	402	0.4822
FBgn0029755	FBpp0070719	428	0.7196	108	308	0.4538
FBgn0014024	FBpp0089396	941	0.6249	124	588	0.4566
FBgn0029754	FBpp0291095	513	0.4113	40	211	0.3720
FBgn0029752	FBpp0070722	157	0.2293	23	36	0.3385
FBgn0029751	FBpp0070724	272	0.7684	56	209	0.4862
FBgn0029750	FBpp0070725	749	0.7290	159	546	0.4686
FBgn0029747	FBpp0070726	581	0.8571	95	498	0.5102
FBgn0052767	FBpp0290216	1281	0.6714	124	860	0.4826
FBgn0026751	FBpp0070730	614	0.6840	130	420	0.4894
FBgn0010014	FBpp0070731	170	0.2118	12	36	0.3572
FBgn0029761	FBpp0310909	1174	0.6550	114	769	0.4363
FBgn0029763	FBpp0070739	1126	0.6261	90	705	0.4495
FBgn0029765	FBpp0070742	152	0.4276	22	65	0.3581
FBgn0029766	FBpp0070743	554	0.7329	103	406	0.5311
FBgn0029768	FBpp0428130	512	0.3398	43	174	0.3333
FBgn0029770	FBpp0070745	182	0.6648	47	121	0.4204
FBgn0029771	FBpp0070746	148	0.1622	18	24	0.2590
FBgn0026702	FBpp0070748	857	0.6126	89	525	0.4427
FBgn0004687	FBpp0300803	153	0.5359	29	82	0.4122
FBgn0029778	FBpp0070751	494	0.4555	39	225	0.3979
FBgn0052762	FBpp0070757	200	0.8150	116	163	0.4993
FBgn0029769	FBpp0312021	611	0.5237	34	320	0.4071
FBgn0029762	FBpp0070763	641	0.2324	48	149	0.2893
FBgn0029756	FBpp0070764	634	0.5126	36	325	0.3962
FBgn0028474	FBpp0070765	998	0.8016	319	800	0.5233
FBgn0029785	FBpp0070766	123	0.7561	59	93	0.4947
FBgn0003747	FBpp0070768	444	0.2455	26	109	0.3152
FBgn0000394	FBpp0070770	257	0.5019	28	129	0.3935
FBgn0029791	FBpp0290305	1023	0.4731	144	484	0.4004
FBgn0029795	FBpp0070772	478	0.5146	57	246	0.3866
FBgn0029798	FBpp0070773	985	0.4284	79	422	0.3922
FBgn0029799	FBpp0070774	259	0.4595	77	119	0.4511
FBgn0029801	FBpp0070775	355	0.4479	61	159	0.3990
FBgn0029809	FBpp0070779	370	0.4297	55	159	0.4019
FBgn0029810	FBpp0070780	650	0.8646	371	562	0.5881
FBgn0029811	FBpp0070781	145	0.3172	22	46	0.3098
FBgn0029812	FBpp0070782	307	0.3257	28	100	0.3600
FBgn0029814	FBpp0070783	873	0.6186	141	540	0.4462
FBgn0029816	FBpp0070784	233	0.4163	36	97	0.3870
FBgn0029817	FBpp0070785	293	0.7201	92	211	0.4547
FBgn0029820	FBpp0308971	494	0.5749	41	284	0.4157
FBgn0029821	FBpp0070789	494	0.2874	40	142	0.3433
FBgn0029822	FBpp0070790	553	0.6600	65	365	0.4511
FBgn0029823	FBpp0070792	537	0.5102	45	274	0.3832
FBgn0029819	FBpp0070793	558	0.4391	49	245	0.3812
FBgn0014340	FBpp0070794	827	0.6651	114	550	0.4560
FBgn0029818	FBpp0070795	674	0.2656	35	179	0.3198
FBgn0029813	FBpp0070797	216	0.2731	19	59	0.3452
FBgn0029807	FBpp0070798	1132	0.7041	183	797	0.4797
FBgn0029804	FBpp0070801	445	0.4809	38	214	0.3952
FBgn0013987	FBpp0070802	359	0.5933	34	213	0.4119
FBgn0029800	FBpp0070805	157	0.8025	105	126	0.4609
FBgn0261383	FBpp0070806	1284	0.5654	78	726	0.4173
FBgn0052758	FBpp0070808	531	0.3936	36	209	0.3834
FBgn0053080	FBpp0070809	925	0.4865	64	450	0.3931
FBgn0027564	FBpp0070811	556	0.1475	30	82	0.2679
FBgn0029789	FBpp0070812	980	0.3296	47	323	0.3461
FBgn0046687	FBpp0309197	399	0.2206	29	88	0.3072
FBgn0015794	FBpp0070814	197	0.2538	20	50	0.3528
FBgn0029783	FBpp0070817	312	0.4295	33	134	0.3789
FBgn0029824	FBpp0309797	682	0.5528	144	377	0.4146
FBgn0029825	FBpp0070824	477	0.7191	93	343	0.4665
FBgn0052756	FBpp0070825	459	0.7015	112	322	0.4547
FBgn0029826	FBpp0070826	308	0.1851	9	57	0.3104
FBgn0052755	FBpp0070827	315	0.2381	21	75	0.3116
FBgn0029827	FBpp0070828	362	0.2376	36	86	0.3076
FBgn0029828	FBpp0070829	307	0.2020	24	62	0.3381
FBgn0029830	FBpp0070830	1058	0.3393	61	359	0.3756
FBgn0029831	FBpp0070831	540	0.3167	37	171	0.3536
FBgn0029833	FBpp0070832	182	0.2308	30	42	0.3501
FBgn0029834	FBpp0293888	2051	0.3749	85	769	0.3770
FBgn0029835	FBpp0293886	886	0.6411	100	568	0.4570
FBgn0029843	FBpp0070837	849	0.5112	36	434	0.3976
FBgn0029849	FBpp0070839	352	0.0881	23	31	0.2426
FBgn0003514	FBpp0070842	174	0.4425	25	77	0.4081
FBgn0029848	FBpp0070843	553	0.4069	41	225	0.3747
FBgn0040069	FBpp0070844	558	0.4534	54	253	0.3827
FBgn0052751	FBpp0309511	525	0.4933	60	259	0.3897
FBgn0052750	FBpp0070846	523	0.3786	29	198	0.3660
FBgn0026060	FBpp0070849	453	0.5717	86	259	0.4039
FBgn0029840	FBpp0305180	1621	0.3553	58	576	0.3686
FBgn0029839	FBpp0070851	261	0.2184	22	57	0.3248
FBgn0029838	FBpp0070852	193	0.4041	41	78	0.3617
FBgn0029837	FBpp0303596	287	0.3415	30	98	0.3046
FBgn0003302	FBpp0070854	335	0.6597	73	221	0.4703
FBgn0029003	FBpp0070855	365	0.3671	20	134	0.3703
FBgn0027546	FBpp0070856	368	0.3668	25	135	0.3735
FBgn0005390	FBpp0070857	1836	0.4570	56	839	0.3932
FBgn0029851	FBpp0308579	362	0.4751	52	172	0.4047
FBgn0015818	FBpp0070859	347	0.5418	82	188	0.4064
FBgn0029853	FBpp0070860	221	0.5294	41	117	0.3984
FBgn0028982	FBpp0070861	1831	0.6204	71	1136	0.4370
FBgn0029857	FBpp0070862	424	0.3656	25	155	0.3857
FBgn0029858	FBpp0070863	544	0.5404	45	294	0.4087
FBgn0029861	FBpp0070864	878	0.6390	92	561	0.4427
FBgn0029863	FBpp0070865	295	0.4203	38	124	0.3810
FBgn0029864	FBpp0111868	1598	0.8360	195	1336	0.5074
FBgn0029866	FBpp0070868	406	0.4360	63	177	0.3866
FBgn0029867	FBpp0070870	380	0.5895	39	224	0.4352
FBgn0029873	FBpp0070874	321	0.8910	254	286	0.6178
FBgn0014031	FBpp0070875	394	0.2437	18	96	0.3401
FBgn0000524	FBpp0070876	738	0.5786	172	427	0.4560
FBgn0014026	FBpp0070877	271	0.7565	65	205	0.4505
FBgn0029874	FBpp0070880	453	0.7329	88	332	0.4761
FBgn0003139	FBpp0070883	303	0.2574	23	78	0.3469
FBgn0003655	FBpp0070884	548	0.7865	108	431	0.4749
FBgn0029868	FBpp0070885	154	0.5260	28	81	0.4024
FBgn0043796	FBpp0070886	562	0.6157	71	346	0.4338
FBgn0028685	FBpp0293948	397	0.3854	47	153	0.3893
FBgn0026015	FBpp0070891	875	0.3829	35	335	0.3752
FBgn0029856	FBpp0305700	301	0.6910	52	208	0.4430
FBgn0040918	FBpp0070898	400	0.3400	71	136	0.3393
FBgn0031254	FBpp0077717	193	0.4041	34	78	0.3960
FBgn0031255	FBpp0077718	549	0.4062	53	223	0.3804
FBgn0004583	FBpp0077719	1427	0.6734	90	961	0.4508
FBgn0031256	FBpp0077720	354	0.6299	57	223	0.4145
FBgn0031257	FBpp0077721	667	0.6222	79	415	0.4353
FBgn0027592	FBpp0077722	749	0.6689	155	501	0.4570
FBgn0003963	FBpp0302929	1212	0.6031	156	731	0.4322
FBgn0031263	FBpp0077726	185	0.2432	25	45	0.3032
FBgn0031265	FBpp0077727	700	0.3057	48	214	0.3587
FBgn0031266	FBpp0077728	1340	0.4545	108	609	0.3910
FBgn0031268	FBpp0077729	153	0.4510	65	69	0.3569
FBgn0023489	FBpp0077730	357	0.4986	67	178	0.4174
FBgn0010323	FBpp0309910	473	0.6321	63	299	0.4557
FBgn0013323	FBpp0312235	218	0.4587	30	100	0.3890
FBgn0031267	FBpp0077734	309	0.5016	30	155	0.3999
FBgn0021874	FBpp0077735	488	0.3852	40	188	0.3827
FBgn0031264	FBpp0077736	795	0.8855	199	704	0.5588
FBgn0005660	FBpp0077739	475	0.7116	110	338	0.4603
FBgn0031260	FBpp0077740	389	0.2288	36	89	0.2962
FBgn0010602	FBpp0077741	159	0.5912	29	94	0.4176
FBgn0043364	FBpp0077743	428	0.8178	87	350	0.4827
FBgn0031258	FBpp0301737	1472	0.7758	181	1142	0.4701
FBgn0015924	FBpp0077747	491	0.3483	42	171	0.3628
FBgn0031253	FBpp0077749	141	0.2128	18	30	0.3425
FBgn0031252	FBpp0077750	347	0.5072	53	176	0.3977
FBgn0031251	FBpp0077752	1253	0.9066	192	1136	0.5255
FBgn0031250	FBpp0077753	476	0.1975	23	94	0.2778
FBgn0051921	FBpp0077755	713	0.8093	248	577	0.5178
FBgn0031249	FBpp0077757	277	0.3466	48	96	0.3502
FBgn0031248	FBpp0077758	271	0.3764	22	102	0.3609
FBgn0067779	FBpp0077759	1007	0.7706	117	776	0.4781
FBgn0031213	FBpp0077760	503	0.4294	35	216	0.3890
FBgn0031214	FBpp0297499	401	0.4613	34	185	0.3774
FBgn0031216	FBpp0077762	2064	0.5203	76	1074	0.4015
FBgn0031217	FBpp0077763	374	0.5909	62	221	0.3933
FBgn0001142	FBpp0077774	399	0.4937	49	197	0.3911
FBgn0031224	FBpp0077775	238	0.7269	101	173	0.4748
FBgn0031228	FBpp0077776	101	0.4257	33	43	0.3992
FBgn0031229	FBpp0077778	347	0.4150	50	144	0.3926
FBgn0031231	FBpp0077783	248	0.4919	70	122	0.4192
FBgn0031233	FBpp0077784	715	0.5566	81	398	0.4134
FBgn0031235	FBpp0077785	443	0.7472	125	331	0.4546
FBgn0031240	FBpp0077786	666	0.5706	123	380	0.4299
FBgn0003444	FBpp0077788	1036	0.5618	107	582	0.3947
FBgn0031247	FBpp0077789	125	0.7360	92	92	0.4767
FBgn0024352	FBpp0077790	490	0.6755	72	331	0.4521
FBgn0020622	FBpp0303632	496	0.6552	58	325	0.4267
FBgn0017457	FBpp0077792	264	0.6402	48	169	0.4475
FBgn0025686	FBpp0077793	505	0.4475	52	226	0.3794
FBgn0031245	FBpp0077795	248	0.1895	17	47	0.2736
FBgn0031244	FBpp0077796	275	0.1891	26	52	0.2663
FBgn0031238	FBpp0077799	505	0.4970	86	251	0.4163
FBgn0031239	FBpp0077801	968	0.6591	128	638	0.4203
FBgn0031232	FBpp0077805	294	0.8163	96	240	0.5136
FBgn0031227	FBpp0077806	500	0.4800	63	240	0.3972
FBgn0051974	FBpp0303495	416	0.4207	31	175	0.3697
FBgn0051975	FBpp0291405	416	0.4135	33	172	0.3762
FBgn0051976	FBpp0311956	194	0.5825	23	113	0.4057
FBgn0031219	FBpp0077818	134	0.6045	50	81	0.4160
FBgn0026787	FBpp0290667	649	0.3529	102	229	0.3170
FBgn0002931	FBpp0288762	360	0.7000	65	252	0.4661
FBgn0051973	FBpp0077822	1998	0.7933	219	1585	0.4888
FBgn0031209	FBpp0111921	842	0.4549	56	383	0.3816
FBgn0002121	FBpp0077828	1161	0.4668	94	542	0.3973
FBgn0036970	FBpp0077830	416	0.2885	24	120	0.3573
FBgn0036974	FBpp0304202	447	0.4586	42	205	0.3882
FBgn0036975	FBpp0077837	510	0.3000	44	153	0.3510
FBgn0024887	FBpp0077839	390	0.6256	77	244	0.4503
FBgn0036977	FBpp0300878	395	0.3114	28	123	0.3296
FBgn0001259	FBpp0077841	869	0.4695	68	408	0.4064
FBgn0036979	FBpp0423044	352	0.5795	84	204	0.4118
FBgn0036980	FBpp0303190	783	0.3384	45	265	0.3609
FBgn0036985	FBpp0077849	2284	0.9159	1858	2092	0.5436
FBgn0036991	FBpp0077852	493	0.8316	230	410	0.4965
FBgn0036993	FBpp0077853	251	0.4861	56	122	0.4003
FBgn0036996	FBpp0077854	399	0.3609	25	144	0.3545
FBgn0036997	FBpp0077855	367	0.3351	26	123	0.3623
FBgn0036998	FBpp0077856	105	0.3429	30	36	0.2924
FBgn0036999	FBpp0077857	354	0.3023	24	107	0.3548
FBgn0037001	FBpp0077859	416	0.3822	26	159	0.3724
FBgn0052425	FBpp0077861	759	0.5718	65	434	0.4354
FBgn0037003	FBpp0077864	542	0.2675	93	145	0.3139
FBgn0037004	FBpp0077865	504	0.2341	93	118	0.3058
FBgn0037005	FBpp0077866	447	0.1253	19	56	0.2581
FBgn0037009	FBpp0077867	163	0.1779	29	29	0.2621
FBgn0037011	FBpp0077868	260	0.1500	11	39	0.3235
FBgn0037013	FBpp0077869	192	0.2865	20	55	0.3446
FBgn0001323	FBpp0077870	647	0.6553	168	424	0.4596
FBgn0037012	FBpp0077871	452	0.6770	135	306	0.4580
FBgn0037008	FBpp0077873	354	0.6130	67	217	0.4252
FBgn0037007	FBpp0077874	201	0.7214	64	145	0.4722
FBgn0037000	FBpp0077878	513	0.3840	47	197	0.3480
FBgn0052428	FBpp0292443	238	0.5924	64	141	0.4529
FBgn0036995	FBpp0077881	1535	0.5498	111	844	0.4190
FBgn0036994	FBpp0077882	382	0.6754	87	258	0.4419
FBgn0036992	FBpp0077883	380	0.4237	32	161	0.3862
FBgn0036990	FBpp0077885	286	0.5490	84	157	0.4238
FBgn0029158	FBpp0288705	377	0.6286	88	237	0.4409
FBgn0036988	FBpp0077888	509	0.1847	27	94	0.2672
FBgn0036987	FBpp0077889	373	0.3914	22	146	0.3733
FBgn0036986	FBpp0077891	451	0.3237	38	146	0.3542
FBgn0036984	FBpp0077892	669	0.1734	46	116	0.2641
FBgn0028978	FBpp0077893	484	0.4401	48	213	0.3954
FBgn0027565	FBpp0077896	448	0.4955	83	222	0.4059
FBgn0001247	FBpp0271781	990	0.4707	65	466	0.3959
FBgn0036978	FBpp0077898	900	0.3922	44	353	0.3669
FBgn0036973	FBpp0077900	489	0.3906	44	191	0.3690
FBgn0037014	FBpp0077901	1088	0.7684	241	836	0.4930
FBgn0037016	FBpp0077903	384	0.5339	66	205	0.4029
FBgn0040634	FBpp0077904	85	0.9412	37	80	0.5282
FBgn0016696	FBpp0077905	952	0.7511	189	715	0.4983
FBgn0037020	FBpp0077909	280	0.6214	47	174	0.4211
FBgn0037024	FBpp0077912	348	0.3764	50	131	0.3890
FBgn0037025	FBpp0302830	1960	0.8724	354	1710	0.5101
FBgn0037027	FBpp0077914	926	0.7138	121	661	0.4553
FBgn0037030	FBpp0077920	226	0.5177	34	117	0.3865
FBgn0040636	FBpp0077921	67	0.2239	10	15	0.2530
FBgn0037031	FBpp0077922	445	0.5708	68	254	0.4341
FBgn0040637	FBpp0077923	98	0.0102	1	1	0.2162
FBgn0037035	FBpp0077924	386	0.3420	44	132	0.3788
FBgn0011591	FBpp0077925	412	0.4199	49	173	0.3734
FBgn0052432	FBpp0077926	1307	0.5960	141	779	0.4233
FBgn0027055	FBpp0077927	445	0.4090	26	182	0.3709
FBgn0037026	FBpp0077930	537	0.3389	35	182	0.3734
FBgn0037023	FBpp0077931	340	0.5353	82	182	0.4000
FBgn0027364	FBpp0077932	392	0.5587	94	219	0.4230
FBgn0037022	FBpp0077934	484	0.4814	84	233	0.3857
FBgn0037021	FBpp0077935	920	0.6054	141	557	0.4304
FBgn0037019	FBpp0077936	341	0.4076	54	139	0.3767
FBgn0037018	FBpp0077937	284	0.5458	77	155	0.4143
FBgn0037017	FBpp0428245	316	0.4557	44	144	0.3918
FBgn0045474	FBpp0077939	449	0.1537	20	69	0.2648
FBgn0037015	FBpp0112096	273	0.5531	93	151	0.4034
FBgn0001320	FBpp0311151	434	0.5323	73	231	0.4057
FBgn0037037	FBpp0077942	1058	0.5558	85	588	0.4003
FBgn0037042	FBpp0077944	195	0.5897	34	115	0.4189
FBgn0037044	FBpp0077945	448	0.3795	44	170	0.3789
FBgn0028402	FBpp0077946	486	0.4938	79	240	0.4095
FBgn0026179	FBpp0077947	1325	0.6038	140	800	0.4283
FBgn0053284	FBpp0077949	115	0.8087	46	93	0.4878
FBgn0037050	FBpp0077950	411	0.6423	63	264	0.4346
FBgn0037057	FBpp0077954	446	0.1682	28	75	0.3199
FBgn0037060	FBpp0298376	733	0.8213	128	602	0.4894
FBgn0028427	FBpp0077962	448	0.3862	29	173	0.3760
FBgn0004865	FBpp0077963	862	0.5882	137	507	0.4565
FBgn0037061	FBpp0077965	124	0.2742	20	34	0.3603
FBgn0037059	FBpp0077966	523	0.8088	92	423	0.4753
FBgn0053056	FBpp0077967	343	0.3294	22	113	0.3632
FBgn0053054	FBpp0077972	161	0.3602	35	58	0.3680
FBgn0041100	FBpp0077974	482	0.3838	58	185	0.3760
FBgn0024150	FBpp0303100	1727	0.4453	99	769	0.3757
FBgn0037051	FBpp0077979	646	0.7817	86	505	0.4732
FBgn0020294	FBpp0077980	1049	0.7007	164	735	0.4550
FBgn0053285	FBpp0077981	223	0.7982	55	178	0.4712
FBgn0037045	FBpp0077983	274	0.2956	26	81	0.3495
FBgn0003415	FBpp0111743	2768	0.5318	124	1472	0.4117
FBgn0053286	FBpp0112371	1062	0.5734	115	609	0.4124
FBgn0053287	FBpp0288512	1101	0.6222	124	685	0.4314
FBgn0037040	FBpp0113110	1104	0.6105	125	674	0.4292
FBgn0037039	FBpp0305481	289	0.2699	28	78	0.3180
FBgn0037038	FBpp0077990	292	0.1918	14	56	0.3199
FBgn0037036	FBpp0077991	275	0.2073	26	57	0.3237
FBgn0037068	FBpp0077993	140	0.4643	30	65	0.3625
FBgn0037069	FBpp0077994	119	0.4538	24	54	0.3569
FBgn0037071	FBpp0077995	330	0.4818	41	159	0.3938
FBgn0037073	FBpp0077998	814	0.5737	72	467	0.4348
FBgn0052436	FBpp0077999	1737	0.5060	80	879	0.4089
FBgn0052437	FBpp0078000	650	0.6692	104	435	0.4338
FBgn0052440	FBpp0078001	85	0.8941	65	76	0.4974
FBgn0053288	FBpp0290235	1115	0.6753	240	753	0.4487
FBgn0005694	FBpp0303189	454	0.6652	68	302	0.4481
FBgn0037087	FBpp0078009	160	0.4375	23	70	0.4068
FBgn0037090	FBpp0078010	559	0.3059	23	171	0.3583
FBgn0037092	FBpp0304961	368	0.3886	42	143	0.3270
FBgn0037093	FBpp0078013	1157	0.7545	289	873	0.5006
FBgn0037094	FBpp0078015	630	0.3571	53	225	0.3893
FBgn0053289	FBpp0293869	474	0.3819	37	181	0.3489
FBgn0015283	FBpp0078024	396	0.4621	42	183	0.4117
FBgn0028663	FBpp0078025	89	0.0449	3	4	0.2588
FBgn0053290	FBpp0078026	171	0.7193	50	123	0.4335
FBgn0037101	FBpp0078027	579	0.6408	94	371	0.4329
FBgn0052438	FBpp0290815	1034	0.5977	73	618	0.4354
FBgn0052441	FBpp0289334	227	0.3480	23	79	0.3510
FBgn0037102	FBpp0078032	232	0.7543	53	175	0.4753
FBgn0037099	FBpp0078035	564	0.7979	132	450	0.4888
FBgn0037098	FBpp0312393	2462	0.8387	296	2065	0.5082
FBgn0029152	FBpp0078038	386	0.5544	73	214	0.4188
FBgn0026371	FBpp0078042	769	0.5306	52	408	0.4047
FBgn0015239	FBpp0078045	601	0.4343	44	261	0.3839
FBgn0037086	FBpp0078047	289	0.6332	59	183	0.4037
FBgn0037085	FBpp0078048	382	0.7513	101	287	0.4530
FBgn0014143	FBpp0078049	508	0.4350	61	221	0.3873
FBgn0037082	FBpp0078051	711	0.4838	42	344	0.3951
FBgn0037081	FBpp0078053	556	0.7248	72	403	0.4800
FBgn0002842	FBpp0078055	275	0.6291	58	173	0.4320
FBgn0037078	FBpp0304181	263	0.7985	112	210	0.4795
FBgn0037076	FBpp0078057	367	0.5150	56	189	0.4064
FBgn0037074	FBpp0078058	1291	0.4981	87	643	0.4056
FBgn0003042	FBpp0078059	390	0.9000	179	351	0.5446
FBgn0037070	FBpp0078061	358	0.3855	39	138	0.3838
FBgn0037067	FBpp0078063	127	0.4094	36	52	0.3563
FBgn0037065	FBpp0078065	363	0.3554	61	129	0.3263
FBgn0027945	FBpp0078066	165	0.4545	22	75	0.3793
FBgn0037064	FBpp0078069	596	0.7534	136	449	0.4593
FBgn0037063	FBpp0078071	278	0.4137	25	115	0.3563
FBgn0037106	FBpp0290383	404	0.6832	72	276	0.4487
FBgn0037108	FBpp0078076	475	0.3284	31	156	0.3499
FBgn0037110	FBpp0078077	154	0.2143	23	33	0.3156
FBgn0043783	FBpp0078078	370	0.4216	56	156	0.3743
FBgn0052445	FBpp0078079	367	0.3243	17	119	0.3572
FBgn0052446	FBpp0303150	89	0.6517	44	58	0.4184
FBgn0037115	FBpp0078083	642	0.3879	49	249	0.3651
FBgn0037117	FBpp0078084	830	0.8952	139	743	0.4832
FBgn0037121	FBpp0078086	149	0.2685	18	40	0.3469
FBgn0037125	FBpp0078087	192	0.5469	71	105	0.4050
FBgn0037128	FBpp0078088	257	0.7121	69	183	0.4526
FBgn0037131	FBpp0078089	274	0.6168	83	169	0.4357
FBgn0037133	FBpp0078090	74	0.5811	21	43	0.3698
FBgn0000560	FBpp0078091	373	0.6220	56	232	0.4239
FBgn0022936	FBpp0078093	324	0.4969	54	161	0.4147
FBgn0037134	FBpp0078094	168	0.7202	98	121	0.4427
FBgn0037135	FBpp0078095	638	0.5031	90	321	0.4117
FBgn0037139	FBpp0078098	122	0.0738	6	9	0.3028
FBgn0037138	FBpp0078099	574	0.3693	24	212	0.3745
FBgn0046301	FBpp0078102	454	0.3084	28	140	0.3655
FBgn0052448	FBpp0288686	85	0.5059	22	43	0.3852
FBgn0037130	FBpp0078104	627	0.3892	35	244	0.3785
FBgn0037129	FBpp0078106	269	0.4944	74	133	0.4014
FBgn0037127	FBpp0078107	166	0.5361	26	89	0.3965
FBgn0037126	FBpp0078108	190	0.6421	29	122	0.4143
FBgn0037124	FBpp0078109	171	0.6257	61	107	0.4248
FBgn0037123	FBpp0078110	195	0.7641	116	149	0.4640
FBgn0037122	FBpp0078111	228	0.7193	37	164	0.4452
FBgn0037120	FBpp0078112	522	0.7165	57	374	0.4370
FBgn0052447	FBpp0078115	658	0.4179	78	275	0.3596
FBgn0037116	FBpp0078116	1486	0.4502	73	669	0.3827
FBgn0037114	FBpp0078117	137	0.5620	40	77	0.3940
FBgn0037109	FBpp0078118	1475	0.5675	152	837	0.4203
FBgn0037107	FBpp0290384	467	0.3512	27	164	0.3665
FBgn0037105	FBpp0078120	1012	0.3607	67	365	0.3676
FBgn0037140	FBpp0078124	568	0.2535	48	144	0.3016
FBgn0037142	FBpp0078125	1536	0.4987	101	766	0.3943
FBgn0037144	FBpp0078128	572	0.2780	48	159	0.3216
FBgn0029091	FBpp0306214	1393	0.2771	48	386	0.3155
FBgn0037146	FBpp0078130	776	0.3028	54	235	0.3525
FBgn0000045	FBpp0078131	376	0.3032	25	114	0.3590
FBgn0004514	FBpp0078132	601	0.3827	83	230	0.3516
FBgn0037149	FBpp0078133	194	0.8918	88	173	0.4839
FBgn0000100	FBpp0078134	317	0.3281	25	104	0.3697
FBgn0004414	FBpp0078135	83	0.3133	12	26	0.3169
FBgn0037151	FBpp0078137	128	0.5938	35	76	0.4061
FBgn0037150	FBpp0078138	353	0.4901	31	173	0.3980
FBgn0027532	FBpp0078139	969	0.6594	81	639	0.4540
FBgn0037147	FBpp0113038	533	0.5009	48	267	0.4033
FBgn0037141	FBpp0078142	885	0.6655	89	589	0.4570
FBgn0015075	FBpp0078144	727	0.3783	37	275	0.3732
FBgn0004179	FBpp0078146	249	0.5542	32	138	0.4009
FBgn0025702	FBpp0297551	1018	0.5314	207	541	0.4201
FBgn0027086	FBpp0078150	1229	0.3808	54	468	0.3804
FBgn0052450	FBpp0078153	158	0.4810	68	76	0.3929
FBgn0037162	FBpp0078155	538	0.9071	122	488	0.5282
FBgn0037164	FBpp0078156	341	0.2170	32	74	0.3029
FBgn0037165	FBpp0078157	305	0.2098	17	64	0.2884
FBgn0037166	FBpp0078158	340	0.2500	37	85	0.3115
FBgn0037167	FBpp0078159	305	0.2098	26	64	0.3076
FBgn0037163	FBpp0078160	334	0.3683	56	123	0.3453
FBgn0004449	FBpp0303192	3349	0.5172	119	1732	0.4068
FBgn0011771	FBpp0078162	1126	0.3108	41	350	0.3555
FBgn0037156	FBpp0078163	158	0.6899	39	109	0.4666
FBgn0028500	FBpp0078164	1429	0.3639	75	520	0.3678
FBgn0037169	FBpp0078165	189	0.2646	33	50	0.2718
FBgn0037170	FBpp0078166	516	0.2500	24	129	0.3296
FBgn0037172	FBpp0078167	145	0.8483	68	123	0.4842
FBgn0037174	FBpp0100135	271	0.3875	21	105	0.3641
FBgn0037176	FBpp0288413	213	0.3192	15	68	0.3478
FBgn0037179	FBpp0078171	133	0.8346	111	111	0.6034
FBgn0037180	FBpp0078172	117	0.8462	99	99	0.6055
FBgn0052453	FBpp0078173	120	0.8333	99	100	0.5719
FBgn0037181	FBpp0078174	346	0.5087	53	176	0.3856
FBgn0052452	FBpp0078175	574	0.8746	282	502	0.5430
FBgn0037185	FBpp0078180	362	0.3398	48	123	0.3348
FBgn0260481	FBpp0078181	534	0.3483	38	186	0.3670
FBgn0037188	FBpp0078182	680	0.6191	47	421	0.4379
FBgn0052451	FBpp0304415	1062	0.3861	95	410	0.3595
FBgn0037191	FBpp0078186	205	0.6585	65	135	0.4241
FBgn0010830	FBpp0078187	585	0.6855	94	401	0.4455
FBgn0037186	FBpp0112101	518	0.3340	29	173	0.3626
FBgn0037184	FBpp0078189	372	0.6022	42	224	0.4280
FBgn0037183	FBpp0078190	264	0.4583	39	121	0.3982
FBgn0037182	FBpp0304160	553	0.6528	66	361	0.4327
FBgn0037178	FBpp0078193	117	0.8462	99	99	0.6055
FBgn0037177	FBpp0078194	120	0.8333	99	100	0.5719
FBgn0037175	FBpp0304162	194	0.3969	21	77	0.3637
FBgn0037171	FBpp0423123	156	0.9359	92	146	0.5904
FBgn0037195	FBpp0078198	196	0.4592	37	90	0.3960
FBgn0037197	FBpp0078199	152	0.4408	23	67	0.3582
FBgn0053169	FBpp0078200	58	0.4655	27	27	0.3949
FBgn0037200	FBpp0078203	439	0.2847	25	125	0.3595
FBgn0037202	FBpp0078205	438	0.4247	28	186	0.3817
FBgn0037203	FBpp0078206	604	0.2070	27	125	0.2619
FBgn0037204	FBpp0078209	229	0.6681	46	153	0.4284
FBgn0037205	FBpp0078210	1059	0.4230	96	448	0.3867
FBgn0037206	FBpp0078211	429	0.7133	88	306	0.4611
FBgn0037207	FBpp0078212	437	0.5011	54	219	0.4090
FBgn0052457	FBpp0289846	163	0.7975	93	130	0.4960
FBgn0052461	FBpp0078218	252	0.7619	65	192	0.4557
FBgn0044324	FBpp0078219	926	0.7354	173	681	0.4782
FBgn0010348	FBpp0078222	182	0.2802	12	51	0.3542
FBgn0037199	FBpp0078227	166	0.3012	18	50	0.3369
FBgn0052459	FBpp0078228	355	0.7465	51	265	0.4614
FBgn0052462	FBpp0078229	284	0.4049	20	115	0.3597
FBgn0046878	FBpp0078233	242	0.4628	31	112	0.3798
FBgn0037402	FBpp0078234	129	0.6124	31	79	0.4282
FBgn0037405	FBpp0078236	730	0.7288	108	532	0.4674
FBgn0037406	FBpp0078237	308	0.4903	60	151	0.3601
FBgn0037408	FBpp0300637	489	0.2618	22	128	0.3148
FBgn0037409	FBpp0078240	533	0.5947	42	317	0.4142
FBgn0037410	FBpp0078241	390	0.5385	69	210	0.3927
FBgn0037411	FBpp0078243	288	0.4722	28	136	0.3613
FBgn0037413	FBpp0078244	202	0.4554	29	92	0.3450
FBgn0027527	FBpp0078245	312	0.3013	21	94	0.3258
FBgn0037414	FBpp0078246	288	0.3194	27	92	0.3326
FBgn0037415	FBpp0078247	274	0.4234	30	116	0.3640
FBgn0037416	FBpp0078248	233	0.4077	39	95	0.3495
FBgn0037419	FBpp0078251	295	0.3966	40	117	0.3510
FBgn0037421	FBpp0078253	323	0.6068	97	196	0.4220
FBgn0037422	FBpp0078254	210	0.3571	31	75	0.3212
FBgn0040279	FBpp0078255	268	0.3694	38	99	0.3247
FBgn0037424	FBpp0078256	214	0.3925	56	84	0.3477
FBgn0051561	FBpp0078257	278	0.3777	40	105	0.3244
FBgn0051560	FBpp0078258	279	0.6487	92	181	0.4610
FBgn0037427	FBpp0306604	750	0.5333	84	400	0.4285
FBgn0037428	FBpp0078260	306	0.3170	45	97	0.3313
FBgn0037420	FBpp0291511	149	0.0268	3	4	0.2247
FBgn0037418	FBpp0078263	302	0.3642	32	110	0.3473
FBgn0037412	FBpp0306889	395	0.3089	27	122	0.3271
FBgn0051559	FBpp0078265	454	0.7115	58	323	0.4470
FBgn0046875	FBpp0078266	146	0.4658	16	68	0.3659
FBgn0046876	FBpp0078267	245	0.5959	36	146	0.4108
FBgn0026077	FBpp0078268	258	0.3643	25	94	0.3754
FBgn0037399	FBpp0078269	397	0.1839	23	73	0.2982
FBgn0037398	FBpp0078270	743	0.6151	154	457	0.4476
FBgn0037396	FBpp0078272	336	0.3393	41	114	0.3753
FBgn0037374	FBpp0078273	197	0.1168	10	23	0.2629
FBgn0037375	FBpp0289962	673	0.5795	82	390	0.4400
FBgn0028690	FBpp0078278	502	0.4741	75	238	0.4018
FBgn0037377	FBpp0078279	449	0.4833	136	217	0.4127
FBgn0037379	FBpp0078280	959	0.6809	86	653	0.4677
FBgn0037384	FBpp0078287	319	0.8715	128	278	0.4943
FBgn0037386	FBpp0112109	502	0.2311	37	116	0.2883
FBgn0037387	FBpp0078292	491	0.1914	38	94	0.2791
FBgn0037388	FBpp0078294	244	0.6352	34	155	0.4246
FBgn0028436	FBpp0078296	409	0.5257	58	215	0.4195
FBgn0037395	FBpp0301222	362	0.4337	38	157	0.3836
FBgn0003261	FBpp0078301	719	0.5021	88	361	0.4153
FBgn0010403	FBpp0078304	141	0.1489	8	21	0.3248
FBgn0011281	FBpp0311428	174	0.3161	23	55	0.3677
FBgn0040679	FBpp0078306	59	0.8305	46	49	0.5689
FBgn0037391	FBpp0078310	643	0.3515	42	226	0.3731
FBgn0029088	FBpp0078314	1218	0.3842	79	468	0.3542
FBgn0037383	FBpp0310534	227	0.6388	108	145	0.4164
FBgn0037382	FBpp0078316	701	0.5563	93	390	0.4239
FBgn0037378	FBpp0078317	235	0.2979	21	70	0.3562
FBgn0037376	FBpp0078318	405	0.5309	85	215	0.3983
FBgn0037372	FBpp0078327	374	0.5508	56	206	0.4274
FBgn0037329	FBpp0078330	431	0.5824	87	251	0.4237
FBgn0011715	FBpp0078331	370	0.5216	63	193	0.4238
FBgn0037332	FBpp0311430	1047	0.4508	83	472	0.4019
FBgn0051550	FBpp0307746	835	0.7521	94	628	0.4841
FBgn0010051	FBpp0078336	2837	0.3955	48	1122	0.3695
FBgn0037338	FBpp0078337	763	0.5898	109	450	0.4362
FBgn0037341	FBpp0078338	363	0.3912	68	142	0.3741
FBgn0041191	FBpp0078342	182	0.4176	28	76	0.3892
FBgn0037345	FBpp0078348	198	0.5303	38	105	0.3940
FBgn0037347	FBpp0271885	478	0.3431	34	164	0.3663
FBgn0019637	FBpp0078353	725	0.8952	292	649	0.5600
FBgn0037351	FBpp0078354	205	0.4098	45	84	0.3911
FBgn0051551	FBpp0078355	1393	0.8945	659	1246	0.5656
FBgn0051549	FBpp0078356	257	0.1245	11	32	0.3123
FBgn0037354	FBpp0078357	257	0.1634	14	42	0.3239
FBgn0037356	FBpp0078358	438	0.2694	26	118	0.3374
FBgn0037359	FBpp0078361	293	0.6041	56	177	0.4151
FBgn0046222	FBpp0078362	807	0.5849	110	472	0.4318
FBgn0037363	FBpp0078365	1357	0.6242	85	847	0.4333
FBgn0037368	FBpp0078369	300	0.4900	85	147	0.4261
FBgn0037370	FBpp0078370	347	0.2824	23	98	0.3524
FBgn0027497	FBpp0078371	637	0.5385	52	343	0.4111
FBgn0037371	FBpp0078372	1165	0.4043	73	471	0.3923
FBgn0037369	FBpp0078373	477	0.4654	49	222	0.3869
FBgn0004878	FBpp0078374	793	0.7137	114	566	0.4661
FBgn0037365	FBpp0078375	424	0.3868	73	164	0.3798
FBgn0037364	FBpp0078376	268	0.3843	57	103	0.3916
FBgn0010772	FBpp0078377	783	0.7676	182	601	0.5200
FBgn0037360	FBpp0078379	671	0.6587	82	442	0.4530
FBgn0037358	FBpp0078381	189	0.4709	47	89	0.4035
FBgn0027951	FBpp0303347	922	0.7082	102	653	0.4411
FBgn0051548	FBpp0078385	256	0.2617	16	67	0.3406
FBgn0051546	FBpp0078386	264	0.1667	21	44	0.3157
FBgn0044823	FBpp0078388	85	0.5765	28	49	0.4400
FBgn0037350	FBpp0078389	183	0.5410	50	99	0.4207
FBgn0017550	FBpp0078390	585	0.4889	73	286	0.3941
FBgn0014366	FBpp0078400	503	0.5805	100	292	0.4297
FBgn0037344	FBpp0078401	2296	0.7992	381	1835	0.5245
FBgn0037342	FBpp0078402	302	0.7185	81	217	0.4594
FBgn0037340	FBpp0078403	155	0.3613	13	56	0.3847
FBgn0037339	FBpp0089178	710	0.5634	86	400	0.4284
FBgn0037336	FBpp0078408	1304	0.4862	63	634	0.3776
FBgn0010399	FBpp0078410	997	0.4544	52	453	0.3728
FBgn0051547	FBpp0078411	1068	0.3099	102	331	0.3378
FBgn0015402	FBpp0078413	966	0.6315	144	610	0.4371
FBgn0025825	FBpp0078414	438	0.2740	35	120	0.3515
FBgn0037330	FBpp0078415	321	0.5670	57	182	0.4233
FBgn0037328	FBpp0078416	157	0.7134	45	112	0.4495
FBgn0037327	FBpp0078417	1162	0.6041	72	702	0.4273
FBgn0037295	FBpp0308419	488	0.4918	60	240	0.4011
FBgn0037294	FBpp0078420	333	0.3393	57	113	0.3673
FBgn0037297	FBpp0306928	443	0.5147	52	228	0.4084
FBgn0037299	FBpp0078424	214	0.6963	65	149	0.4635
FBgn0037301	FBpp0078425	959	0.2638	31	253	0.3402
FBgn0037304	FBpp0078426	562	0.8345	149	469	0.5190
FBgn0037310	FBpp0078430	179	0.2011	30	36	0.3027
FBgn0051542	FBpp0078432	199	0.9749	122	194	0.5496
FBgn0003275	FBpp0078433	131	0.3817	17	50	0.3615
FBgn0037325	FBpp0078437	477	0.5765	124	275	0.4542
FBgn0037324	FBpp0078438	486	0.2510	31	122	0.3104
FBgn0037323	FBpp0078439	308	0.4708	47	145	0.3819
FBgn0037322	FBpp0078441	453	0.2119	32	96	0.2981
FBgn0001311	FBpp0078442	1615	0.3926	64	634	0.3477
FBgn0037320	FBpp0078444	270	0.7704	61	208	0.4804
FBgn0037315	FBpp0078446	687	0.5895	72	405	0.4124
FBgn0037312	FBpp0078450	216	0.4907	30	106	0.3884
FBgn0051538	FBpp0078461	563	0.8686	171	489	0.5122
FBgn0037307	FBpp0078462	224	0.3036	29	68	0.3251
FBgn0037305	FBpp0078463	256	0.3008	29	77	0.3472
FBgn0260462	FBpp0078465	614	0.4772	43	293	0.3947
FBgn0053293	FBpp0078466	86	0.2674	19	23	0.3496
FBgn0040208	FBpp0306930	605	0.6017	132	364	0.4424
FBgn0037298	FBpp0078470	430	0.3186	52	137	0.3559
FBgn0037296	FBpp0078473	322	0.4441	46	143	0.3956
FBgn0004913	FBpp0099511	1008	0.6329	117	638	0.4540
FBgn0037290	FBpp0078482	246	0.3618	26	89	0.3467
FBgn0037293	FBpp0078483	515	0.5670	49	292	0.4388
FBgn0040684	FBpp0078484	96	0.4375	28	42	0.3704
FBgn0010313	FBpp0078485	550	0.6291	88	346	0.4743
FBgn0037292	FBpp0290527	193	0.1762	13	34	0.3048
FBgn0037291	FBpp0078487	550	0.4691	59	258	0.3996
FBgn0037288	FBpp0078489	246	0.2317	17	57	0.3339
FBgn0004436	FBpp0078490	151	0.6556	42	99	0.4453
FBgn0020280	FBpp0311429	755	0.8397	243	634	0.4873
FBgn0037262	FBpp0078496	204	0.6618	87	135	0.4501
FBgn0037263	FBpp0290511	297	0.5320	34	158	0.4057
FBgn0022981	FBpp0293856	568	0.4489	43	255	0.3846
FBgn0037265	FBpp0078501	553	0.3960	55	219	0.3775
FBgn0010750	FBpp0078508	538	0.8030	125	432	0.5280
FBgn0037279	FBpp0078510	369	0.2385	21	88	0.3448
FBgn0037280	FBpp0078512	381	0.4278	51	163	0.3878
FBgn0037284	FBpp0078513	97	0.9485	47	92	0.5296
FBgn0037283	FBpp0078514	133	0.7895	51	105	0.5055
FBgn0037282	FBpp0078515	444	0.7072	63	314	0.4623
FBgn0026417	FBpp0078516	278	0.2266	25	63	0.3484
FBgn0037276	FBpp0078520	967	0.8418	148	814	0.4765
FBgn0037275	FBpp0078521	525	0.6400	59	336	0.4409
FBgn0027570	FBpp0293663	774	0.4677	37	362	0.3907
FBgn0037270	FBpp0078532	280	0.3036	14	85	0.3515
FBgn0040466	FBpp0078533	226	0.7257	52	164	0.4607
FBgn0037261	FBpp0078534	421	0.9169	166	386	0.5379
FBgn0052945	FBpp0078536	166	0.8795	67	146	0.4744
FBgn0027930	FBpp0401490	400	0.5250	48	210	0.4164
FBgn0037232	FBpp0271517	763	0.4351	45	332	0.3818
FBgn0040687	FBpp0078548	97	0.4948	27	48	0.3853
FBgn0037235	FBpp0078549	230	0.1957	19	45	0.2807
FBgn0037238	FBpp0307188	633	0.3507	82	222	0.3183
FBgn0037239	FBpp0078553	321	0.3520	27	113	0.3581
FBgn0037240	FBpp0078557	1390	0.5727	69	796	0.4183
FBgn0003882	FBpp0291542	462	0.6861	158	317	0.4618
FBgn0037241	FBpp0078559	409	0.4156	25	170	0.3793
FBgn0037244	FBpp0288661	335	0.3015	25	101	0.3677
FBgn0051528	FBpp0078563	344	0.6163	95	212	0.4346
FBgn0051525	FBpp0078564	316	0.8133	99	257	0.4945
FBgn0037250	FBpp0078565	488	0.5000	106	244	0.4013
FBgn0037252	FBpp0078566	970	0.7619	195	739	0.4856
FBgn0037254	FBpp0289224	1079	0.3957	62	427	0.3817
FBgn0037255	FBpp0078568	701	0.7703	127	540	0.5156
FBgn0037260	FBpp0292869	578	0.7145	237	413	0.5010
FBgn0051523	FBpp0078575	354	0.2684	23	95	0.3208
FBgn0051522	FBpp0307413	392	0.4056	37	159	0.3469
FBgn0037251	FBpp0078583	234	0.3291	23	77	0.3533
FBgn0037249	FBpp0078584	1140	0.7298	389	832	0.4922
FBgn0037248	FBpp0078586	1067	0.7582	113	809	0.4854
FBgn0052944	FBpp0288689	576	0.3368	65	194	0.3589
FBgn0037242	FBpp0078590	382	0.3979	64	152	0.3618
FBgn0037236	FBpp0078593	559	0.4741	51	265	0.4075
FBgn0037231	FBpp0078598	223	0.7578	57	169	0.4832
FBgn0037230	FBpp0078599	592	0.4443	46	263	0.3852
FBgn0037213	FBpp0078601	665	0.5429	77	361	0.4156
FBgn0037215	FBpp0078603	908	0.3315	40	301	0.3639
FBgn0037218	FBpp0078604	1165	0.4858	89	566	0.4062
FBgn0015331	FBpp0078606	619	0.4782	73	296	0.3959
FBgn0010225	FBpp0078607	798	0.4098	45	327	0.3778
FBgn0037224	FBpp0078614	354	0.6525	69	231	0.4395
FBgn0037227	FBpp0078615	251	0.5737	39	144	0.4010
FBgn0041621	FBpp0078616	385	0.2286	24	88	0.3063
FBgn0037228	FBpp0307583	394	0.4619	67	182	0.3854
FBgn0037229	FBpp0112103	340	0.3559	25	121	0.3499
FBgn0037225	FBpp0078621	278	0.7194	43	200	0.4344
FBgn0037220	FBpp0078624	418	0.7416	112	310	0.4393
FBgn0051516	FBpp0078626	248	0.3105	29	77	0.3505
FBgn0037217	FBpp0078627	389	0.6941	43	270	0.4374
FBgn0000500	FBpp0078628	141	0.4255	21	60	0.3726
FBgn0031670	FBpp0078639	198	0.2475	18	49	0.3147
FBgn0000299	FBpp0078640	1779	0.5503	94	979	0.4078
FBgn0260470	FBpp0078643	301	0.5748	102	173	0.4117
FBgn0031676	FBpp0078648	388	0.2191	28	85	0.2930
FBgn0031682	FBpp0078657	361	0.3601	42	130	0.3647
FBgn0031683	FBpp0303018	386	0.7280	48	281	0.4592
FBgn0031684	FBpp0078662	126	0.6032	70	76	0.4029
FBgn0031681	FBpp0110323	630	0.4730	54	298	0.3882
FBgn0028694	FBpp0078664	308	0.3474	48	107	0.3612
FBgn0031678	FBpp0078665	629	0.4483	24	282	0.3857
FBgn0031677	FBpp0078666	93	0.6882	35	64	0.4297
FBgn0022023	FBpp0078667	338	0.5266	45	178	0.4096
FBgn0031675	FBpp0078668	600	0.3550	68	213	0.3692
FBgn0031673	FBpp0078669	342	0.5000	72	171	0.3981
FBgn0016075	FBpp0078672	1940	0.5175	108	1004	0.4086
FBgn0031668	FBpp0078673	151	0.7152	56	108	0.4720
FBgn0053113	FBpp0290753	607	0.4695	46	285	0.3800
FBgn0031693	FBpp0078701	509	0.3713	30	189	0.3689
FBgn0031694	FBpp0289683	511	0.3523	34	180	0.3632
FBgn0031695	FBpp0078703	509	0.3458	29	176	0.3670
FBgn0031696	FBpp0078704	1099	0.6497	235	714	0.4691
FBgn0016076	FBpp0078706	729	0.7462	86	544	0.4748
FBgn0015031	FBpp0078707	77	0.3636	15	28	0.3577
FBgn0031701	FBpp0078708	131	0.4351	22	57	0.3536
FBgn0016920	FBpp0312558	1761	0.3174	58	559	0.3481
FBgn0016660	FBpp0078710	660	0.6591	111	435	0.4617
FBgn0031703	FBpp0078711	593	0.3356	34	199	0.3609
FBgn0031702	FBpp0078712	453	0.2870	49	130	0.2839
FBgn0031700	FBpp0078714	101	0.6634	23	67	0.3970
FBgn0031698	FBpp0303004	2467	0.7783	180	1920	0.5037
FBgn0031697	FBpp0078716	444	0.5788	66	257	0.4256
FBgn0000228	FBpp0302745	1118	0.8533	258	954	0.5032
FBgn0003716	FBpp0078721	575	0.4226	31	243	0.3748
FBgn0031707	FBpp0303001	343	0.3994	39	137	0.3653
FBgn0000318	FBpp0078728	126	0.5873	31	74	0.4099
FBgn0031711	FBpp0078729	437	0.4851	86	212	0.4178
FBgn0051989	FBpp0078730	1267	0.3828	80	485	0.3751
FBgn0051648	FBpp0078731	241	0.4896	39	118	0.3915
FBgn0051915	FBpp0078732	612	0.4232	57	259	0.3800
FBgn0002525	FBpp0078733	622	0.8842	204	550	0.5182
FBgn0031717	FBpp0078734	273	0.2234	21	61	0.3480
FBgn0031719	FBpp0078736	200	0.9050	90	181	0.5085
FBgn0031721	FBpp0078737	238	0.6050	25	144	0.4099
FBgn0004620	FBpp0078739	907	0.5204	68	472	0.3852
FBgn0031724	FBpp0078741	486	0.8086	174	393	0.5172
FBgn0031728	FBpp0078742	576	0.2691	39	155	0.3447
FBgn0031729	FBpp0292075	131	0.4198	38	55	0.3082
FBgn0051646	FBpp0078746	606	0.4967	66	301	0.4070
FBgn0031725	FBpp0309925	450	0.4911	52	221	0.3930
FBgn0031723	FBpp0078748	321	0.8785	86	282	0.5003
FBgn0031722	FBpp0078749	388	0.8995	180	349	0.5188
FBgn0031720	FBpp0078752	241	0.4066	38	98	0.3739
FBgn0031718	FBpp0113003	328	0.6006	47	197	0.4283
FBgn0014189	FBpp0078754	424	0.3892	31	165	0.3840
FBgn0031716	FBpp0078757	483	0.3830	42	185	0.3750
FBgn0031715	FBpp0078758	243	0.4074	22	99	0.3815
FBgn0031713	FBpp0078759	477	0.3145	27	150	0.3472
FBgn0031710	FBpp0078760	662	0.5106	56	338	0.4049
FBgn0031708	FBpp0078761	236	0.6695	64	158	0.4300
FBgn0031730	FBpp0310041	438	0.5342	62	234	0.4072
FBgn0024191	FBpp0078765	839	0.5364	81	450	0.4192
FBgn0031736	FBpp0078766	332	0.7289	92	242	0.4480
FBgn0031735	FBpp0078767	447	0.4094	48	183	0.3775
FBgn0051913	FBpp0078769	215	0.7814	102	168	0.5027
FBgn0031740	FBpp0078770	459	0.8148	228	374	0.5048
FBgn0031741	FBpp0297739	751	0.3475	53	261	0.3722
FBgn0031746	FBpp0309553	122	0.6393	60	78	0.4026
FBgn0043362	FBpp0078775	3489	0.3878	131	1353	0.3700
FBgn0015381	FBpp0078776	691	0.4790	122	331	0.4039
FBgn0001128	FBpp0078777	360	0.2833	43	102	0.3246
FBgn0031752	FBpp0305433	1318	0.6874	136	906	0.4454
FBgn0031753	FBpp0078781	165	0.1212	9	20	0.2756
FBgn0031751	FBpp0078782	85	0.6706	27	57	0.4342
FBgn0031749	FBpp0078784	398	0.5151	172	205	0.3928
FBgn0031747	FBpp0078785	316	0.5981	35	189	0.4048
FBgn0002855	FBpp0078786	264	0.7955	85	210	0.4673
FBgn0002856	FBpp0078787	90	0.4778	21	43	0.3634
FBgn0031745	FBpp0078789	430	0.6140	69	264	0.4284
FBgn0051644	FBpp0309557	90	0.5778	18	52	0.4456
FBgn0031739	FBpp0078791	317	0.5678	35	180	0.4228
FBgn0031738	FBpp0290452	544	0.4430	42	241	0.3820
FBgn0031737	FBpp0078795	249	0.5382	40	134	0.4009
FBgn0031734	FBpp0078796	711	0.2518	35	179	0.3272
FBgn0031733	FBpp0078798	429	0.4382	99	188	0.3721
FBgn0031732	FBpp0078799	493	0.4868	46	240	0.3958
FBgn0031731	FBpp0310045	305	0.4033	29	123	0.3092
FBgn0003980	FBpp0078802	168	0.2321	29	39	0.3310
FBgn0031757	FBpp0078803	335	0.3672	24	123	0.3662
FBgn0031758	FBpp0078804	337	0.3175	29	107	0.3508
FBgn0001942	FBpp0078806	403	0.3226	24	130	0.3707
FBgn0001941	FBpp0078810	321	0.2991	34	96	0.3149
FBgn0031760	FBpp0111937	314	0.2452	35	77	0.2848
FBgn0031763	FBpp0078812	256	0.6211	45	159	0.4204
FBgn0051643	FBpp0078813	899	0.3159	43	284	0.3655
FBgn0031768	FBpp0078814	296	0.6926	58	205	0.4617
FBgn0031769	FBpp0078816	487	0.4066	38	198	0.3916
FBgn0031770	FBpp0078818	545	0.3853	71	210	0.3536
FBgn0031772	FBpp0078819	163	0.9387	75	153	0.5326
FBgn0031774	FBpp0078820	391	0.3862	39	151	0.3800
FBgn0031776	FBpp0078822	126	0.7540	53	95	0.4769
FBgn0051642	FBpp0078830	557	0.5476	43	305	0.4148
FBgn0031784	FBpp0078832	337	0.4985	52	168	0.4035
FBgn0031785	FBpp0078833	1767	0.7482	244	1322	0.4630
FBgn0040950	FBpp0078834	471	0.6794	278	320	0.4540
FBgn0031786	FBpp0078835	135	0.8593	53	116	0.4900
FBgn0051639	FBpp0078838	58	0.0000	0	0	0.2882
FBgn0031782	FBpp0312024	543	0.4162	45	226	0.3812
FBgn0031779	FBpp0078842	445	0.2787	51	124	0.3466
FBgn0031777	FBpp0078844	223	0.5247	43	117	0.4115
FBgn0031775	FBpp0291423	251	0.3984	40	100	0.3693
FBgn0031773	FBpp0078846	656	0.5640	63	370	0.4163
FBgn0031771	FBpp0078847	474	0.3376	35	160	0.3578
FBgn0029161	FBpp0078848	215	0.5209	30	112	0.4111
FBgn0000052	FBpp0078850	1354	0.3796	71	514	0.3697
FBgn0031766	FBpp0078853	228	0.3860	27	88	0.3687
FBgn0025742	FBpp0078854	619	0.4620	50	286	0.3956
FBgn0031764	FBpp0078856	266	0.5752	67	153	0.4289
FBgn0001170	FBpp0078858	418	0.7823	67	327	0.4737
FBgn0001089	FBpp0078861	672	0.3333	27	224	0.3600
FBgn0031759	FBpp0078862	1838	0.6561	228	1206	0.4471
FBgn0000308	FBpp0078864	126	0.2143	20	27	0.3493
FBgn0031756	FBpp0078867	659	0.6874	120	453	0.4568
FBgn0003979	FBpp0078869	141	0.4397	15	62	0.3644
FBgn0040949	FBpp0078871	97	0.5670	48	55	0.4163
FBgn0026755	FBpp0078872	537	0.2775	23	149	0.3391
FBgn0031791	FBpp0078873	216	0.3519	23	76	0.3668
FBgn0260452	FBpp0078877	100	0.1000	3	10	0.2488
FBgn0015623	FBpp0078880	679	0.4507	41	306	0.3870
FBgn0031803	FBpp0312330	504	0.3651	34	184	0.3661
FBgn0031805	FBpp0078883	652	0.4218	50	275	0.3724
FBgn0043854	FBpp0288720	1173	0.7621	164	894	0.4745
FBgn0031808	FBpp0078885	684	0.5424	73	371	0.4081
FBgn0031811	FBpp0078886	329	0.7356	96	242	0.4755
FBgn0031815	FBpp0078889	489	0.2331	45	114	0.3097
FBgn0031820	FBpp0078890	1659	0.8294	422	1376	0.4983
FBgn0027496	FBpp0078891	306	0.3464	31	106	0.3789
FBgn0051638	FBpp0078892	704	0.8239	173	580	0.4851
FBgn0031824	FBpp0078893	419	0.3914	39	164	0.3636
FBgn0031822	FBpp0078894	111	0.3514	36	39	0.3657
FBgn0031818	FBpp0078897	450	0.3956	58	178	0.3461
FBgn0031817	FBpp0078900	323	0.4396	28	142	0.3777
FBgn0031816	FBpp0078901	433	0.5681	61	246	0.4167
FBgn0031814	FBpp0302983	707	0.3960	40	280	0.3758
FBgn0011722	FBpp0078905	2188	0.8451	177	1849	0.4791
FBgn0031804	FBpp0423089	292	0.4966	45	145	0.3934
FBgn0031801	FBpp0078912	424	0.3844	32	163	0.3801
FBgn0031800	FBpp0078913	417	0.3525	40	147	0.3678
FBgn0031799	FBpp0078914	1252	0.6294	82	788	0.4269
FBgn0031792	FBpp0078915	253	0.6443	86	163	0.4467
FBgn0031826	FBpp0078916	363	0.3416	40	124	0.3603
FBgn0051637	FBpp0078917	486	0.5802	33	282	0.4251
FBgn0031830	FBpp0078918	120	0.3500	16	42	0.3710
FBgn0031831	FBpp0078919	154	0.5584	23	86	0.4075
FBgn0031836	FBpp0078921	388	0.5799	118	225	0.4211
FBgn0028467	FBpp0078927	993	0.3847	50	382	0.3752
FBgn0000392	FBpp0288761	1117	0.8111	217	906	0.5070
FBgn0031851	FBpp0078929	488	0.9057	178	442	0.5125
FBgn0046704	FBpp0302975	1214	0.7026	351	853	0.4552
FBgn0031853	FBpp0289333	756	0.6217	111	470	0.4349
FBgn0031855	FBpp0078933	456	0.5175	109	236	0.4197
FBgn0051910	FBpp0078934	262	0.5458	52	143	0.4154
FBgn0031854	FBpp0078935	992	0.6179	102	613	0.4411
FBgn0025777	FBpp0302927	531	0.7119	78	378	0.4561
FBgn0025595	FBpp0089220	455	0.2835	46	129	0.3314
FBgn0031850	FBpp0078941	1060	0.4160	64	441	0.3834
FBgn0031849	FBpp0078944	475	0.8042	81	382	0.4838
FBgn0028703	FBpp0271755	711	0.3263	39	232	0.3129
FBgn0031848	FBpp0078948	235	0.3447	20	81	0.3631
FBgn0000351	FBpp0078949	483	0.4928	85	238	0.3977
FBgn0028990	FBpp0078950	447	0.5101	63	228	0.3978
FBgn0031844	FBpp0078952	451	0.3991	92	180	0.3864
FBgn0051636	FBpp0078953	313	0.4345	40	136	0.3817
FBgn0051633	FBpp0078954	408	0.3799	38	155	0.3702
FBgn0051635	FBpp0303614	1805	0.6632	124	1197	0.4441
FBgn0051634	FBpp0078956	692	0.2197	29	152	0.2941
FBgn0031837	FBpp0111939	376	0.4441	33	167	0.3770
FBgn0031834	FBpp0078959	315	0.3905	32	123	0.3939
FBgn0031832	FBpp0078961	444	0.6554	67	291	0.4498
FBgn0031829	FBpp0428173	434	0.3341	43	145	0.3744
FBgn0031858	FBpp0078965	610	0.7049	110	430	0.4515
FBgn0031860	FBpp0078967	341	0.2522	25	86	0.3435
FBgn0051632	FBpp0078969	746	0.6005	125	448	0.4355
FBgn0017551	FBpp0078970	411	0.7591	104	312	0.4797
FBgn0031866	FBpp0078972	1248	0.5296	105	661	0.4045
FBgn0031868	FBpp0078973	908	0.5683	98	516	0.4381
FBgn0004838	FBpp0078974	421	0.7245	88	305	0.4502
FBgn0020616	FBpp0078977	1127	0.4720	56	532	0.4043
FBgn0031875	FBpp0078978	605	0.4017	52	243	0.3821
FBgn0031877	FBpp0078979	323	0.2353	26	76	0.3346
FBgn0021944	FBpp0078980	390	0.4513	31	176	0.3955
FBgn0031879	FBpp0297915	3589	0.4252	56	1526	0.3820
FBgn0016978	FBpp0078983	448	0.7991	116	358	0.5470
FBgn0031878	FBpp0078986	657	0.7580	57	498	0.4582
FBgn0031876	FBpp0078990	356	0.6994	96	249	0.4554
FBgn0031874	FBpp0078991	611	0.4648	59	284	0.4062
FBgn0031873	FBpp0078992	227	0.6344	29	144	0.4256
FBgn0031872	FBpp0078993	886	0.6321	155	560	0.4548
FBgn0031871	FBpp0078994	315	0.8095	108	255	0.4801
FBgn0031869	FBpp0304605	1901	0.9195	208	1748	0.5274
FBgn0028554	FBpp0078996	258	0.6318	137	163	0.5008
FBgn0026196	FBpp0078997	511	0.4403	117	225	0.4206
FBgn0052829	FBpp0078998	234	0.9145	214	214	0.5355
FBgn0011737	FBpp0078999	609	0.6470	87	394	0.4299
FBgn0042092	FBpp0079000	253	0.4862	81	123	0.4195
FBgn0031865	FBpp0079002	715	0.3594	66	257	0.3255
FBgn0031861	FBpp0290045	268	0.1604	7	43	0.3269
FBgn0042189	FBpp0310555	91	0.6923	43	63	0.4658
FBgn0015776	FBpp0079012	309	0.5858	53	181	0.4121
FBgn0031857	FBpp0303658	2892	0.8358	187	2417	0.4998
FBgn0031856	FBpp0288681	480	0.5896	62	283	0.4180
FBgn0003046	FBpp0079016	184	0.5598	43	103	0.4223
FBgn0031881	FBpp0079017	299	0.2876	24	86	0.3346
FBgn0031885	FBpp0110277	763	0.4443	107	339	0.3950
FBgn0031887	FBpp0288390	502	0.4044	30	203	0.3555
FBgn0031893	FBpp0111941	525	0.5410	66	284	0.4101
FBgn0051909	FBpp0289686	127	0.7165	53	91	0.4663
FBgn0031900	FBpp0305545	620	0.8548	349	530	0.5181
FBgn0031897	FBpp0303232	969	0.5759	89	558	0.4172
FBgn0031896	FBpp0079044	306	0.5261	71	161	0.4372
FBgn0031895	FBpp0079046	506	0.7945	160	402	0.4780
FBgn0031894	FBpp0079047	580	0.7586	127	440	0.4794
FBgn0031888	FBpp0079051	405	0.7827	67	317	0.4670
FBgn0031886	FBpp0079052	395	0.6582	57	260	0.4496
FBgn0051907	FBpp0079053	424	0.7406	177	314	0.4850
FBgn0031882	FBpp0079054	223	0.4126	44	92	0.3741
FBgn0051908	FBpp0079057	392	0.8648	176	339	0.5115
FBgn0031902	FBpp0292343	420	0.6190	67	260	0.4160
FBgn0031903	FBpp0428416	493	0.6126	57	302	0.4382
FBgn0002938	FBpp0079064	1501	0.5443	278	817	0.4284
FBgn0031905	FBpp0079066	669	0.2810	63	188	0.3502
FBgn0031907	FBpp0291743	296	0.3986	42	118	0.3774
FBgn0031908	FBpp0079069	276	0.4457	25	123	0.3932
FBgn0031910	FBpp0079070	283	0.5194	57	147	0.3994
FBgn0028387	FBpp0079071	811	0.7460	258	605	0.4978
FBgn0031914	FBpp0079074	311	0.3730	40	116	0.3698
FBgn0031918	FBpp0079077	219	0.6301	63	138	0.4119
FBgn0031920	FBpp0079079	558	0.7401	169	413	0.4661
FBgn0011283	FBpp0079083	143	0.2378	16	34	0.3212
FBgn0045495	FBpp0089145	470	0.3213	40	151	0.3248
FBgn0041247	FBpp0079087	450	0.1822	40	82	0.2922
FBgn0025697	FBpp0079088	563	0.3854	84	217	0.3618
FBgn0031913	FBpp0079090	294	0.3469	24	102	0.3704
FBgn0031909	FBpp0079091	204	0.3284	32	67	0.3661
FBgn0031906	FBpp0079092	328	0.5823	75	191	0.4243
FBgn0031904	FBpp0079093	448	0.6429	81	288	0.4213
FBgn0083141	FBpp0079094	378	0.2989	24	113	0.3512
FBgn0031925	FBpp0079095	511	0.2798	32	143	0.3586
FBgn0031926	FBpp0079096	787	0.6887	93	542	0.4570
FBgn0040299	FBpp0079097	2122	0.4543	66	964	0.3966
FBgn0041181	FBpp0079101	1469	0.3860	49	567	0.3751
FBgn0031941	FBpp0079104	107	0.3738	35	40	0.3610
FBgn0003961	FBpp0079109	352	0.4915	33	173	0.4080
FBgn0031946	FBpp0079110	281	0.8861	82	249	0.5104
FBgn0031947	FBpp0079111	861	0.6980	61	601	0.4681
FBgn0031951	FBpp0079112	311	0.5434	46	169	0.3920
FBgn0031952	FBpp0079115	1052	0.6578	128	692	0.4618
FBgn0031950	FBpp0079116	465	0.4796	35	223	0.3930
FBgn0031948	FBpp0079119	415	0.1783	33	74	0.2894
FBgn0031942	FBpp0288711	129	0.0388	2	5	0.2220
FBgn0031940	FBpp0079122	142	0.0070	1	1	0.2235
FBgn0014454	FBpp0079123	135	0.0000	0	0	0.2215
FBgn0031939	FBpp0079126	641	0.1669	29	107	0.2709
FBgn0031937	FBpp0289933	594	0.1936	47	115	0.2568
FBgn0031936	FBpp0079130	595	0.2168	44	129	0.2628
FBgn0031935	FBpp0291680	583	0.2058	39	120	0.2694
FBgn0053296	FBpp0291681	585	0.2188	39	128	0.2661
FBgn0041182	FBpp0079133	1420	0.5472	53	777	0.4074
FBgn0031929	FBpp0079139	422	0.4550	35	192	0.3888
FBgn0027515	FBpp0079146	524	0.3855	48	202	0.3682
FBgn0004177	FBpp0079148	309	0.3657	47	113	0.3733
FBgn0031954	FBpp0079149	203	0.0542	6	11	0.2459
FBgn0031968	FBpp0289422	358	0.2793	22	100	0.3495
FBgn0031975	FBpp0079155	776	0.3686	39	286	0.3829
FBgn0031977	FBpp0079157	90	0.3667	17	33	0.3693
FBgn0044323	FBpp0297142	749	0.4166	55	312	0.3775
FBgn0031979	FBpp0079162	176	0.5000	50	88	0.4353
FBgn0031981	FBpp0311116	2892	0.4336	51	1254	0.3815
FBgn0010287	FBpp0079164	224	0.3080	24	69	0.3749
FBgn0013531	FBpp0302978	268	0.3134	20	84	0.3530
FBgn0011230	FBpp0079167	5322	0.3998	80	2128	0.3772
FBgn0031980	FBpp0079168	104	1.0000	104	104	0.5493
FBgn0031976	FBpp0290351	389	0.3907	43	152	0.3680
FBgn0031974	FBpp0289985	278	0.3705	19	103	0.3733
FBgn0031973	FBpp0079171	536	0.3881	47	208	0.3761
FBgn0031972	FBpp0079172	409	0.4719	54	193	0.4008
FBgn0031970	FBpp0079173	518	0.3745	59	194	0.3646
FBgn0031969	FBpp0113042	555	0.3117	37	173	0.3545
FBgn0053121	FBpp0423069	377	0.4881	82	184	0.3930
FBgn0051902	FBpp0110138	384	0.3490	22	134	0.3664
FBgn0031961	FBpp0079181	515	0.2874	43	148	0.3524
FBgn0031959	FBpp0079183	611	0.6858	99	419	0.4834
FBgn0045038	FBpp0079184	140	0.4286	54	60	0.4106
FBgn0031957	FBpp0079185	197	0.8173	66	161	0.4655
FBgn0031955	FBpp0079186	1131	0.5641	69	638	0.4114
FBgn0020618	FBpp0079187	318	0.4245	37	135	0.3903
FBgn0031986	FBpp0079197	420	0.3381	40	142	0.3675
FBgn0031988	FBpp0079198	585	0.5812	76	340	0.4312
FBgn0051606	FBpp0079199	197	0.3959	28	78	0.3810
FBgn0031996	FBpp0079207	402	0.2786	25	112	0.3492
FBgn0031997	FBpp0079209	370	0.3081	38	114	0.3304
FBgn0031999	FBpp0079210	921	0.6515	121	600	0.4383
FBgn0015299	FBpp0079211	110	0.7909	76	87	0.5015
FBgn0032002	FBpp0079214	170	0.2000	23	34	0.3588
FBgn0032003	FBpp0079215	264	0.4394	69	116	0.4067
FBgn0032008	FBpp0079216	169	0.1657	11	28	0.3148
FBgn0032013	FBpp0302967	453	0.5519	95	250	0.4050
FBgn0032014	FBpp0079218	326	0.2945	24	96	0.3318
FBgn0032016	FBpp0079219	397	0.5567	65	221	0.4238
FBgn0032018	FBpp0079220	1487	0.2623	64	390	0.3180
FBgn0032020	FBpp0079221	122	0.5000	33	61	0.4092
FBgn0032022	FBpp0079222	148	0.4122	28	61	0.3447
FBgn0032024	FBpp0079225	252	0.5437	70	137	0.4142
FBgn0032025	FBpp0079226	269	0.6245	99	168	0.4365
FBgn0051901	FBpp0079227	555	0.7784	405	432	0.4987
FBgn0032026	FBpp0079228	1355	0.3469	47	470	0.3441
FBgn0032021	FBpp0079229	147	0.3946	35	58	0.3249
FBgn0032017	FBpp0079232	364	0.7582	51	276	0.4577
FBgn0032015	FBpp0079233	330	0.1848	25	61	0.3080
FBgn0003502	FBpp0079236	786	0.5522	55	434	0.4135
FBgn0032010	FBpp0304636	1603	0.8696	164	1394	0.4783
FBgn0028987	FBpp0079243	375	0.3627	26	136	0.3718
FBgn0032006	FBpp0291358	1577	0.5872	89	926	0.4256
FBgn0032005	FBpp0297300	455	0.6901	74	314	0.4355
FBgn0032004	FBpp0079248	287	0.7735	73	222	0.4558
FBgn0032000	FBpp0079250	196	0.1684	19	33	0.2994
FBgn0003607	FBpp0079251	206	0.8155	138	168	0.5275
FBgn0031998	FBpp0079253	600	0.1517	29	91	0.2663
FBgn0031992	FBpp0079256	90	0.5667	22	51	0.4032
FBgn0031990	FBpp0079257	2016	0.6225	134	1255	0.4329
FBgn0031987	FBpp0079258	292	0.3767	35	110	0.3759
FBgn0031985	FBpp0290447	1684	0.2702	36	455	0.3501
FBgn0032029	FBpp0079265	340	0.3235	38	110	0.3556
FBgn0032030	FBpp0079266	317	0.3312	23	105	0.3776
FBgn0032032	FBpp0079267	255	0.3961	29	101	0.3667
FBgn0032034	FBpp0079268	199	0.6432	57	128	0.4471
FBgn0032036	FBpp0079271	504	0.2421	38	122	0.2889
FBgn0032039	FBpp0079275	353	0.9263	146	327	0.5088
FBgn0032040	FBpp0079276	284	0.3979	39	113	0.3485
FBgn0051898	FBpp0079277	333	0.8589	259	286	0.5141
FBgn0020497	FBpp0079278	1063	0.2794	45	297	0.3597
FBgn0027932	FBpp0079282	837	0.8411	109	704	0.5015
FBgn0051897	FBpp0079288	1005	0.8975	217	902	0.5057
FBgn0053194	FBpp0079291	180	0.3889	26	70	0.3588
FBgn0032047	FBpp0079293	401	0.2519	16	101	0.3683
FBgn0032052	FBpp0079294	426	0.0962	26	41	0.2429
FBgn0032054	FBpp0079295	453	0.3311	31	150	0.3435
FBgn0032055	FBpp0079296	523	0.3059	32	160	0.3461
FBgn0016122	FBpp0079297	630	0.5286	77	333	0.3897
FBgn0028394	FBpp0079298	423	0.8818	112	373	0.4880
FBgn0011259	FBpp0302962	1131	0.6295	116	712	0.4442
FBgn0032053	FBpp0079304	174	0.5920	53	103	0.4299
FBgn0032051	FBpp0079305	662	0.8792	138	582	0.5249
FBgn0032050	FBpp0079306	681	0.7739	157	527	0.4740
FBgn0032048	FBpp0079308	117	0.4017	24	47	0.3586
FBgn0032049	FBpp0079309	372	0.2634	39	98	0.3378
FBgn0026718	FBpp0079310	271	0.3875	45	105	0.3378
FBgn0027490	FBpp0079312	969	0.7100	112	688	0.4645
FBgn0001137	FBpp0079313	295	0.5390	65	159	0.4162
FBgn0032042	FBpp0079315	442	0.6448	79	285	0.4358
FBgn0014417	FBpp0079316	778	0.3856	28	300	0.3653
FBgn0001084	FBpp0079317	416	0.2404	26	100	0.3237
FBgn0040959	FBpp0079318	92	0.6304	38	58	0.3877
FBgn0040958	FBpp0079319	93	0.5376	13	50	0.3488
FBgn0040098	FBpp0079320	236	0.6737	91	159	0.4372
FBgn0015583	FBpp0079321	234	0.5000	37	117	0.4036
FBgn0032033	FBpp0079325	223	0.3004	28	67	0.3419
FBgn0032031	FBpp0079327	381	0.3990	27	152	0.3844
FBgn0001114	FBpp0079331	1026	0.6033	386	619	0.5031
FBgn0032061	FBpp0079333	506	0.4901	42	248	0.3922
FBgn0032065	FBpp0079334	241	0.0705	13	17	0.1713
FBgn0029123	FBpp0303243	761	0.6347	118	483	0.4580
FBgn0052986	FBpp0079336	290	0.2000	52	58	0.2393
FBgn0052987	FBpp0079337	257	0.1634	21	42	0.2206
FBgn0052988	FBpp0079338	255	0.1176	22	30	0.1928
FBgn0052983	FBpp0079339	250	0.0600	11	15	0.2080
FBgn0032072	FBpp0079340	242	0.1405	23	34	0.2565
FBgn0032069	FBpp0079343	1007	0.4866	58	490	0.3976
FBgn0032068	FBpp0079344	982	0.4430	54	435	0.3925
FBgn0032067	FBpp0292117	978	0.4673	79	457	0.3970
FBgn0032066	FBpp0079346	1003	0.4716	49	473	0.3972
FBgn0003209	FBpp0079348	989	0.6026	148	596	0.4419
FBgn0004914	FBpp0079350	732	0.5751	115	421	0.4288
FBgn0032059	FBpp0079352	151	0.5563	19	84	0.4095
FBgn0032058	FBpp0079353	674	0.3501	71	236	0.3729
FBgn0032057	FBpp0079354	625	0.3856	56	241	0.3771
FBgn0032074	FBpp0079355	248	0.1089	26	27	0.2326
FBgn0032075	FBpp0079356	308	0.2987	31	92	0.3075
FBgn0052985	FBpp0423067	644	0.3944	29	254	0.3780
FBgn0052984	FBpp0423068	650	0.4508	25	293	0.3859
FBgn0032082	FBpp0079360	663	0.4887	35	324	0.3886
FBgn0040963	FBpp0079361	146	0.2534	8	37	0.3650
FBgn0032085	FBpp0079362	275	0.2291	37	63	0.2592
FBgn0032086	FBpp0079363	275	0.2182	34	60	0.2638
FBgn0040964	FBpp0079364	222	0.5225	36	116	0.4031
FBgn0015316	FBpp0290879	267	0.1835	34	49	0.3199
FBgn0032087	FBpp0079366	150	0.3667	36	55	0.3557
FBgn0032088	FBpp0079367	150	0.3133	20	47	0.3168
FBgn0032094	FBpp0079368	231	0.2078	39	48	0.3041
FBgn0032095	FBpp0079369	1125	0.4311	68	485	0.3950
FBgn0051609	FBpp0289151	123	0.4553	48	56	0.4026
FBgn0032096	FBpp0079371	377	0.0637	19	24	0.2692
FBgn0052982	FBpp0290262	793	0.7604	140	603	0.4779
FBgn0032100	FBpp0079374	233	0.9528	115	222	0.5379
FBgn0032101	FBpp0303253	218	0.7156	79	156	0.5191
FBgn0051708	FBpp0079378	532	0.4248	66	226	0.3733
FBgn0032090	FBpp0079379	300	0.2633	29	79	0.3207
FBgn0032089	FBpp0079380	290	0.3069	26	89	0.3590
FBgn0013746	FBpp0079381	444	0.5991	52	266	0.4185
FBgn0011705	FBpp0079382	275	0.1782	15	49	0.2443
FBgn0032084	FBpp0079383	318	0.2264	26	72	0.2744
FBgn0032083	FBpp0304516	646	0.4272	53	276	0.3828
FBgn0032080	FBpp0079386	678	0.5841	123	396	0.4189
FBgn0032079	FBpp0111942	554	0.5740	124	318	0.4278
FBgn0032078	FBpp0079388	388	0.4330	31	168	0.3893
FBgn0041092	FBpp0293513	2047	0.6414	127	1313	0.4672
FBgn0032109	FBpp0271694	608	0.5263	74	320	0.4188
FBgn0010314	FBpp0079399	74	0.6216	11	46	0.4161
FBgn0026439	FBpp0428138	523	0.2428	37	127	0.3084
FBgn0032110	FBpp0079403	442	0.7262	118	321	0.4762
FBgn0032111	FBpp0079405	133	0.3609	18	48	0.3670
FBgn0012036	FBpp0079406	520	0.3404	45	177	0.3632
FBgn0032116	FBpp0079407	959	0.4390	69	421	0.3854
FBgn0011232	FBpp0079409	940	0.3979	48	374	0.3794
FBgn0032119	FBpp0079410	368	0.5245	51	193	0.4034
FBgn0032115	FBpp0079412	189	0.9683	148	183	0.5262
FBgn0032105	FBpp0079417	319	0.6708	95	214	0.4585
FBgn0032104	FBpp0079418	216	0.5417	63	117	0.4516
FBgn0002973	FBpp0079420	556	0.6817	78	379	0.4475
FBgn0032123	FBpp0079423	1197	0.4428	58	530	0.3673
FBgn0032122	FBpp0079427	328	0.9024	113	296	0.5149
FBgn0032124	FBpp0079428	292	0.8390	91	245	0.4859
FBgn0032125	FBpp0079429	153	0.4314	26	66	0.3631
FBgn0032126	FBpp0079430	205	0.6976	133	143	0.4779
FBgn0032127	FBpp0271837	426	0.6761	99	288	0.4583
FBgn0032131	FBpp0079434	564	0.2092	18	118	0.3223
FBgn0019809	FBpp0079435	606	0.6007	65	364	0.4293
FBgn0040070	FBpp0079436	106	0.0189	1	2	0.3144
FBgn0032135	FBpp0291409	486	0.6008	100	292	0.4306
FBgn0032136	FBpp0292877	4333	0.4586	91	1987	0.3941
FBgn0053299	FBpp0289450	193	0.3368	33	65	0.3516
FBgn0011207	FBpp0079444	395	0.3063	31	121	0.3657
FBgn0032138	FBpp0079445	627	0.6810	203	427	0.4524
FBgn0051710	FBpp0308606	123	0.9593	103	118	0.5368
FBgn0000273	FBpp0079448	353	0.4108	47	145	0.3875
FBgn0032132	FBpp0113027	580	0.3621	25	210	0.3682
FBgn0014179	FBpp0079451	504	0.6925	52	349	0.4566
FBgn0051709	FBpp0079452	208	0.8462	73	176	0.5113
FBgn0028479	FBpp0079454	783	0.3231	39	253	0.3529
FBgn0032129	FBpp0079456	1054	0.7638	148	805	0.4777
FBgn0004868	FBpp0079458	443	0.3792	17	168	0.3737
FBgn0032139	FBpp0079459	209	0.5933	65	124	0.3903
FBgn0032140	FBpp0079460	110	0.8273	85	91	0.4702
FBgn0032143	FBpp0079463	424	0.4528	39	192	0.3847
FBgn0032144	FBpp0079464	430	0.3349	27	144	0.3531
FBgn0032147	FBpp0079465	441	0.6100	75	269	0.4373
FBgn0032149	FBpp0079466	304	0.5230	67	159	0.4010
FBgn0032169	FBpp0079480	513	0.6667	105	342	0.4564
FBgn0032170	FBpp0079482	526	0.4753	43	250	0.3953
FBgn0032172	FBpp0303021	608	0.2928	94	178	0.3362
FBgn0032171	FBpp0079487	234	0.3504	25	82	0.3335
FBgn0032168	FBpp0079488	463	0.6393	35	296	0.4314
FBgn0032150	FBpp0079507	323	0.5666	41	183	0.4253
FBgn0011291	FBpp0079514	196	0.7704	93	151	0.4585
FBgn0015035	FBpp0079515	526	0.4354	30	229	0.3856
FBgn0028704	FBpp0292911	881	0.4472	77	394	0.3566
FBgn0000180	FBpp0303019	737	0.5767	209	425	0.4363
FBgn0043456	FBpp0292905	603	0.4776	91	288	0.3858
FBgn0011584	FBpp0079522	428	0.6612	79	283	0.4488
FBgn0032176	FBpp0079523	734	0.6281	60	461	0.4327
FBgn0027600	FBpp0079524	337	0.5935	71	200	0.4601
FBgn0053302	FBpp0079526	340	0.3765	106	128	0.3709
FBgn0032178	FBpp0079528	382	0.2775	32	106	0.3577
FBgn0032187	FBpp0079533	1003	0.6171	111	619	0.4392
FBgn0032188	FBpp0290898	440	0.3955	45	174	0.3671
FBgn0005593	FBpp0079536	252	0.6627	77	167	0.4421
FBgn0032194	FBpp0079537	694	0.4107	35	285	0.3816
FBgn0032195	FBpp0079540	431	0.4084	40	176	0.3730
FBgn0032198	FBpp0079542	256	0.5781	39	148	0.4108
FBgn0032196	FBpp0079545	241	0.3817	48	92	0.3873
FBgn0024320	FBpp0079547	1287	0.3240	37	417	0.3276
FBgn0032193	FBpp0079548	183	0.7486	77	137	0.4669
FBgn0032192	FBpp0079549	413	0.2203	22	91	0.3416
FBgn0032191	FBpp0079550	490	0.5204	75	255	0.4156
FBgn0032189	FBpp0079552	197	0.6041	77	119	0.4497
FBgn0028675	FBpp0402894	2223	0.3959	120	880	0.3686
FBgn0051874	FBpp0079554	484	0.2727	19	132	0.3570
FBgn0032184	FBpp0079556	132	0.4848	52	64	0.4383
FBgn0032181	FBpp0079559	217	0.4332	26	94	0.3912
FBgn0032175	FBpp0079561	1317	0.8011	196	1055	0.4902
FBgn0051755	FBpp0292885	1476	0.5705	106	842	0.4273
FBgn0051875	FBpp0079563	161	0.6087	51	98	0.4254
FBgn0004419	FBpp0079565	459	0.3333	35	153	0.3631
FBgn0051717	FBpp0079567	204	0.1176	10	24	0.2435
FBgn0010407	FBpp0079568	685	0.4964	71	340	0.3866
FBgn0032204	FBpp0079574	438	0.4863	27	213	0.3900
FBgn0032205	FBpp0079575	246	0.4959	43	122	0.4049
FBgn0032214	FBpp0079577	262	0.4771	35	125	0.3940
FBgn0032217	FBpp0079578	561	0.3939	45	221	0.3696
FBgn0032219	FBpp0079580	399	0.3308	33	132	0.3323
FBgn0032222	FBpp0079582	391	0.3069	44	120	0.3247
FBgn0032223	FBpp0079583	842	0.7803	136	657	0.4807
FBgn0019932	FBpp0079584	347	0.5447	31	189	0.4033
FBgn0051715	FBpp0079586	121	0.3058	17	37	0.3540
FBgn0032224	FBpp0079588	370	0.4135	48	153	0.3617
FBgn0032225	FBpp0079589	572	0.5175	66	296	0.4018
FBgn0032229	FBpp0079590	253	0.3281	34	83	0.3705
FBgn0003087	FBpp0079591	199	0.8241	54	164	0.4483
FBgn0032230	FBpp0079592	268	0.5560	33	149	0.4134
FBgn0032231	FBpp0079593	287	0.6446	44	185	0.4404
FBgn0032233	FBpp0079594	385	0.4649	37	179	0.3752
FBgn0032234	FBpp0079595	475	0.1326	17	63	0.2708
FBgn0032235	FBpp0079596	491	0.3136	25	154	0.3620
FBgn0032236	FBpp0079597	218	0.6743	70	147	0.4356
FBgn0051716	FBpp0304028	1062	0.7203	269	765	0.4842
FBgn0051718	FBpp0307910	648	0.3302	34	214	0.3427
FBgn0003942	FBpp0079606	156	0.7436	38	116	0.4572
FBgn0025366	FBpp0079607	259	0.7297	87	189	0.4828
FBgn0032243	FBpp0079608	1048	0.7357	108	771	0.4666
FBgn0032244	FBpp0079609	332	0.2861	16	95	0.3512
FBgn0032246	FBpp0079610	408	0.3873	30	158	0.3771
FBgn0032247	FBpp0079614	317	0.3785	47	120	0.3619
FBgn0004915	FBpp0079615	315	0.4381	25	138	0.3803
FBgn0032250	FBpp0079616	319	0.8245	75	263	0.4950
FBgn0027052	FBpp0079617	289	0.6505	53	188	0.4295
FBgn0032251	FBpp0271847	290	0.6517	41	189	0.4458
FBgn0032252	FBpp0079619	880	0.6511	173	573	0.4525
FBgn0027611	FBpp0079620	1080	0.4380	50	473	0.3928
FBgn0032256	FBpp0079622	547	0.5265	97	288	0.4344
FBgn0026431	FBpp0079623	650	0.3323	23	216	0.3586
FBgn0032260	FBpp0079627	291	0.7423	107	216	0.4716
FBgn0032258	FBpp0079628	776	0.4755	39	369	0.3957
FBgn0051719	FBpp0079629	739	0.4831	77	357	0.4133
FBgn0032253	FBpp0079632	950	0.4726	49	449	0.4004
FBgn0032249	FBpp0079633	702	0.4601	56	323	0.3884
FBgn0032248	FBpp0079634	199	0.5930	34	118	0.4139
FBgn0005683	FBpp0079636	582	0.6186	175	360	0.4318
FBgn0032242	FBpp0079637	756	0.5556	77	420	0.4033
FBgn0004106	FBpp0079641	297	0.3232	31	96	0.3632
FBgn0053303	FBpp0079642	458	0.5655	73	259	0.4012
FBgn0027568	FBpp0079643	1248	0.3181	39	397	0.3577
FBgn0032228	FBpp0079644	338	0.3284	67	111	0.3743
FBgn0032221	FBpp0402895	621	0.8084	144	502	0.4937
FBgn0011703	FBpp0079648	812	0.4458	40	362	0.3917
FBgn0032218	FBpp0079649	686	0.9534	193	654	0.5486
FBgn0032216	FBpp0079650	475	0.4463	52	212	0.4053
FBgn0027491	FBpp0079652	472	0.6928	139	327	0.4731
FBgn0032213	FBpp0079653	406	0.4015	51	163	0.3827
FBgn0005322	FBpp0079654	369	0.4228	49	156	0.3778
FBgn0032211	FBpp0079655	549	0.7705	186	423	0.4737
FBgn0032210	FBpp0079659	639	0.5133	60	328	0.4009
FBgn0032209	FBpp0079662	174	0.7471	77	130	0.4731
FBgn0032208	FBpp0079663	2727	0.5402	79	1473	0.4155
FBgn0003751	FBpp0079667	235	0.4043	33	95	0.3873
FBgn0011305	FBpp0079668	200	0.7500	88	150	0.4621
FBgn0032200	FBpp0079675	156	0.4167	50	65	0.3514
FBgn0000229	FBpp0079676	372	0.4409	67	164	0.3821
FBgn0024248	FBpp0079677	968	0.8130	165	787	0.4789
FBgn0032261	FBpp0079680	203	0.7833	47	159	0.4620
FBgn0010398	FBpp0079681	428	0.4416	59	189	0.3876
FBgn0032264	FBpp0304062	448	0.2679	30	120	0.3388
FBgn0032265	FBpp0079683	422	0.1611	15	68	0.3243
FBgn0032266	FBpp0079684	406	0.2562	25	104	0.3344
FBgn0032268	FBpp0079687	185	0.8108	50	150	0.4738
FBgn0051872	FBpp0079688	1073	0.6682	179	717	0.4658
FBgn0043825	FBpp0308275	457	0.3107	58	142	0.3661
FBgn0051871	FBpp0079693	531	0.3352	28	178	0.3619
FBgn0040496	FBpp0079694	449	0.8641	163	388	0.5300
FBgn0032280	FBpp0079695	103	0.0000	0	0	0.1865
FBgn0032281	FBpp0079696	96	0.0312	2	3	0.2209
FBgn0032287	FBpp0079697	405	0.2667	17	108	0.3595
FBgn0032289	FBpp0292601	351	0.3048	30	107	0.3494
FBgn0032290	FBpp0079699	299	0.6789	65	203	0.4624
FBgn0032291	FBpp0079700	281	0.6441	105	181	0.4543
FBgn0032293	FBpp0079701	134	0.6866	38	92	0.4746
FBgn0032295	FBpp0079702	736	0.6223	103	458	0.4527
FBgn0027550	FBpp0079703	675	0.6089	133	411	0.4378
FBgn0015320	FBpp0079704	232	0.6293	56	146	0.4306
FBgn0032297	FBpp0079706	124	0.4435	44	55	0.4215
FBgn0032296	FBpp0079708	944	0.4629	61	437	0.4032
FBgn0032294	FBpp0079709	193	0.0725	8	14	0.2170
FBgn0027868	FBpp0079710	845	0.4426	62	374	0.3957
FBgn0032292	FBpp0079711	247	0.3279	63	81	0.3362
FBgn0024740	FBpp0079712	413	0.3172	26	131	0.3465
FBgn0023496	FBpp0079713	439	0.3212	45	141	0.3785
FBgn0032286	FBpp0079714	886	0.2348	51	208	0.3157
FBgn0032285	FBpp0079716	342	0.0000	0	0	0.1936
FBgn0032284	FBpp0079717	127	0.0000	0	0	0.2419
FBgn0032283	FBpp0079718	161	0.0435	2	7	0.2709
FBgn0032282	FBpp0079719	177	0.2655	25	47	0.3302
FBgn0032271	FBpp0079720	457	0.4179	65	191	0.3792
FBgn0032269	FBpp0079721	409	0.9951	285	407	0.5524
FBgn0032262	FBpp0079724	605	0.4694	51	284	0.3705
FBgn0032299	FBpp0079725	98	0.5816	27	57	0.3875
FBgn0051870	FBpp0079726	79	0.8987	61	71	0.4740
FBgn0032303	FBpp0079728	423	0.2813	34	119	0.3464
FBgn0032304	FBpp0079729	391	0.2685	25	105	0.3387
FBgn0027363	FBpp0079732	689	0.6488	146	447	0.4364
FBgn0032311	FBpp0079733	138	0.2101	19	29	0.3327
FBgn0032318	FBpp0079734	121	0.4050	33	49	0.3534
FBgn0032321	FBpp0079735	351	0.9373	213	329	0.5264
FBgn0032322	FBpp0302980	240	0.8333	171	200	0.4951
FBgn0041781	FBpp0302981	674	0.6884	80	464	0.4641
FBgn0026148	FBpp0079738	378	0.5767	47	218	0.4200
FBgn0026147	FBpp0289629	1071	0.6965	66	746	0.4572
FBgn0040096	FBpp0112229	177	0.2542	18	45	0.3393
FBgn0023415	FBpp0079747	252	0.6865	70	173	0.4470
FBgn0032331	FBpp0111948	499	0.5411	182	270	0.4423
FBgn0040967	FBpp0079749	127	0.9449	62	120	0.5262
FBgn0032330	FBpp0079750	968	0.5961	85	577	0.4490
FBgn0032329	FBpp0079751	341	0.3460	24	118	0.3485
FBgn0015756	FBpp0079752	190	0.5421	24	103	0.4019
FBgn0000146	FBpp0079754	866	0.5600	48	485	0.4061
FBgn0004872	FBpp0079755	843	0.6074	88	512	0.4233
FBgn0010612	FBpp0079756	99	0.1414	5	14	0.3281
FBgn0000018	FBpp0079757	539	0.3785	48	204	0.3698
FBgn0053129	FBpp0079758	677	0.5347	114	362	0.4218
FBgn0032315	FBpp0079764	101	0.3168	26	32	0.3246
FBgn0032314	FBpp0290402	528	0.1534	20	81	0.2576
FBgn0032313	FBpp0079766	251	0.1116	28	28	0.2399
FBgn0032312	FBpp0079767	136	0.4191	28	57	0.3882
FBgn0024227	FBpp0079769	329	0.5076	25	167	0.4117
FBgn0027453	FBpp0079770	276	0.3370	48	93	0.3112
FBgn0069354	FBpp0079773	293	0.2321	36	68	0.3544
FBgn0032305	FBpp0079776	874	0.7529	222	658	0.5114
FBgn0051869	FBpp0079778	777	0.6628	52	515	0.4470
FBgn0032298	FBpp0079780	420	0.4143	28	174	0.3865
FBgn0032335	FBpp0079782	120	0.5750	56	69	0.3992
FBgn0032338	FBpp0310216	705	0.4142	38	292	0.3849
FBgn0032339	FBpp0079785	969	0.4665	54	452	0.3900
FBgn0041246	FBpp0079787	461	0.3536	50	163	0.3495
FBgn0032348	FBpp0079789	1412	0.5907	74	834	0.4291
FBgn0040211	FBpp0079790	439	0.3371	37	148	0.3748
FBgn0032354	FBpp0079791	252	0.4484	23	113	0.3940
FBgn0032358	FBpp0079801	288	0.2639	28	76	0.3396
FBgn0020270	FBpp0079802	620	0.4952	35	307	0.3951
FBgn0040232	FBpp0304511	2189	0.8378	243	1834	0.4789
FBgn0014076	FBpp0079805	116	0.3707	21	43	0.3453
FBgn0032350	FBpp0079809	332	0.1807	15	60	0.3301
FBgn0010197	FBpp0111769	1191	0.3812	93	454	0.3657
FBgn0051867	FBpp0079811	208	0.0962	12	20	0.2701
FBgn0028700	FBpp0079812	356	0.4831	27	172	0.4022
FBgn0032346	FBpp0079813	204	0.4069	32	83	0.3848
FBgn0032345	FBpp0079814	240	0.8000	126	192	0.4791
FBgn0027582	FBpp0079815	1225	0.3535	39	433	0.3511
FBgn0032343	FBpp0079816	636	0.3585	33	228	0.3645
FBgn0032341	FBpp0079817	907	0.6902	151	626	0.4651
FBgn0032337	FBpp0310218	261	0.5019	46	131	0.4049
FBgn0032336	FBpp0079821	122	0.4754	44	58	0.3701
FBgn0000287	FBpp0079822	1267	0.7553	138	957	0.4875
FBgn0003313	FBpp0079824	142	0.4296	39	61	0.3283
FBgn0032362	FBpp0293785	597	0.7102	107	424	0.4637
FBgn0051706	FBpp0079828	351	0.5869	56	206	0.4240
FBgn0028490	FBpp0079829	682	0.4384	105	299	0.3881
FBgn0032366	FBpp0079830	248	0.7298	57	181	0.4511
FBgn0032363	FBpp0079831	1916	0.6446	144	1235	0.4479
FBgn0032360	FBpp0079835	174	0.7241	95	126	0.4441
FBgn0015400	FBpp0079836	894	0.5414	69	484	0.4102
FBgn0032371	FBpp0079837	367	0.9074	261	333	0.5089
FBgn0032372	FBpp0079838	368	0.3940	27	145	0.3788
FBgn0032373	FBpp0079839	814	0.3145	82	256	0.3296
FBgn0032374	FBpp0307447	223	0.8475	87	189	0.4600
FBgn0032375	FBpp0289613	215	0.7256	107	156	0.4772
FBgn0032378	FBpp0079843	406	0.6404	75	260	0.4227
FBgn0020309	FBpp0079845	962	0.6653	127	640	0.4421
FBgn0032377	FBpp0079848	445	0.3326	28	148	0.3679
FBgn0032376	FBpp0079849	326	0.1810	24	59	0.2788
FBgn0032370	FBpp0079850	182	0.6648	65	121	0.4450
FBgn0032368	FBpp0309456	275	0.4436	50	122	0.4009
FBgn0028412	FBpp0079855	359	0.7967	77	286	0.4860
FBgn0051704	FBpp0079857	68	0.3235	9	22	0.3054
FBgn0040968	FBpp0079858	77	0.6494	42	50	0.3880
FBgn0032381	FBpp0079859	584	0.4572	39	267	0.3850
FBgn0032382	FBpp0423050	583	0.4014	53	234	0.3756
FBgn0026392	FBpp0079862	378	0.2011	29	76	0.3103
FBgn0026391	FBpp0079863	379	0.1794	31	68	0.2858
FBgn0026390	FBpp0079864	384	0.0911	10	35	0.2537
FBgn0005664	FBpp0079865	477	0.8113	146	387	0.5490
FBgn0032385	FBpp0079866	118	0.7712	28	91	0.4632
FBgn0032387	FBpp0301834	739	0.4804	47	355	0.3831
FBgn0032390	FBpp0079869	231	0.5931	36	137	0.4166
FBgn0051866	FBpp0079871	308	0.5292	46	163	0.4071
FBgn0051864	FBpp0079872	123	0.5122	39	63	0.4243
FBgn0051865	FBpp0079873	308	0.5292	46	163	0.4044
FBgn0032393	FBpp0079874	462	0.4134	39	191	0.3874
FBgn0014019	FBpp0079875	382	0.1754	32	67	0.2912
FBgn0010497	FBpp0079876	496	0.1835	33	91	0.2650
FBgn0042126	FBpp0288424	540	0.3630	61	196	0.3479
FBgn0032402	FBpp0079878	482	0.4793	50	231	0.3856
FBgn0032404	FBpp0079880	257	0.6109	84	157	0.4288
FBgn0032406	FBpp0079881	270	0.6963	85	188	0.4697
FBgn0027505	FBpp0079885	1341	0.3647	49	489	0.3729
FBgn0032401	FBpp0079889	469	0.5928	57	278	0.4365
FBgn0032400	FBpp0079890	69	0.8406	53	58	0.5237
FBgn0032399	FBpp0079891	571	0.6620	140	378	0.4651
FBgn0032398	FBpp0079892	525	0.5143	42	270	0.4073
FBgn0032397	FBpp0079893	589	0.4261	71	251	0.3856
FBgn0032395	FBpp0079896	1953	0.3968	87	775	0.3783
FBgn0032394	FBpp0079897	245	0.1837	21	45	0.2870
FBgn0042125	FBpp0302819	398	0.7186	83	286	0.4793
FBgn0042127	FBpp0079899	398	0.7236	83	288	0.4794
FBgn0000588	FBpp0079907	425	0.4165	67	177	0.4150
FBgn0032407	FBpp0079908	292	0.5719	57	167	0.4114
FBgn0028707	FBpp0110211	345	0.5681	51	196	0.4006
FBgn0032409	FBpp0079912	724	0.5856	71	424	0.4186
FBgn0027081	FBpp0079914	747	0.5181	120	387	0.4142
FBgn0032414	FBpp0079918	1354	0.6750	207	914	0.4779
FBgn0032416	FBpp0079919	475	0.2653	67	126	0.3057
FBgn0051760	FBpp0304318	1093	0.4995	104	546	0.3881
FBgn0051861	FBpp0292111	162	0.8765	121	142	0.4791
FBgn0051860	FBpp0292109	701	0.5592	134	392	0.4117
FBgn0032419	FBpp0079923	160	0.6875	45	110	0.4444
FBgn0032421	FBpp0079924	151	0.3642	35	55	0.3274
FBgn0000114	FBpp0079926	810	0.5198	67	421	0.4370
FBgn0051759	FBpp0288678	564	0.3759	35	212	0.3710
FBgn0051862	FBpp0079932	182	0.6264	44	114	0.4036
FBgn0032424	FBpp0079936	429	0.4662	137	200	0.4203
FBgn0032422	FBpp0271850	143	0.5245	29	75	0.3500
FBgn0032420	FBpp0079940	154	0.3052	28	47	0.3254
FBgn0032415	FBpp0079942	263	0.2548	30	67	0.2986
FBgn0015797	FBpp0079943	208	0.5288	38	110	0.4222
FBgn0029137	FBpp0423165	613	0.1892	24	116	0.3082
FBgn0032408	FBpp0079946	394	0.8807	181	347	0.4980
FBgn0041195	FBpp0079947	924	0.5087	159	470	0.4052
FBgn0032428	FBpp0079948	395	0.7494	161	296	0.4766
FBgn0032430	FBpp0079949	578	0.5433	95	314	0.4185
FBgn0020443	FBpp0079951	619	0.4491	46	278	0.3902
FBgn0032435	FBpp0079952	814	0.3661	78	298	0.3301
FBgn0032439	FBpp0079958	220	0.6727	59	148	0.4561
FBgn0051858	FBpp0079963	216	0.4398	46	95	0.3784
FBgn0032436	FBpp0079964	355	0.1577	14	56	0.3234
FBgn0032434	FBpp0079965	426	0.3357	50	143	0.3548
FBgn0032433	FBpp0079966	745	0.3262	38	243	0.3364
FBgn0032431	FBpp0079968	192	0.8125	56	156	0.4547
FBgn0032429	FBpp0079969	86	0.7558	54	65	0.4406
FBgn0004394	FBpp0079973	893	0.7256	144	648	0.4729
FBgn0032445	FBpp0079975	211	0.4218	40	89	0.3959
FBgn0032447	FBpp0309442	577	0.4211	41	243	0.3954
FBgn0032451	FBpp0302956	393	0.1934	46	76	0.2711
FBgn0032453	FBpp0079979	257	0.4397	23	113	0.3821
FBgn0015399	FBpp0304518	880	0.5375	96	473	0.3998
FBgn0032457	FBpp0079983	407	0.3980	43	162	0.3761
FBgn0032454	FBpp0079986	950	0.7368	229	700	0.4641
FBgn0032452	FBpp0079987	206	0.6699	37	138	0.4425
FBgn0032450	FBpp0079988	799	0.3930	27	314	0.3831
FBgn0032449	FBpp0079989	432	0.0972	12	42	0.2581
FBgn0032448	FBpp0079990	266	0.9699	128	258	0.5477
FBgn0032446	FBpp0289501	229	0.6419	71	147	0.4438
FBgn0032444	FBpp0079992	533	0.2514	24	134	0.3470
FBgn0032442	FBpp0079993	669	0.5022	66	336	0.3889
FBgn0040509	FBpp0079995	1114	0.2666	56	297	0.3125
FBgn0040510	FBpp0079996	1112	0.2833	57	315	0.3282
FBgn0040506	FBpp0302693	1123	0.2609	44	293	0.3119
FBgn0032462	FBpp0271953	282	0.8511	240	240	0.5364
FBgn0032464	FBpp0080002	743	0.4576	112	340	0.4002
FBgn0021796	FBpp0307598	2471	0.3966	78	980	0.3776
FBgn0032470	FBpp0290580	655	0.2305	22	151	0.3463
FBgn0028965	FBpp0080008	376	0.8883	201	334	0.5038
FBgn0032467	FBpp0080009	1217	0.5045	76	614	0.4095
FBgn0032465	FBpp0080011	264	0.2879	26	76	0.2850
FBgn0032471	FBpp0080012	1263	0.6770	212	855	0.4678
FBgn0028410	FBpp0080013	392	0.2449	22	96	0.3468
FBgn0032473	FBpp0080014	747	0.6573	79	491	0.4488
FBgn0024291	FBpp0080015	823	0.6294	116	518	0.4462
FBgn0032476	FBpp0080016	520	0.7500	71	390	0.4501
FBgn0032477	FBpp0080017	409	0.1002	15	41	0.2490
FBgn0032478	FBpp0080018	344	0.5145	34	177	0.4075
FBgn0032480	FBpp0080019	801	0.2884	47	231	0.3530
FBgn0032482	FBpp0080020	393	0.4377	61	172	0.3833
FBgn0032486	FBpp0080024	392	0.5357	65	210	0.4230
FBgn0032488	FBpp0080025	455	0.7033	141	320	0.4546
FBgn0032490	FBpp0080026	184	0.8804	66	162	0.5693
FBgn0032491	FBpp0271956	192	0.8281	137	159	0.5377
FBgn0032492	FBpp0080028	289	0.4948	35	143	0.3898
FBgn0027586	FBpp0080029	262	0.3435	35	90	0.3459
FBgn0032494	FBpp0080030	250	0.5120	87	128	0.3922
FBgn0032495	FBpp0080031	309	0.3042	31	94	0.3580
FBgn0051851	FBpp0080033	204	0.0637	4	13	0.2919
FBgn0032499	FBpp0080039	696	0.6825	101	475	0.4585
FBgn0051729	FBpp0080040	1256	0.4124	48	518	0.3669
FBgn0032503	FBpp0080042	281	0.2527	29	71	0.2763
FBgn0032505	FBpp0080043	341	0.4809	43	164	0.3974
FBgn0032509	FBpp0080044	216	0.3657	15	79	0.3719
FBgn0051852	FBpp0080045	380	0.6711	59	255	0.4441
FBgn0051855	FBpp0080046	109	0.7339	49	80	0.5224
FBgn0032513	FBpp0080047	425	0.5694	54	242	0.4212
FBgn0025724	FBpp0080048	914	0.3206	33	293	0.3657
FBgn0032514	FBpp0080049	510	0.4765	54	243	0.4027
FBgn0032512	FBpp0080050	695	0.7842	146	545	0.4870
FBgn0032511	FBpp0080051	144	0.6875	38	99	0.4471
FBgn0022069	FBpp0080052	687	0.6725	171	462	0.4715
FBgn0032507	FBpp0080053	355	0.3493	44	124	0.3507
FBgn0032506	FBpp0291253	840	0.4952	60	416	0.4184
FBgn0028406	FBpp0080057	450	0.5689	63	256	0.4295
FBgn0051848	FBpp0292796	212	0.1840	17	39	0.3350
FBgn0051730	FBpp0080059	162	0.2963	29	48	0.3491
FBgn0032493	FBpp0080060	206	0.8544	59	176	0.4951
FBgn0032489	FBpp0080061	166	0.8735	110	145	0.5175
FBgn0032487	FBpp0080062	246	0.3618	36	89	0.3680
FBgn0032485	FBpp0080063	627	0.2935	34	184	0.3439
FBgn0032484	FBpp0080064	649	0.5408	170	351	0.4121
FBgn0032483	FBpp0080065	309	0.4466	50	138	0.4132
FBgn0032481	FBpp0080066	1710	0.6655	93	1138	0.4586
FBgn0032479	FBpp0080067	1257	0.5982	155	752	0.4124
FBgn0051849	FBpp0080068	487	0.4045	37	197	0.3710
FBgn0032475	FBpp0288419	1243	0.4594	63	571	0.3932
FBgn0032474	FBpp0303024	440	0.4455	56	196	0.3740
FBgn0040972	FBpp0298041	96	0.6458	57	62	0.3605
FBgn0032472	FBpp0080074	106	0.6038	41	64	0.3759
FBgn0032517	FBpp0080077	1906	0.5498	80	1048	0.4093
FBgn0032521	FBpp0080078	825	0.8618	159	711	0.5210
FBgn0032522	FBpp0080079	254	0.5591	55	142	0.4164
FBgn0026760	FBpp0080080	795	0.3522	29	280	0.3597
FBgn0028942	FBpp0080085	237	0.7257	96	172	0.4173
FBgn0028941	FBpp0080086	301	0.6478	70	195	0.4230
FBgn0028546	FBpp0080089	283	0.4735	32	134	0.4028
FBgn0028513	FBpp0080090	481	0.1933	26	93	0.2655
FBgn0023407	FBpp0080091	1107	0.6730	113	745	0.4393
FBgn0032530	FBpp0080093	201	0.4577	35	92	0.3776
FBgn0028943	FBpp0080094	107	0.9065	62	97	0.5194
FBgn0032525	FBpp0080095	558	0.2258	26	126	0.3431
FBgn0032524	FBpp0080097	371	0.2992	75	111	0.3254
FBgn0032523	FBpp0080098	199	0.7990	83	159	0.4853
FBgn0003983	FBpp0080099	119	0.1681	14	20	0.3203
FBgn0032520	FBpp0080100	627	0.4928	83	309	0.4041
FBgn0032519	FBpp0080101	192	0.6823	54	131	0.4259
FBgn0032518	FBpp0080102	155	0.7484	62	116	0.4770
FBgn0032516	FBpp0080103	285	0.7333	121	209	0.5018
FBgn0028527	FBpp0080105	514	0.4961	98	255	0.3874
FBgn0028848	FBpp0294018	626	0.2971	28	186	0.3411
FBgn0051813	FBpp0080108	172	0.8605	148	148	0.5325
FBgn0028541	FBpp0080109	630	0.2873	41	181	0.2958
FBgn0024846	FBpp0080111	365	0.3863	30	141	0.3757
FBgn0028539	FBpp0110241	1597	0.3338	45	533	0.3392
FBgn0028931	FBpp0110242	661	0.5083	43	336	0.4009
FBgn0028538	FBpp0080114	1653	0.3714	80	614	0.3723
FBgn0027844	FBpp0080116	270	0.4889	54	132	0.3947
FBgn0028919	FBpp0080117	247	0.7652	70	189	0.4624
FBgn0001965	FBpp0080118	1596	0.5896	132	941	0.4230
FBgn0015271	FBpp0080120	460	0.2957	35	136	0.3612
FBgn0026373	FBpp0080121	275	0.6145	56	169	0.4275
FBgn0028509	FBpp0080123	995	0.5849	123	582	0.4306
FBgn0028534	FBpp0080126	287	0.2997	18	86	0.3428
FBgn0028533	FBpp0080127	297	0.2256	14	67	0.3431
FBgn0028532	FBpp0080128	250	0.2360	26	59	0.3236
FBgn0012037	FBpp0080129	615	0.3984	52	245	0.3794
FBgn0032535	FBpp0080131	611	0.4632	35	283	0.3800
FBgn0025115	FBpp0080132	120	0.7250	65	87	0.4523
FBgn0028544	FBpp0080134	277	0.2671	13	74	0.3231
FBgn0028938	FBpp0080137	373	0.4182	40	156	0.3946
FBgn0019890	FBpp0080138	1177	0.5556	153	654	0.4292
FBgn0028920	FBpp0080140	260	0.1538	9	40	0.3164
FBgn0053306	FBpp0080141	244	0.2172	26	53	0.3427
FBgn0053307	FBpp0080142	170	0.6412	54	109	0.4141
FBgn0001961	FBpp0080146	377	0.3554	42	134	0.3810
FBgn0004406	FBpp0080148	1145	0.5441	121	623	0.4115
FBgn0032533	FBpp0080149	169	0.7988	63	135	0.4852
FBgn0028658	FBpp0080150	394	0.5914	80	233	0.4227
FBgn0028932	FBpp0080152	258	0.9070	111	234	0.5369
FBgn0028847	FBpp0080156	328	0.3323	35	109	0.3634
FBgn0051814	FBpp0080157	672	0.5357	55	360	0.4067
FBgn0027929	FBpp0301775	403	0.5087	53	205	0.3928
FBgn0028936	FBpp0080163	315	0.4730	95	149	0.4086
FBgn0028940	FBpp0080164	505	0.4158	25	210	0.3656
FBgn0028939	FBpp0080166	701	0.4123	46	289	0.3767
FBgn0027348	FBpp0080167	666	0.3829	40	255	0.3619
FBgn0028875	FBpp0423154	837	0.3990	80	334	0.3871
FBgn0051769	FBpp0080176	311	0.6559	81	204	0.4631
FBgn0028526	FBpp0080177	333	0.7808	98	260	0.4641
FBgn0028872	FBpp0292334	564	0.5071	33	286	0.3878
FBgn0001967	FBpp0288682	224	0.4420	28	99	0.3753
FBgn0003255	FBpp0080183	1360	0.4368	106	594	0.3830
FBgn0028430	FBpp0080189	156	0.6923	87	108	0.4723
FBgn0028542	FBpp0080190	448	0.4286	70	192	0.3859
FBgn0028543	FBpp0080191	421	0.4228	54	178	0.4035
FBgn0052971	FBpp0080194	145	0.6345	27	92	0.4228
FBgn0028916	FBpp0080197	948	0.4916	63	466	0.3984
FBgn0028531	FBpp0080198	511	0.6849	68	350	0.4414
FBgn0015791	FBpp0080200	239	0.5732	55	137	0.4156
FBgn0001970	FBpp0080202	632	0.4889	60	309	0.3912
FBgn0028844	FBpp0290061	126	0.8175	102	103	0.5079
FBgn0028871	FBpp0080206	218	0.3945	23	86	0.3653
FBgn0004858	FBpp0309706	553	0.5136	119	284	0.4149
FBgn0020258	FBpp0080210	606	0.4010	39	243	0.3713
FBgn0028530	FBpp0080213	410	0.5390	56	221	0.4243
FBgn0005771	FBpp0080215	537	0.4171	159	224	0.3921
FBgn0028855	FBpp0080224	79	0.3544	10	28	0.3165
FBgn0028913	FBpp0080227	151	0.4172	18	63	0.3849
FBgn0051835	FBpp0080229	349	0.4327	41	151	0.3885
FBgn0028870	FBpp0080232	262	0.7252	67	190	0.4742
FBgn0028838	FBpp0080233	364	0.3516	37	128	0.3764
FBgn0028868	FBpp0080234	384	0.4297	45	165	0.3717
FBgn0028887	FBpp0080237	1801	0.6335	304	1141	0.4555
FBgn0013301	FBpp0080243	144	0.8958	66	129	0.5083
FBgn0013300	FBpp0080244	146	0.9726	83	142	0.5191
FBgn0032554	FBpp0428163	196	0.0612	6	12	0.2274
FBgn0032553	FBpp0292972	272	0.2132	25	58	0.2874
FBgn0028886	FBpp0080247	639	0.2379	42	152	0.2899
FBgn0028866	FBpp0080249	299	0.3980	32	119	0.3808
FBgn0032549	FBpp0290909	299	0.3278	40	98	0.3596
FBgn0028537	FBpp0080253	89	0.3034	9	27	0.3172
FBgn0040228	FBpp0080255	189	0.3175	25	60	0.3415
FBgn0028926	FBpp0080256	183	0.7213	57	132	0.4638
FBgn0260446	FBpp0293273	841	0.3639	60	306	0.3446
FBgn0053310	FBpp0310272	876	0.8094	248	709	0.4945
FBgn0041713	FBpp0080260	438	0.4018	41	176	0.3688
FBgn0004837	FBpp0080261	594	0.5253	91	312	0.4341
FBgn0028879	FBpp0080263	1338	0.5486	80	734	0.4176
FBgn0028878	FBpp0080264	587	0.6985	69	410	0.4397
FBgn0001978	FBpp0080265	1106	0.7098	209	785	0.4689
FBgn0028862	FBpp0080267	882	0.2721	36	240	0.3548
FBgn0028516	FBpp0080274	472	0.2627	30	124	0.3072
FBgn0028888	FBpp0309808	1330	0.4211	61	560	0.3790
FBgn0024183	FBpp0080277	490	0.8776	200	430	0.5501
FBgn0010422	FBpp0080281	313	0.7125	75	223	0.4780
FBgn0000317	FBpp0080282	2167	0.4569	76	990	0.3923
FBgn0001977	FBpp0080284	248	0.4516	31	112	0.4009
FBgn0051832	FBpp0310276	227	0.4714	39	107	0.3854
FBgn0028853	FBpp0080288	292	0.5000	30	146	0.3863
FBgn0011239	FBpp0080290	133	0.0000	0	0	0.1975
FBgn0028852	FBpp0080292	438	0.5890	51	258	0.4230
FBgn0028892	FBpp0080294	484	0.3161	42	153	0.3628
FBgn0003448	FBpp0080298	390	0.7077	83	276	0.4566
FBgn0001983	FBpp0080299	548	0.7938	116	435	0.4643
FBgn0032563	FBpp0080302	196	0.9643	91	189	0.5653
FBgn0041103	FBpp0289298	245	0.5959	43	146	0.4134
FBgn0028850	FBpp0290070	230	0.7217	52	166	0.4686
FBgn0028880	FBpp0290071	146	0.8904	50	130	0.5048
FBgn0028370	FBpp0080311	1021	0.4829	60	493	0.4047
FBgn0028947	FBpp0080312	240	0.4708	28	113	0.3895
FBgn0028945	FBpp0080313	254	0.5157	40	131	0.3931
FBgn0028518	FBpp0080314	550	0.5782	70	318	0.4249
FBgn0028864	FBpp0080315	464	0.4914	63	228	0.3854
FBgn0028517	FBpp0080316	294	0.3197	18	94	0.3557
FBgn0051780	FBpp0080317	464	0.4914	63	228	0.3854
FBgn0051827	FBpp0080318	294	0.3197	18	94	0.3557
FBgn0001986	FBpp0080319	1055	0.4445	76	469	0.3884
FBgn0028507	FBpp0294011	341	0.2815	19	96	0.3467
FBgn0051826	FBpp0303717	268	0.4104	21	110	0.3745
FBgn0041627	FBpp0080322	699	0.3748	27	262	0.3788
FBgn0001990	FBpp0080323	470	0.6149	142	289	0.4507
FBgn0001987	FBpp0080324	956	0.5805	164	555	0.4134
FBgn0001989	FBpp0080329	167	0.6347	52	106	0.4028
FBgn0028863	FBpp0311102	1271	0.4736	110	602	0.3991
FBgn0028946	FBpp0080339	409	0.2005	25	82	0.3059
FBgn0028948	FBpp0080340	253	0.5573	27	141	0.3816
FBgn0028949	FBpp0080341	254	0.5984	36	152	0.4086
FBgn0028944	FBpp0080342	251	0.4064	39	102	0.3731
FBgn0028950	FBpp0080343	261	0.2184	33	57	0.3529
FBgn0028901	FBpp0080344	1931	0.6432	139	1242	0.4328
FBgn0028903	FBpp0080345	405	0.5556	47	225	0.4058
FBgn0028902	FBpp0080346	585	0.7880	78	461	0.4684
FBgn0051735	FBpp0428422	362	0.4696	42	170	0.3995
FBgn0032577	FBpp0080350	102	0.4902	31	50	0.3783
FBgn0028514	FBpp0289839	910	0.6198	70	564	0.4051
FBgn0028857	FBpp0289840	352	0.6193	58	218	0.4318
FBgn0028856	FBpp0289341	372	0.5430	39	202	0.4066
FBgn0028858	FBpp0080358	182	0.7418	32	135	0.4333
FBgn0028644	FBpp0080359	534	0.4813	54	257	0.3940
FBgn0045827	FBpp0080360	80	0.5625	20	45	0.3986
FBgn0000182	FBpp0080362	905	0.4939	73	447	0.4087
FBgn0013433	FBpp0310300	437	0.4760	47	208	0.4031
FBgn0051820	FBpp0080365	62	0.2258	8	14	0.2969
FBgn0028645	FBpp0080366	327	0.3517	49	115	0.3616
FBgn0051821	FBpp0080367	427	0.3396	26	145	0.3575
FBgn0051823	FBpp0080368	427	0.2436	18	104	0.3363
FBgn0041183	FBpp0080369	1354	0.4675	41	633	0.3910
FBgn0028935	FBpp0423085	710	0.3803	42	270	0.3703
FBgn0028900	FBpp0080372	332	0.9307	201	309	0.5614
FBgn0028520	FBpp0080373	302	0.2815	23	85	0.3334
FBgn0028884	FBpp0428203	238	0.8487	90	202	0.5158
FBgn0028893	FBpp0080379	497	0.4306	84	214	0.3956
FBgn0028515	FBpp0080382	359	0.4178	25	150	0.3966
FBgn0028897	FBpp0080383	308	0.2045	16	63	0.3478
FBgn0040079	FBpp0080384	622	0.5000	78	311	0.4084
FBgn0028896	FBpp0080385	162	0.5926	58	96	0.4525
FBgn0001992	FBpp0080386	503	0.2724	46	137	0.3399
FBgn0028895	FBpp0080387	413	0.4746	60	196	0.4074
FBgn0028525	FBpp0080388	570	0.6491	96	370	0.4385
FBgn0011708	FBpp0080389	467	0.5996	45	280	0.4276
FBgn0001086	FBpp0080391	526	0.4620	74	243	0.4132
FBgn0014092	FBpp0080392	292	0.4589	30	134	0.3805
FBgn0040984	FBpp0080393	79	0.3797	26	30	0.3291
FBgn0028506	FBpp0080394	126	0.4683	30	59	0.3596
FBgn0025678	FBpp0080395	433	0.3048	28	132	0.3516
FBgn0000307	FBpp0080396	1711	0.8627	227	1476	0.5138
FBgn0028899	FBpp0300163	2353	0.9261	332	2179	0.5517
FBgn0001995	FBpp0080401	296	0.3851	37	114	0.3730
FBgn0000250	FBpp0080402	500	0.5780	131	289	0.4256
FBgn0000339	FBpp0080405	144	0.2014	10	29	0.2406
FBgn0015338	FBpp0080407	227	0.0000	0	0	0.2240
FBgn0028894	FBpp0080408	138	0.5580	29	77	0.4083
FBgn0028375	FBpp0080409	359	0.1866	26	67	0.2770
FBgn0032582	FBpp0294015	212	0.2689	16	57	0.3530
FBgn0001994	FBpp0080411	631	0.6323	54	399	0.4333
FBgn0002673	FBpp0080412	426	0.7019	70	299	0.4567
FBgn0024734	FBpp0080414	176	0.5625	32	99	0.3965
FBgn0020416	FBpp0080417	439	0.2916	28	128	0.3460
FBgn0020415	FBpp0080418	440	0.3136	26	138	0.3548
FBgn0020414	FBpp0080419	441	0.4512	31	199	0.3810
FBgn0032585	FBpp0080422	619	0.4475	51	277	0.3853
FBgn0032586	FBpp0080423	508	0.5531	43	281	0.4090
FBgn0051816	FBpp0080425	97	0.8041	41	78	0.4810
FBgn0051815	FBpp0080427	443	0.6953	99	308	0.4781
FBgn0032590	FBpp0080428	796	0.7990	329	636	0.4848
FBgn0032588	FBpp0080429	159	0.6918	84	110	0.4939
FBgn0032587	FBpp0080430	701	0.5492	112	385	0.4146
FBgn0028523	FBpp0080437	455	0.4220	50	192	0.3900
FBgn0001185	FBpp0080440	487	0.7906	125	385	0.4736
FBgn0051812	FBpp0288501	233	0.5837	42	136	0.4120
FBgn0032597	FBpp0080448	311	0.3794	47	118	0.3621
FBgn0032598	FBpp0080449	577	0.4211	51	243	0.3795
FBgn0032600	FBpp0302977	622	0.4711	60	293	0.3956
FBgn0032601	FBpp0080451	453	0.3532	30	160	0.3535
FBgn0032603	FBpp0080465	441	0.4014	70	177	0.3557
FBgn0040262	FBpp0080466	523	0.3384	26	177	0.3437
FBgn0040261	FBpp0080467	539	0.3970	34	214	0.3560
FBgn0040260	FBpp0080468	543	0.3628	32	197	0.3599
FBgn0004797	FBpp0080472	565	0.3752	131	212	0.3565
FBgn0051739	FBpp0428165	1139	0.6058	104	690	0.4275
FBgn0032615	FBpp0080477	308	0.3149	21	97	0.3613
FBgn0051809	FBpp0112326	316	0.2880	15	91	0.3548
FBgn0051810	FBpp0080479	324	0.2901	18	94	0.3516
FBgn0032614	FBpp0080481	339	0.2183	19	74	0.3342
FBgn0032613	FBpp0080482	652	0.5215	35	340	0.4041
FBgn0032612	FBpp0080483	484	0.4545	69	220	0.4050
FBgn0022213	FBpp0080484	975	0.2923	26	285	0.3574
FBgn0032609	FBpp0080485	473	0.4482	31	212	0.3810
FBgn0032602	FBpp0080487	431	0.5104	39	220	0.3945
FBgn0015391	FBpp0080489	1409	0.7374	344	1039	0.4728
FBgn0032596	FBpp0080490	201	0.3134	21	63	0.3467
FBgn0032595	FBpp0080491	118	0.8729	45	103	0.4726
FBgn0027779	FBpp0080495	542	0.4041	66	219	0.3746
FBgn0062978	FBpp0292500	56	0.6786	38	38	0.5107
FBgn0051807	FBpp0080497	155	0.5871	89	91	0.4462
FBgn0032593	FBpp0307143	1188	0.4958	84	589	0.3930
FBgn0032618	FBpp0080500	329	0.4711	46	155	0.3789
FBgn0053179	FBpp0303008	404	0.3738	56	151	0.3875
FBgn0051806	FBpp0080505	151	0.6954	33	105	0.4467
FBgn0032625	FBpp0080507	190	0.7579	43	144	0.4505
FBgn0032624	FBpp0080508	422	0.9076	161	383	0.5205
FBgn0026150	FBpp0080509	613	0.4356	27	267	0.3775
FBgn0032620	FBpp0080510	435	0.8000	163	348	0.5146
FBgn0051805	FBpp0293471	641	0.8783	284	563	0.5209
FBgn0040985	FBpp0080512	85	0.6824	25	58	0.4414
FBgn0052832	FBpp0080513	140	0.3143	20	44	0.3485
FBgn0045487	FBpp0080515	391	0.1458	18	57	0.2754
FBgn0045486	FBpp0080516	391	0.1228	10	48	0.2738
FBgn0045485	FBpp0080517	390	0.1103	8	43	0.2746
FBgn0046888	FBpp0080518	410	0.2756	25	113	0.3269
FBgn0051804	FBpp0080520	212	0.9009	101	191	0.5140
FBgn0032633	FBpp0080522	1135	0.6872	88	780	0.4433
FBgn0032632	FBpp0080523	293	0.7986	143	234	0.4970
FBgn0032629	FBpp0080524	383	0.5117	43	196	0.3919
FBgn0051784	FBpp0291661	763	0.8008	131	611	0.4768
FBgn0020503	FBpp0428168	1795	0.8552	187	1535	0.5068
FBgn0032635	FBpp0080532	404	0.6485	65	262	0.4319
FBgn0032636	FBpp0080533	499	0.7856	144	392	0.4791
FBgn0032637	FBpp0080534	327	0.7217	108	236	0.4569
FBgn0032640	FBpp0080535	331	0.5498	43	182	0.4274
FBgn0032642	FBpp0080536	124	0.1452	5	18	0.3354
FBgn0032644	FBpp0080537	283	0.3958	66	112	0.3944
FBgn0013810	FBpp0428170	4065	0.3493	44	1420	0.3713
FBgn0032651	FBpp0080539	232	0.4655	38	108	0.4146
FBgn0032654	FBpp0080541	146	0.7329	36	107	0.4619
FBgn0032652	FBpp0080542	137	0.2993	13	41	0.3349
FBgn0032650	FBpp0080543	390	0.4923	65	192	0.4122
FBgn0032649	FBpp0080544	876	0.7169	77	628	0.4611
FBgn0032648	FBpp0292669	1038	0.7852	145	815	0.4805
FBgn0032647	FBpp0080546	1152	0.7578	86	873	0.4797
FBgn0032646	FBpp0080547	318	0.3208	23	102	0.3657
FBgn0032645	FBpp0080548	206	0.5631	33	116	0.4086
FBgn0003187	FBpp0297295	892	0.5235	59	467	0.4018
FBgn0032643	FBpp0080551	548	0.6697	128	367	0.4593
FBgn0024689	FBpp0080552	751	0.5153	73	387	0.4040
FBgn0000183	FBpp0303259	802	0.7968	150	639	0.4726
FBgn0032639	FBpp0290124	379	0.4090	56	155	0.3752
FBgn0032638	FBpp0080557	494	0.5587	159	276	0.4125
FBgn0011274	FBpp0290792	987	0.7376	185	728	0.4633
FBgn0051803	FBpp0080563	281	0.1957	21	55	0.3328
FBgn0032634	FBpp0080564	117	0.5385	19	63	0.4024
FBgn0032656	FBpp0080574	489	0.8364	173	409	0.5531
FBgn0032658	FBpp0080577	535	0.7514	67	402	0.4712
FBgn0051742	FBpp0080578	279	0.3369	25	94	0.3466
FBgn0040989	FBpp0080579	72	0.5972	41	43	0.4858
FBgn0051740	FBpp0080581	61	0.0000	0	0	0.2172
FBgn0000120	FBpp0080583	364	0.4973	27	181	0.3829
FBgn0002939	FBpp0080584	513	0.4191	41	215	0.3588
FBgn0051741	FBpp0080585	491	0.4460	47	219	0.3716
FBgn0032664	FBpp0080586	450	0.3867	44	174	0.3691
FBgn0032665	FBpp0080587	112	0.4554	49	51	0.3183
FBgn0041184	FBpp0302960	737	0.6581	67	485	0.4472
FBgn0051785	FBpp0289302	380	0.1842	15	70	0.2932
FBgn0032663	FBpp0080598	364	0.4176	39	152	0.3778
FBgn0032660	FBpp0291240	229	0.8079	180	185	0.5075
FBgn0023096	FBpp0271926	4236	0.4632	103	1962	0.3944
FBgn0032669	FBpp0080601	258	0.3450	13	89	0.3603
FBgn0032670	FBpp0080602	287	0.2753	25	79	0.3598
FBgn0032677	FBpp0080603	665	0.5850	58	389	0.4121
FBgn0000636	FBpp0111717	577	0.6863	151	396	0.4354
FBgn0011559	FBpp0080607	912	0.8980	478	819	0.5622
FBgn0051787	FBpp0080608	232	0.5000	35	116	0.3731
FBgn0051788	FBpp0080609	59	0.2373	11	14	0.3554
FBgn0051802	FBpp0080611	186	0.5108	26	95	0.4138
FBgn0032671	FBpp0080615	425	0.4612	30	196	0.3952
FBgn0032680	FBpp0080616	130	0.3385	18	44	0.3517
FBgn0032682	FBpp0289898	241	0.3900	44	94	0.3641
FBgn0032684	FBpp0080618	530	0.3113	33	165	0.3466
FBgn0032685	FBpp0080619	1394	0.4957	44	691	0.4000
FBgn0032688	FBpp0310376	834	0.7374	128	615	0.4543
FBgn0051789	FBpp0080621	117	0.4701	22	55	0.3615
FBgn0032690	FBpp0080622	822	0.6496	88	534	0.4731
FBgn0032694	FBpp0303006	299	0.6522	64	195	0.4372
FBgn0032693	FBpp0080627	492	0.4736	27	233	0.3830
FBgn0032692	FBpp0080628	416	0.5216	48	217	0.4011
FBgn0032691	FBpp0080629	774	0.5556	110	430	0.4209
FBgn0032689	FBpp0080630	941	0.2944	38	277	0.3208
FBgn0003270	FBpp0080631	198	0.7778	92	154	0.4771
FBgn0032683	FBpp0289570	2381	0.4267	52	1016	0.3823
FBgn0032681	FBpp0289899	746	0.7989	90	596	0.5053
FBgn0032698	FBpp0080645	307	0.7655	53	235	0.4601
FBgn0032700	FBpp0080646	417	0.2302	28	96	0.3285
FBgn0032701	FBpp0080647	564	0.6986	84	394	0.4732
FBgn0032703	FBpp0080648	214	0.6168	39	132	0.4557
FBgn0032705	FBpp0080649	646	0.6300	70	407	0.4381
FBgn0032709	FBpp0080651	116	0.3017	26	35	0.3679
FBgn0040993	FBpp0080652	77	0.8701	44	67	0.4792
FBgn0027074	FBpp0290042	525	0.2210	27	116	0.3360
FBgn0032713	FBpp0080654	519	0.1715	23	89	0.3181
FBgn0027070	FBpp0080657	517	0.3211	25	166	0.3452
FBgn0015808	FBpp0080659	544	0.2794	49	152	0.3577
FBgn0032719	FBpp0080660	373	0.4665	99	174	0.3760
FBgn0003896	FBpp0080661	534	0.5393	104	288	0.4258
FBgn0053120	FBpp0080663	689	0.4354	48	300	0.3715
FBgn0051752	FBpp0303620	410	0.7585	88	311	0.4999
FBgn0032717	FBpp0271736	1406	0.7418	183	1043	0.5186
FBgn0032715	FBpp0080666	407	0.2973	49	121	0.3550
FBgn0040992	FBpp0080667	73	1.0000	73	73	0.5530
FBgn0045852	FBpp0428166	1108	0.6841	172	758	0.4524
FBgn0032707	FBpp0309811	540	0.7796	162	421	0.4940
FBgn0032706	FBpp0309813	446	0.5224	69	233	0.3951
FBgn0025608	FBpp0080670	464	0.5151	94	239	0.4063
FBgn0032704	FBpp0428492	207	0.2512	19	52	0.3052
FBgn0032702	FBpp0080672	428	0.4766	42	204	0.3889
FBgn0005617	FBpp0080674	1039	0.8258	249	858	0.5041
FBgn0015553	FBpp0080675	732	0.6257	223	458	0.4585
FBgn0032724	FBpp0080676	585	0.4701	91	275	0.3885
FBgn0032728	FBpp0080677	921	0.2801	40	258	0.3520
FBgn0032730	FBpp0080678	762	0.6719	89	512	0.4456
FBgn0032732	FBpp0080679	109	0.4587	19	50	0.3333
FBgn0032734	FBpp0080680	345	0.8000	211	276	0.4808
FBgn0051792	FBpp0302854	1323	0.3212	74	425	0.3427
FBgn0051793	FBpp0080682	1307	0.3374	68	441	0.3422
FBgn0028569	FBpp0080683	115	0.4174	24	48	0.3854
FBgn0032740	FBpp0080684	115	0.7217	49	83	0.4495
FBgn0032741	FBpp0080685	507	0.7022	53	356	0.4462
FBgn0002022	FBpp0080687	449	0.2428	48	109	0.3080
FBgn0032746	FBpp0080690	183	0.3607	57	66	0.3705
FBgn0032748	FBpp0080692	810	0.7296	137	591	0.4700
FBgn0032749	FBpp0080693	954	0.5566	63	531	0.4127
FBgn0032750	FBpp0080694	396	0.4318	25	171	0.3767
FBgn0032751	FBpp0080695	84	0.8095	50	68	0.5448
FBgn0032755	FBpp0080696	154	0.6234	54	96	0.4386
FBgn0000075	FBpp0080697	510	0.2765	26	141	0.3405
FBgn0002036	FBpp0080699	504	0.4405	28	222	0.3810
FBgn0010300	FBpp0307610	1061	0.5825	77	618	0.4184
FBgn0002031	FBpp0080707	276	0.3043	14	84	0.3476
FBgn0000422	FBpp0080710	510	0.3137	37	160	0.3469
FBgn0002023	FBpp0302972	555	0.6793	96	377	0.4706
FBgn0032754	FBpp0080714	539	0.2597	22	140	0.3433
FBgn0032753	FBpp0080715	385	0.3091	23	119	0.3419
FBgn0032752	FBpp0080716	946	0.5307	84	502	0.3955
FBgn0002021	FBpp0080719	515	0.3379	75	174	0.3683
FBgn0032744	FBpp0080720	369	0.4390	38	162	0.3890
FBgn0051800	FBpp0080721	182	0.7582	54	138	0.4326
FBgn0001202	FBpp0080722	679	0.7290	116	495	0.4463
FBgn0046302	FBpp0080725	425	0.4965	38	211	0.3847
FBgn0032733	FBpp0080726	561	0.5704	45	320	0.3949
FBgn0032731	FBpp0080727	217	0.6590	55	143	0.4868
FBgn0032729	FBpp0080728	455	0.3011	23	137	0.3531
FBgn0015772	FBpp0080729	1488	0.6687	107	995	0.4412
FBgn0032727	FBpp0080731	331	0.2810	21	93	0.3529
FBgn0032726	FBpp0080732	331	0.1631	11	54	0.3262
FBgn0032725	FBpp0080733	84	0.5119	41	43	0.4022
FBgn0032723	FBpp0080734	1732	0.7413	322	1284	0.4800
FBgn0010309	FBpp0080735	915	0.4000	65	366	0.3763
FBgn0015380	FBpp0303242	645	0.3953	40	255	0.3762
FBgn0032769	FBpp0080737	331	0.5347	28	177	0.4029
FBgn0032770	FBpp0080738	182	0.5824	24	106	0.4099
FBgn0032771	FBpp0080739	266	0.4173	30	111	0.3772
FBgn0032772	FBpp0080740	317	0.7382	82	234	0.4728
FBgn0051798	FBpp0080741	491	0.3055	47	150	0.3707
FBgn0016675	FBpp0080742	186	0.5753	37	107	0.4122
FBgn0032780	FBpp0080744	240	0.2208	13	53	0.3332
FBgn0032779	FBpp0080745	596	0.3859	59	230	0.3726
FBgn0032781	FBpp0080746	506	0.3577	23	181	0.3544
FBgn0032782	FBpp0080747	256	0.3867	22	99	0.3724
FBgn0032783	FBpp0080749	324	0.4321	36	140	0.3880
FBgn0032775	FBpp0080757	693	0.3550	48	246	0.3592
FBgn0032774	FBpp0080762	287	0.4948	54	142	0.3980
FBgn0032773	FBpp0080763	577	0.4766	49	275	0.3941
FBgn0024245	FBpp0080765	584	0.3682	34	215	0.3572
FBgn0032768	FBpp0080766	335	0.6537	75	219	0.4279
FBgn0051797	FBpp0080768	868	0.8733	482	758	0.5760
FBgn0010097	FBpp0080769	457	0.4617	23	211	0.3895
FBgn0003346	FBpp0080775	596	0.4815	154	287	0.3930
FBgn0032785	FBpp0080778	299	0.4615	77	138	0.3954
FBgn0000964	FBpp0302925	555	0.6667	75	370	0.4380
FBgn0032788	FBpp0080781	454	0.7004	199	318	0.4536
FBgn0032791	FBpp0080784	360	0.4000	30	144	0.3844
FBgn0002044	FBpp0303743	1063	0.6341	123	674	0.4626
FBgn0040268	FBpp0080787	1250	0.5592	112	699	0.4306
FBgn0032798	FBpp0080788	1361	0.3931	52	535	0.3795
FBgn0032800	FBpp0080789	941	0.5728	134	539	0.4259
FBgn0053116	FBpp0080790	427	0.1780	41	76	0.3185
FBgn0051697	FBpp0080791	147	0.8707	37	128	0.4668
FBgn0032803	FBpp0080792	377	0.7003	50	264	0.4521
FBgn0032804	FBpp0080793	177	0.5706	60	101	0.4125
FBgn0041180	FBpp0303747	1498	0.5327	56	798	0.4072
FBgn0032809	FBpp0080797	222	0.0721	15	16	0.2304
FBgn0032810	FBpp0080798	269	0.3792	63	102	0.3326
FBgn0027949	FBpp0080799	381	0.8504	110	324	0.5034
FBgn0032814	FBpp0080800	578	0.7388	119	427	0.4626
FBgn0000464	FBpp0303681	2032	0.5782	80	1175	0.4142
FBgn0005590	FBpp0080802	400	0.5725	62	229	0.4148
FBgn0032813	FBpp0080803	255	0.2745	24	70	0.3612
FBgn0032811	FBpp0080807	189	0.4762	47	90	0.3950
FBgn0032805	FBpp0080814	239	0.1255	19	30	0.2507
FBgn0032801	FBpp0080815	228	0.1667	17	38	0.2847
FBgn0032799	FBpp0080817	241	0.1535	12	37	0.3242
FBgn0032797	FBpp0291317	1677	0.5134	81	861	0.4091
FBgn0032796	FBpp0302998	1319	0.6983	93	921	0.4470
FBgn0032793	FBpp0080822	405	0.4222	39	171	0.3658
FBgn0032790	FBpp0080823	351	0.6382	47	224	0.4228
FBgn0032787	FBpp0304597	361	0.3712	27	134	0.3707
FBgn0024230	FBpp0080826	349	0.4212	39	147	0.3792
FBgn0032816	FBpp0080827	156	0.6474	35	101	0.4290
FBgn0032819	FBpp0080828	604	0.4983	106	301	0.4291
FBgn0032822	FBpp0080829	154	0.5325	47	82	0.4159
FBgn0032833	FBpp0080835	182	0.4066	35	74	0.3605
FBgn0032835	FBpp0080837	311	0.7685	102	239	0.5095
FBgn0032836	FBpp0080838	251	0.8127	156	204	0.4674
FBgn0014000	FBpp0080841	214	0.4533	26	97	0.3784
FBgn0042129	FBpp0304492	199	0.4171	59	83	0.3684
FBgn0032834	FBpp0080843	133	0.7669	75	102	0.4602
FBgn0053117	FBpp0080844	134	0.6119	46	82	0.4017
FBgn0044811	FBpp0080845	125	0.4960	29	62	0.3376
FBgn0032827	FBpp0080847	646	0.3251	48	210	0.3339
FBgn0032824	FBpp0080848	152	0.5526	49	84	0.4076
FBgn0004811	FBpp0080849	367	0.6376	66	234	0.4382
FBgn0032821	FBpp0080851	1843	0.7124	297	1313	0.4671
FBgn0032820	FBpp0312559	343	0.3499	43	120	0.3509
FBgn0032818	FBpp0080855	383	0.4151	33	159	0.3642
FBgn0032817	FBpp0080856	3781	0.6340	114	2397	0.4394
FBgn0032840	FBpp0080859	281	0.8541	66	240	0.4990
FBgn0019686	FBpp0080860	476	0.5168	35	246	0.4053
FBgn0045064	FBpp0303611	300	0.1767	13	53	0.2678
FBgn0004374	FBpp0080864	1121	0.6334	114	710	0.4447
FBgn0032846	FBpp0080865	472	0.2034	23	96	0.3341
FBgn0032848	FBpp0080866	602	0.4668	65	281	0.3886
FBgn0032850	FBpp0080868	310	0.2903	60	90	0.3392
FBgn0032849	FBpp0080870	204	0.6814	58	139	0.4525
FBgn0032847	FBpp0080872	136	0.5735	28	78	0.4107
FBgn0032845	FBpp0080873	328	0.4543	33	149	0.3915
FBgn0032843	FBpp0310393	644	0.5248	48	338	0.4077
FBgn0003978	FBpp0080879	367	0.3134	27	115	0.3609
FBgn0014127	FBpp0080880	735	0.6776	104	498	0.4484
FBgn0032839	FBpp0080882	222	0.3739	52	83	0.3894
FBgn0040996	FBpp0080883	96	0.5417	27	52	0.4300
FBgn0003475	FBpp0080884	1020	0.7235	90	738	0.4685
FBgn0015803	FBpp0307723	1310	0.6511	160	853	0.4520
FBgn0032857	FBpp0080901	404	0.5173	90	209	0.4029
FBgn0032856	FBpp0080903	561	0.6257	94	351	0.4313
FBgn0026756	FBpp0428171	522	0.3448	39	180	0.3613
FBgn0011638	FBpp0080906	390	0.7795	72	304	0.4824
FBgn0032853	FBpp0080910	316	0.5696	54	180	0.4111
FBgn0032867	FBpp0080912	233	0.8627	101	201	0.5179
FBgn0032868	FBpp0080913	159	0.7358	73	117	0.4288
FBgn0051680	FBpp0080914	147	0.6463	56	95	0.4119
FBgn0032870	FBpp0080915	255	0.8118	82	207	0.5081
FBgn0042133	FBpp0080916	300	0.2400	24	72	0.2913
FBgn0032871	FBpp0080917	132	0.4394	20	58	0.3396
FBgn0032873	FBpp0080918	673	0.3343	37	225	0.3640
FBgn0032877	FBpp0080921	274	0.0693	9	19	0.2260
FBgn0032880	FBpp0080923	659	0.2944	38	194	0.3025
FBgn0032879	FBpp0080925	674	0.3665	58	247	0.3382
FBgn0032878	FBpp0080926	448	0.3013	42	135	0.3683
FBgn0014859	FBpp0080927	1078	0.6512	64	702	0.4559
FBgn0032876	FBpp0080929	790	0.8620	170	681	0.5087
FBgn0051678	FBpp0288498	1417	0.6944	115	984	0.4598
FBgn0016054	FBpp0080934	540	0.4907	85	265	0.4142
FBgn0032869	FBpp0080936	215	0.6465	56	139	0.4233
FBgn0051677	FBpp0080937	158	0.8481	100	134	0.4832
FBgn0032882	FBpp0080939	575	0.5983	101	344	0.4412
FBgn0011202	FBpp0297103	1098	0.5592	87	614	0.4301
FBgn0000251	FBpp0307151	445	0.6022	153	268	0.4401
FBgn0032884	FBpp0080943	134	0.4851	29	65	0.4086
FBgn0032886	FBpp0080945	180	0.7222	47	130	0.4615
FBgn0032889	FBpp0080949	364	0.3159	25	115	0.3558
FBgn0051673	FBpp0080951	326	0.2975	18	97	0.3515
FBgn0051674	FBpp0080952	327	0.3058	22	100	0.3576
FBgn0051676	FBpp0080953	159	0.4088	29	65	0.3366
FBgn0032894	FBpp0080954	276	0.5217	89	144	0.4076
FBgn0032895	FBpp0080955	166	0.5060	52	84	0.3581
FBgn0032897	FBpp0080956	148	0.2027	14	30	0.3038
FBgn0032899	FBpp0080957	147	0.3265	12	48	0.3219
FBgn0051675	FBpp0080958	148	0.1689	21	25	0.3019
FBgn0032900	FBpp0297992	198	0.2273	31	45	0.2982
FBgn0032908	FBpp0297173	1292	0.3282	67	424	0.3452
FBgn0032901	FBpp0303287	607	0.4366	62	265	0.3834
FBgn0028986	FBpp0080979	372	0.2957	30	110	0.3586
FBgn0032891	FBpp0288481	775	0.3445	36	267	0.3772
FBgn0067312	FBpp0080982	197	0.2386	14	47	0.3475
FBgn0053322	FBpp0080984	485	0.6825	122	331	0.4452
FBgn0032883	FBpp0080988	942	0.5308	60	500	0.4071
FBgn0032881	FBpp0080989	373	0.3432	41	128	0.3571
FBgn0010395	FBpp0080990	799	0.4593	45	367	0.3807
FBgn0032911	FBpp0303023	719	0.3449	113	248	0.3128
FBgn0032913	FBpp0080993	422	0.2891	29	122	0.3584
FBgn0032916	FBpp0080994	347	0.4323	89	150	0.3843
FBgn0040297	FBpp0289190	1322	0.5582	132	738	0.3947
FBgn0032919	FBpp0080997	507	0.4813	74	244	0.3986
FBgn0032921	FBpp0080998	162	0.8272	55	134	0.5004
FBgn0032923	FBpp0080999	494	0.5162	52	255	0.4044
FBgn0032925	FBpp0081001	766	0.4178	83	320	0.4014
FBgn0010100	FBpp0081002	787	0.3812	37	300	0.3706
FBgn0051627	FBpp0289653	262	0.8015	66	210	0.4892
FBgn0032929	FBpp0081004	776	0.7345	116	570	0.4675
FBgn0026255	FBpp0110195	1002	0.4770	51	478	0.3856
FBgn0026577	FBpp0312177	2663	0.8310	614	2213	0.5192
FBgn0021856	FBpp0081011	279	0.4086	34	114	0.3710
FBgn0032938	FBpp0081012	1039	0.6391	71	664	0.4378
FBgn0051626	FBpp0081014	285	0.1930	20	55	0.3612
FBgn0032935	FBpp0081016	471	0.3397	27	160	0.3769
FBgn0032934	FBpp0081017	704	0.5398	65	380	0.4244
FBgn0051988	FBpp0081018	178	0.3708	20	66	0.3813
FBgn0051624	FBpp0081019	178	0.3876	20	69	0.3859
FBgn0011829	FBpp0081021	1235	0.5174	95	639	0.3996
FBgn0000239	FBpp0290556	683	0.3880	38	265	0.3818
FBgn0032924	FBpp0081027	625	0.3232	38	202	0.3669
FBgn0032922	FBpp0081028	310	0.3290	38	102	0.3663
FBgn0024371	FBpp0081029	370	0.6297	51	233	0.4343
FBgn0023388	FBpp0297159	1190	0.6176	155	735	0.4503
FBgn0032910	FBpp0081035	399	0.1554	16	62	0.3082
FBgn0023091	FBpp0081042	390	0.6308	159	246	0.4328
FBgn0032943	FBpp0271912	235	0.2213	22	52	0.2532
FBgn0023090	FBpp0081044	1483	0.8011	140	1188	0.4751
FBgn0032945	FBpp0081045	913	0.2475	24	226	0.3416
FBgn0032946	FBpp0305547	313	0.5367	51	168	0.4052
FBgn0041245	FBpp0081050	369	0.0298	8	11	0.2479
FBgn0032940	FBpp0081052	1119	0.7176	164	803	0.4571
FBgn0037501	FBpp0307898	644	0.2624	20	169	0.3329
FBgn0037502	FBpp0290863	580	0.5897	76	342	0.4239
FBgn0037503	FBpp0081061	229	0.7773	119	178	0.4584
FBgn0003885	FBpp0081062	450	0.2467	22	111	0.3481
FBgn0015570	FBpp0081064	566	0.3728	41	211	0.3719
FBgn0051146	FBpp0081065	1354	0.5953	99	806	0.4178
FBgn0015568	FBpp0081068	565	0.3770	24	213	0.3705
FBgn0015571	FBpp0081069	543	0.4273	58	232	0.3790
FBgn0015572	FBpp0081070	541	0.3346	31	181	0.3634
FBgn0015831	FBpp0298276	255	0.4627	56	118	0.3417
FBgn0015574	FBpp0081073	568	0.2588	31	147	0.3499
FBgn0015575	FBpp0081074	572	0.3759	39	215	0.3854
FBgn0017456	FBpp0081076	153	0.7712	36	118	0.4656
FBgn0015576	FBpp0081077	574	0.3049	29	175	0.3544
FBgn0037506	FBpp0081078	365	0.2466	72	90	0.2954
FBgn0015577	FBpp0291551	587	0.4259	42	250	0.3869
FBgn0015569	FBpp0297077	581	0.3649	39	212	0.3684
FBgn0037504	FBpp0081082	281	0.9146	147	257	0.5149
FBgn0040670	FBpp0081083	95	0.3579	28	34	0.4003
FBgn0037472	FBpp0081084	353	0.2096	21	74	0.3372
FBgn0051248	FBpp0081085	251	0.4900	29	123	0.3733
FBgn0051493	FBpp0081086	246	0.2602	28	64	0.3528
FBgn0037475	FBpp0306731	256	0.7695	104	197	0.4944
FBgn0037478	FBpp0081087	283	0.1555	13	44	0.3280
FBgn0011020	FBpp0081088	901	0.8979	185	809	0.5088
FBgn0002306	FBpp0081089	1693	0.7247	111	1227	0.4709
FBgn0037483	FBpp0081092	597	0.6683	79	399	0.4437
FBgn0037487	FBpp0292311	1137	0.7405	178	842	0.4710
FBgn0037488	FBpp0292310	401	0.3815	40	153	0.3841
FBgn0037490	FBpp0081095	266	0.6541	54	174	0.4613
FBgn0037492	FBpp0081096	251	0.5697	37	143	0.4060
FBgn0028400	FBpp0081097	474	0.5127	96	243	0.4041
FBgn0045843	FBpp0081099	384	0.4505	45	173	0.3838
FBgn0051496	FBpp0428087	289	0.3495	57	101	0.3390
FBgn0051501	FBpp0081102	301	0.3987	37	120	0.3834
FBgn0004172	FBpp0081103	63	0.0000	0	0	0.2000
FBgn0004173	FBpp0081105	74	0.0000	0	0	0.2529
FBgn0004174	FBpp0081106	55	0.0000	0	0	0.2120
FBgn0004175	FBpp0081107	72	0.2083	9	15	0.2946
FBgn0037500	FBpp0081109	200	0.6200	38	124	0.4429
FBgn0037498	FBpp0081110	410	0.3512	42	144	0.3584
FBgn0001112	FBpp0422604	625	0.2736	18	171	0.3511
FBgn0011282	FBpp0289293	221	0.2534	12	56	0.3203
FBgn0037491	FBpp0081116	320	0.3688	26	118	0.3660
FBgn0037489	FBpp0081117	822	0.5511	71	453	0.4304
FBgn0037486	FBpp0081119	432	0.1435	46	62	0.2473
FBgn0037485	FBpp0402857	466	0.1288	39	60	0.2453
FBgn0037482	FBpp0081123	608	0.5905	93	359	0.4280
FBgn0037481	FBpp0081124	232	0.3879	37	90	0.3888
FBgn0037477	FBpp0292295	147	0.4898	26	72	0.4132
FBgn0037473	FBpp0081128	316	0.3133	20	99	0.3515
FBgn0014863	FBpp0081133	495	0.3758	27	186	0.3722
FBgn0000071	FBpp0081135	341	0.5249	51	179	0.3966
FBgn0000439	FBpp0081138	586	0.6263	81	367	0.4493
FBgn0001077	FBpp0081139	410	0.8439	78	346	0.4975
FBgn0024289	FBpp0081141	360	0.1528	12	55	0.3034
FBgn0026563	FBpp0081142	1047	0.8615	139	902	0.5198
FBgn0037463	FBpp0081145	286	0.9021	166	258	0.5486
FBgn0037464	FBpp0081147	578	0.9014	231	521	0.5292
FBgn0037466	FBpp0081148	905	0.6541	102	592	0.4552
FBgn0037468	FBpp0081149	118	0.8559	70	101	0.5108
FBgn0037469	FBpp0081152	236	0.4153	41	98	0.3501
FBgn0003884	FBpp0081153	450	0.2489	22	112	0.3483
FBgn0037470	FBpp0305518	563	0.4600	57	259	0.4035
FBgn0010774	FBpp0081156	266	0.4135	26	110	0.3953
FBgn0037467	FBpp0081157	782	0.5230	66	409	0.4037
FBgn0037465	FBpp0081159	422	0.5877	39	248	0.4214
FBgn0003339	FBpp0428124	564	0.6135	82	346	0.4427
FBgn0000166	FBpp0081168	494	0.7530	67	372	0.4551
FBgn0004053	FBpp0081170	353	0.8187	122	289	0.4801
FBgn0004054	FBpp0081171	252	0.7262	85	183	0.4445
FBgn0037448	FBpp0300399	1120	0.7295	111	817	0.4813
FBgn0037449	FBpp0081175	342	0.3304	29	113	0.3484
FBgn0046873	FBpp0081176	118	0.0339	3	4	0.3124
FBgn0051482	FBpp0081179	195	0.4718	35	92	0.3742
FBgn0037462	FBpp0081181	220	0.1364	6	30	0.3295
FBgn0051286	FBpp0081182	205	0.5317	39	109	0.4183
FBgn0010355	FBpp0293442	2172	0.6952	95	1510	0.4594
FBgn0004777	FBpp0081187	191	0.1623	23	31	0.2661
FBgn0004780	FBpp0081188	199	0.1960	29	39	0.2756
FBgn0004783	FBpp0081189	205	0.1707	27	35	0.2633
FBgn0004782	FBpp0081190	221	0.1674	27	37	0.2719
FBgn0004781	FBpp0081191	217	0.4194	28	91	0.3687
FBgn0004779	FBpp0081192	208	0.1827	27	38	0.2782
FBgn0004778	FBpp0081193	151	0.2914	37	44	0.3109
FBgn0024912	FBpp0081195	194	0.3351	18	65	0.3686
FBgn0026566	FBpp0290838	186	0.3441	25	64	0.3487
FBgn0026565	FBpp0081197	419	0.1480	10	62	0.3268
FBgn0037461	FBpp0081198	225	0.2311	13	52	0.3591
FBgn0037460	FBpp0081199	217	0.2120	11	46	0.3592
FBgn0037456	FBpp0081201	290	0.7828	48	227	0.4606
FBgn0053202	FBpp0081202	360	0.4917	40	177	0.3897
FBgn0037454	FBpp0081203	379	0.6438	82	244	0.4535
FBgn0037429	FBpp0081204	266	0.3759	27	100	0.3302
FBgn0037430	FBpp0081205	280	0.3857	65	108	0.3550
FBgn0037431	FBpp0081206	211	0.3839	33	81	0.3716
FBgn0037432	FBpp0081207	187	0.5027	34	94	0.4091
FBgn0037433	FBpp0081208	202	0.5050	28	102	0.3962
FBgn0037435	FBpp0081209	441	0.6009	42	265	0.4246
FBgn0037436	FBpp0081210	278	0.1691	37	47	0.3329
FBgn0037439	FBpp0081214	625	0.4080	48	255	0.3812
FBgn0010282	FBpp0081216	577	0.8787	176	507	0.5272
FBgn0037442	FBpp0081217	536	0.4646	59	249	0.3896
FBgn0037446	FBpp0081225	388	0.6753	68	262	0.4457
FBgn0037447	FBpp0081226	723	0.2296	32	166	0.3524
FBgn0037445	FBpp0303225	1329	0.6637	125	882	0.4436
FBgn0037443	FBpp0289489	679	0.6760	112	459	0.4465
FBgn0037440	FBpp0081231	662	0.5529	58	366	0.4163
FBgn0037512	FBpp0081235	449	0.4766	43	214	0.3858
FBgn0037514	FBpp0081236	187	0.7807	49	146	0.4554
FBgn0037515	FBpp0081237	391	0.3760	39	147	0.3786
FBgn0037517	FBpp0081241	469	0.5032	62	236	0.4258
FBgn0037518	FBpp0081242	429	0.6690	89	287	0.4441
FBgn0051472	FBpp0081244	246	0.5285	24	130	0.4038
FBgn0051473	FBpp0081246	257	0.6342	35	163	0.4126
FBgn0037526	FBpp0081249	594	0.3855	27	229	0.3857
FBgn0024909	FBpp0081253	479	0.7411	96	355	0.4780
FBgn0014931	FBpp0081254	434	0.6912	75	300	0.4629
FBgn0002542	FBpp0081255	1061	0.6484	170	688	0.4489
FBgn0000504	FBpp0303107	572	0.5350	87	306	0.4058
FBgn0037531	FBpp0289909	945	0.5725	76	541	0.4208
FBgn0014930	FBpp0081260	153	0.3333	21	51	0.3616
FBgn0004901	FBpp0081261	546	0.3077	47	168	0.3638
FBgn0037530	FBpp0081262	915	0.3104	46	284	0.3579
FBgn0037529	FBpp0081263	395	0.5316	39	210	0.4173
FBgn0037521	FBpp0304081	545	0.5817	80	317	0.4396
FBgn0037520	FBpp0081269	358	0.5196	50	186	0.4165
FBgn0037519	FBpp0081270	488	0.4836	63	236	0.4116
FBgn0042101	FBpp0113008	410	0.5805	45	238	0.4235
FBgn0042103	FBpp0081272	438	0.4817	34	211	0.4070
FBgn0042105	FBpp0112257	409	0.5134	53	210	0.4153
FBgn0042102	FBpp0081273	433	0.4226	50	183	0.3999
FBgn0042104	FBpp0271763	418	0.4354	36	182	0.4019
FBgn0037516	FBpp0081275	191	0.5602	37	107	0.4180
FBgn0037513	FBpp0081276	386	0.5699	34	220	0.4128
FBgn0010401	FBpp0289548	153	0.4575	42	70	0.3974
FBgn0037535	FBpp0081279	221	0.3303	26	73	0.3620
FBgn0037536	FBpp0300419	869	0.2497	52	217	0.2920
FBgn0037538	FBpp0081281	415	0.4867	46	202	0.4037
FBgn0037540	FBpp0081282	721	0.6449	84	465	0.4422
FBgn0037543	FBpp0081283	276	0.4855	66	134	0.4060
FBgn0037546	FBpp0081285	1019	0.5761	84	587	0.4178
FBgn0037547	FBpp0081286	530	0.2189	27	116	0.3275
FBgn0037548	FBpp0112116	536	0.3358	42	180	0.3588
FBgn0037551	FBpp0081290	186	0.3226	16	60	0.3583
FBgn0037552	FBpp0081291	533	0.4428	59	236	0.3812
FBgn0037553	FBpp0290118	559	0.3614	40	202	0.3696
FBgn0037554	FBpp0081293	737	0.5020	108	370	0.4100
FBgn0040528	FBpp0289601	490	0.4490	46	220	0.3822
FBgn0037556	FBpp0081302	304	0.6612	65	201	0.4435
FBgn0001138	FBpp0303221	712	0.4691	67	334	0.4176
FBgn0037544	FBpp0081306	231	0.6277	63	145	0.4363
FBgn0037541	FBpp0307217	2172	0.3568	61	775	0.3591
FBgn0001255	FBpp0302560	325	0.4954	45	161	0.4119
FBgn0037539	FBpp0081310	495	0.7535	69	373	0.4913
FBgn0040524	FBpp0081311	149	0.7718	57	115	0.5160
FBgn0037537	FBpp0081312	329	0.3526	23	116	0.3761
FBgn0037534	FBpp0081313	329	0.3070	40	101	0.3233
FBgn0037533	FBpp0428086	629	0.3975	37	250	0.3636
FBgn0014861	FBpp0081317	887	0.5209	60	462	0.4024
FBgn0010433	FBpp0081318	312	0.6603	67	206	0.4438
FBgn0037562	FBpp0081319	140	0.2357	25	33	0.3003
FBgn0051464	FBpp0297716	232	0.4181	27	97	0.3626
FBgn0051463	FBpp0081321	383	0.4334	46	166	0.3746
FBgn0037566	FBpp0081322	354	0.5876	50	208	0.4248
FBgn0037572	FBpp0081323	262	0.6221	67	163	0.4409
FBgn0037573	FBpp0081324	399	0.3860	30	154	0.3774
FBgn0062412	FBpp0081325	174	0.4138	53	72	0.3290
FBgn0037576	FBpp0081326	397	0.1914	13	76	0.2948
FBgn0037577	FBpp0081327	139	0.5468	44	76	0.4091
FBgn0004908	FBpp0081328	184	0.3641	13	67	0.3556
FBgn0037579	FBpp0081329	106	0.2170	15	23	0.2936
FBgn0037580	FBpp0081331	786	0.5483	75	431	0.3995
FBgn0037581	FBpp0081332	466	0.9013	152	420	0.5296
FBgn0020249	FBpp0081336	348	0.2845	44	99	0.3589
FBgn0037584	FBpp0290973	354	0.5593	30	198	0.4103
FBgn0037589	FBpp0401564	180	0.4167	26	75	0.3801
FBgn0037583	FBpp0081342	642	0.4579	76	294	0.4005
FBgn0037578	FBpp0081343	523	0.4665	37	244	0.3909
FBgn0040529	FBpp0296960	98	0.5612	29	55	0.3722
FBgn0003129	FBpp0110325	370	0.3811	30	141	0.3641
FBgn0037574	FBpp0081347	392	0.2806	33	110	0.3134
FBgn0037571	FBpp0081348	261	0.5441	37	142	0.4051
FBgn0037570	FBpp0297706	323	0.4675	46	151	0.3959
FBgn0037569	FBpp0081350	320	0.4406	33	141	0.3901
FBgn0037565	FBpp0081353	1667	0.8044	155	1341	0.4894
FBgn0037563	FBpp0081354	240	0.2875	18	69	0.3527
FBgn0037561	FBpp0081355	613	0.4747	119	291	0.4114
FBgn0010173	FBpp0081356	603	0.5058	57	305	0.3995
FBgn0037592	FBpp0081358	455	0.1868	28	85	0.3197
FBgn0051454	FBpp0081359	455	0.1846	16	84	0.3029
FBgn0051259	FBpp0081360	455	0.1604	23	73	0.2982
FBgn0037594	FBpp0081361	412	0.1723	28	71	0.2828
FBgn0051460	FBpp0081362	141	0.1773	20	25	0.2846
FBgn0037602	FBpp0081367	91	0.4615	19	42	0.3965
FBgn0037603	FBpp0081368	160	0.1313	17	21	0.2524
FBgn0037606	FBpp0081369	583	0.4014	65	234	0.3820
FBgn0037607	FBpp0081370	626	0.2859	23	179	0.3438
FBgn0000447	FBpp0081376	405	0.3901	37	158	0.3676
FBgn0024326	FBpp0081378	424	0.6108	106	259	0.4269
FBgn0037601	FBpp0081379	502	0.3406	32	171	0.3608
FBgn0026399	FBpp0301983	467	0.1606	22	75	0.3012
FBgn0051450	FBpp0081380	155	0.5613	32	87	0.4233
FBgn0051453	FBpp0081381	421	0.3444	25	145	0.3561
FBgn0037591	FBpp0081382	389	0.2005	26	78	0.2835
FBgn0037590	FBpp0081383	390	0.1590	18	62	0.2909
FBgn0037608	FBpp0081384	306	0.6634	65	203	0.4534
FBgn0037610	FBpp0081385	348	0.4310	38	150	0.3816
FBgn0037611	FBpp0081386	154	0.6039	37	93	0.4570
FBgn0037612	FBpp0293880	559	0.3238	71	181	0.3258
FBgn0037614	FBpp0081388	136	0.0515	5	7	0.2366
FBgn0037615	FBpp0081390	149	0.1477	22	22	0.2607
FBgn0037616	FBpp0081392	441	0.9637	179	425	0.5104
FBgn0037617	FBpp0081394	370	0.6135	49	227	0.4274
FBgn0037618	FBpp0081395	312	0.6058	85	189	0.4154
FBgn0037619	FBpp0290412	399	0.7243	63	289	0.4516
FBgn0037622	FBpp0081397	942	0.3503	62	330	0.3680
FBgn0037624	FBpp0081398	492	0.6402	69	315	0.4451
FBgn0037626	FBpp0081399	440	0.7227	77	318	0.4482
FBgn0037630	FBpp0081400	605	0.3008	35	182	0.3279
FBgn0037632	FBpp0081401	544	0.2647	21	144	0.3537
FBgn0037634	FBpp0081402	254	0.7165	78	182	0.4806
FBgn0040532	FBpp0081403	94	0.6383	39	60	0.3688
FBgn0037638	FBpp0081405	707	0.3508	73	248	0.3702
FBgn0037637	FBpp0081412	154	0.4481	21	69	0.3786
FBgn0037633	FBpp0081416	622	0.5547	63	345	0.4214
FBgn0053189	FBpp0081422	177	0.5593	39	99	0.4341
FBgn0053191	FBpp0081423	476	0.7815	81	372	0.4739
FBgn0037627	FBpp0081424	405	0.3037	19	123	0.3364
FBgn0037625	FBpp0081425	494	0.6174	73	305	0.4317
FBgn0037623	FBpp0081426	709	0.5360	93	380	0.4118
FBgn0037621	FBpp0081428	418	0.5694	37	238	0.4252
FBgn0037620	FBpp0081429	346	0.7514	54	260	0.4817
FBgn0037613	FBpp0081430	96	0.3958	13	38	0.3704
FBgn0001180	FBpp0081431	758	0.7164	188	543	0.4735
FBgn0053325	FBpp0300170	313	0.5655	45	177	0.4029
FBgn0037609	FBpp0081434	275	0.2945	56	81	0.2887
FBgn0037643	FBpp0291000	503	0.3400	60	171	0.3622
FBgn0037646	FBpp0081438	255	0.5176	42	132	0.3885
FBgn0027503	FBpp0081439	1658	0.6568	107	1089	0.4481
FBgn0037648	FBpp0081440	340	0.4118	30	140	0.3694
FBgn0037650	FBpp0289966	274	0.5584	52	153	0.4250
FBgn0037652	FBpp0081443	359	0.3928	24	141	0.3787
FBgn0037653	FBpp0081445	380	0.4605	57	175	0.3982
FBgn0037654	FBpp0081446	421	0.4964	79	209	0.4080
FBgn0037656	FBpp0081447	368	0.6549	105	241	0.4590
FBgn0037657	FBpp0081448	538	0.6896	67	371	0.4508
FBgn0028708	FBpp0081449	242	0.5992	29	145	0.4287
FBgn0037659	FBpp0289915	1345	0.4855	107	653	0.4053
FBgn0037661	FBpp0081451	337	0.2760	23	93	0.3643
FBgn0037662	FBpp0081452	417	0.7290	83	304	0.4807
FBgn0037664	FBpp0081453	531	0.4105	37	218	0.3863
FBgn0037665	FBpp0081454	316	0.3924	46	124	0.3798
FBgn0037667	FBpp0291343	443	0.1512	22	67	0.3140
FBgn0037670	FBpp0081457	242	0.7851	64	190	0.4829
FBgn0037671	FBpp0081458	320	0.2375	28	76	0.3199
FBgn0010803	FBpp0081461	430	0.3233	34	139	0.3663
FBgn0037672	FBpp0081462	268	0.5448	69	146	0.4171
FBgn0037669	FBpp0081464	195	0.7744	54	151	0.4484
FBgn0037668	FBpp0081465	277	0.1625	21	45	0.3011
FBgn0000412	FBpp0081467	355	0.9634	307	342	0.5476
FBgn0003165	FBpp0081470	1533	0.4664	59	715	0.3862
FBgn0037660	FBpp0081475	557	0.7397	73	412	0.4780
FBgn0010222	FBpp0081476	309	0.2362	25	73	0.3543
FBgn0002932	FBpp0081481	754	0.4867	50	367	0.3924
FBgn0040534	FBpp0081484	85	0.7412	26	63	0.4297
FBgn0037655	FBpp0289967	599	0.5576	85	334	0.4261
FBgn0026380	FBpp0081488	205	0.2146	25	44	0.3331
FBgn0051100	FBpp0081489	716	0.3883	93	278	0.3459
FBgn0037647	FBpp0081491	311	0.4051	33	126	0.3822
FBgn0037644	FBpp0081493	581	0.5301	33	308	0.4024
FBgn0037675	FBpp0081494	174	0.3966	29	69	0.4096
FBgn0037680	FBpp0081495	258	0.2984	55	77	0.2936
FBgn0037683	FBpp0081503	350	0.1943	17	68	0.3403
FBgn0037684	FBpp0081504	469	0.3433	34	161	0.3410
FBgn0037685	FBpp0081506	392	0.1301	15	51	0.2790
FBgn0037687	FBpp0081507	283	0.4664	35	132	0.3858
FBgn0037689	FBpp0081508	694	0.3545	40	246	0.3411
FBgn0011740	FBpp0306417	1109	0.4418	64	490	0.3924
FBgn0037697	FBpp0081520	227	0.5683	26	129	0.4076
FBgn0037696	FBpp0081522	246	0.4106	28	101	0.3897
FBgn0037690	FBpp0081523	340	0.3412	50	116	0.3295
FBgn0003889	FBpp0081524	446	0.3386	43	151	0.3810
FBgn0037688	FBpp0081525	448	0.7143	109	320	0.4522
FBgn0037686	FBpp0081527	168	0.7976	74	134	0.4978
FBgn0000723	FBpp0081530	1325	0.6981	227	925	0.4648
FBgn0037679	FBpp0081533	520	0.4885	66	254	0.3970
FBgn0037678	FBpp0081535	265	0.2453	25	65	0.3513
FBgn0037677	FBpp0081536	265	0.1887	28	50	0.3379
FBgn0037676	FBpp0290428	178	0.5225	22	93	0.3634
FBgn0037700	FBpp0081539	308	0.7987	95	246	0.4841
FBgn0014022	FBpp0081540	463	0.7883	134	365	0.5384
FBgn0037703	FBpp0081541	854	0.4087	45	349	0.3933
FBgn0037702	FBpp0112119	1220	0.6508	83	794	0.4493
FBgn0037707	FBpp0081544	374	0.8289	225	310	0.6213
FBgn0037709	FBpp0081545	439	0.4533	33	199	0.3780
FBgn0027950	FBpp0306716	340	0.6647	82	226	0.4587
FBgn0037712	FBpp0081549	831	0.6101	81	507	0.4409
FBgn0037717	FBpp0081551	607	0.7068	56	429	0.4472
FBgn0037718	FBpp0081552	498	0.4378	37	218	0.3900
FBgn0037720	FBpp0081553	866	0.7829	129	678	0.4698
FBgn0037722	FBpp0081555	383	0.6815	67	261	0.4486
FBgn0037723	FBpp0081556	287	0.2125	21	61	0.3494
FBgn0012344	FBpp0081558	356	0.5983	49	213	0.4273
FBgn0037727	FBpp0081559	702	0.4772	69	335	0.3842
FBgn0037728	FBpp0081560	184	0.7554	45	139	0.4459
FBgn0028997	FBpp0081561	387	0.3953	38	153	0.3726
FBgn0037731	FBpp0081562	249	0.3735	29	93	0.3377
FBgn0052939	FBpp0081563	249	0.3735	29	93	0.3377
FBgn0003886	FBpp0081565	449	0.2539	22	114	0.3490
FBgn0002431	FBpp0308671	2887	0.5830	122	1683	0.4245
FBgn0037734	FBpp0081569	778	0.5219	157	406	0.4202
FBgn0051352	FBpp0289791	844	0.6493	166	548	0.4503
FBgn0053105	FBpp0081571	244	0.3770	45	92	0.3526
FBgn0260463	FBpp0081572	784	0.6518	166	511	0.4511
FBgn0069242	FBpp0081576	216	0.4306	45	93	0.3796
FBgn0037730	FBpp0081577	557	0.2101	24	117	0.2899
FBgn0037724	FBpp0081579	286	0.8706	193	249	0.5606
FBgn0003334	FBpp0081580	877	0.6055	167	531	0.4505
FBgn0005585	FBpp0081581	406	0.5985	101	243	0.4366
FBgn0037721	FBpp0081582	213	0.3897	22	83	0.3816
FBgn0027338	FBpp0081584	514	0.3813	74	196	0.3858
FBgn0037715	FBpp0081587	154	0.2987	25	46	0.3463
FBgn0037714	FBpp0081589	151	0.3311	26	50	0.3619
FBgn0037713	FBpp0081590	258	0.4884	23	126	0.3911
FBgn0037710	FBpp0081591	327	0.3547	29	116	0.3559
FBgn0024833	FBpp0081592	426	0.5282	46	225	0.3953
FBgn0037708	FBpp0081593	521	0.5086	38	265	0.3926
FBgn0037705	FBpp0081596	1173	0.7579	284	889	0.4945
FBgn0000244	FBpp0081597	720	0.7569	150	545	0.4726
FBgn0014023	FBpp0081599	271	0.6753	61	183	0.4417
FBgn0003205	FBpp0081600	189	0.4656	29	88	0.4017
FBgn0014380	FBpp0293883	214	0.6916	32	148	0.4470
FBgn0037698	FBpp0428255	2005	0.6788	166	1361	0.4544
FBgn0037737	FBpp0112122	307	0.9642	191	296	0.5304
FBgn0051415	FBpp0081605	157	0.4713	23	74	0.3694
FBgn0005777	FBpp0081607	520	0.4558	52	237	0.3830
FBgn0037743	FBpp0081608	678	0.3643	102	247	0.3384
FBgn0037751	FBpp0081613	814	0.5860	74	477	0.4205
FBgn0037753	FBpp0112125	424	0.6368	116	270	0.4776
FBgn0037754	FBpp0081617	233	0.6438	85	150	0.4472
FBgn0037756	FBpp0081618	379	0.8100	60	307	0.4664
FBgn0037757	FBpp0081619	868	0.7097	111	616	0.4643
FBgn0037759	FBpp0081620	605	0.2545	26	154	0.3408
FBgn0037761	FBpp0081621	265	0.2038	16	54	0.2854
FBgn0037762	FBpp0081622	257	0.1089	14	28	0.2659
FBgn0037770	FBpp0081628	530	0.4358	52	231	0.3801
FBgn0037766	FBpp0303115	299	0.5017	47	150	0.4106
FBgn0037765	FBpp0081630	264	0.1780	18	47	0.2843
FBgn0037763	FBpp0081632	262	0.1756	19	46	0.2828
FBgn0037760	FBpp0081633	1182	0.4095	63	484	0.3873
FBgn0037758	FBpp0428159	787	0.3393	90	267	0.3618
FBgn0037755	FBpp0112126	449	0.3229	59	145	0.3569
FBgn0002868	FBpp0081636	40	0.2750	5	11	0.3812
FBgn0037750	FBpp0110086	630	0.7016	52	442	0.4452
FBgn0037749	FBpp0081638	204	0.3824	26	78	0.3708
FBgn0024330	FBpp0081639	249	0.7068	54	176	0.4381
FBgn0037742	FBpp0290751	405	0.4049	25	164	0.3967
FBgn0037741	FBpp0081644	1080	0.3787	44	409	0.3660
FBgn0037739	FBpp0081645	252	0.5119	37	129	0.4058
FBgn0037736	FBpp0081648	939	0.4952	85	465	0.4042
FBgn0037772	FBpp0081649	640	0.4703	86	301	0.3934
FBgn0027524	FBpp0081650	331	0.3263	28	108	0.3565
FBgn0037778	FBpp0081651	452	0.5553	48	251	0.4124
FBgn0037780	FBpp0081652	585	0.5368	59	314	0.4116
FBgn0051410	FBpp0271877	168	0.2560	18	43	0.3393
FBgn0037783	FBpp0081654	165	0.3455	23	57	0.3594
FBgn0041105	FBpp0303116	775	0.6297	67	488	0.4385
FBgn0037788	FBpp0081657	304	0.3421	41	104	0.3555
FBgn0051477	FBpp0081658	64	0.4531	24	29	0.4371
FBgn0037796	FBpp0307948	441	0.4490	49	198	0.3785
FBgn0040238	FBpp0297165	784	0.4171	40	327	0.3867
FBgn0037794	FBpp0081662	634	0.6798	149	431	0.4478
FBgn0037792	FBpp0081663	872	0.5837	104	509	0.4189
FBgn0004889	FBpp0081664	499	0.6513	101	325	0.4337
FBgn0001321	FBpp0081672	689	0.4891	44	337	0.3870
FBgn0028734	FBpp0300445	729	0.7119	110	519	0.4909
FBgn0037786	FBpp0301587	479	0.4990	49	239	0.3928
FBgn0037782	FBpp0081680	173	0.2139	24	37	0.3248
FBgn0037781	FBpp0081681	381	0.2310	17	88	0.3485
FBgn0037779	FBpp0081682	203	0.5123	31	104	0.3833
FBgn0037777	FBpp0081683	203	0.8768	56	178	0.4733
FBgn0053208	FBpp0297564	4743	0.7674	172	3640	0.4836
FBgn0051407	FBpp0081692	156	0.1923	23	30	0.3522
FBgn0037773	FBpp0081693	173	0.6185	63	107	0.4446
FBgn0045473	FBpp0081694	397	0.1335	19	53	0.2894
FBgn0037797	FBpp0081700	240	0.1542	29	37	0.2900
FBgn0037801	FBpp0081703	985	0.3482	44	343	0.3635
FBgn0040078	FBpp0081704	456	0.4474	46	204	0.3771
FBgn0037809	FBpp0081708	288	0.9618	115	277	0.5649
FBgn0037810	FBpp0081709	1430	0.9434	450	1349	0.5501
FBgn0037811	FBpp0081711	674	0.9021	235	608	0.5486
FBgn0051406	FBpp0081714	249	0.8916	93	222	0.5506
FBgn0015396	FBpp0081715	719	0.6620	68	476	0.4416
FBgn0020379	FBpp0308019	919	0.5332	73	490	0.4110
FBgn0037807	FBpp0081718	573	0.1955	36	112	0.2904
FBgn0037802	FBpp0293897	325	0.4369	52	142	0.4004
FBgn0037798	FBpp0110252	171	0.4386	26	75	0.3835
FBgn0025879	FBpp0081722	210	0.5667	37	119	0.3904
FBgn0045443	FBpp0304810	532	0.3289	37	175	0.3333
FBgn0037815	FBpp0081725	233	0.3991	22	93	0.3587
FBgn0037817	FBpp0290498	522	0.3410	29	178	0.3618
FBgn0037816	FBpp0081735	583	0.5866	58	342	0.4150
FBgn0024957	FBpp0081736	899	0.3459	46	311	0.3623
FBgn0037814	FBpp0081737	892	0.5942	105	530	0.4334
FBgn0037824	FBpp0081745	126	0.4921	40	62	0.4068
FBgn0037827	FBpp0081746	293	0.2765	70	81	0.2811
FBgn0037831	FBpp0290525	960	0.6490	97	623	0.4452
FBgn0037832	FBpp0081751	261	0.4713	43	123	0.3799
FBgn0017577	FBpp0081756	733	0.5020	61	368	0.3945
FBgn0037835	FBpp0081757	138	0.8333	62	115	0.5392
FBgn0037838	FBpp0081758	516	0.4205	30	217	0.3731
FBgn0037841	FBpp0112128	269	0.4461	24	120	0.3910
FBgn0037843	FBpp0081763	216	0.5463	59	118	0.4150
FBgn0037844	FBpp0081764	275	0.5891	98	162	0.4320
FBgn0037848	FBpp0303183	316	0.2278	22	72	0.2767
FBgn0037849	FBpp0081766	425	0.6447	164	274	0.4464
FBgn0011768	FBpp0081767	379	0.1425	10	54	0.3189
FBgn0037846	FBpp0081773	444	0.1712	44	76	0.2747
FBgn0037845	FBpp0081774	446	0.1771	46	79	0.2838
FBgn0037842	FBpp0112129	235	0.5191	44	122	0.3837
FBgn0037837	FBpp0307691	586	0.4795	58	281	0.3945
FBgn0037834	FBpp0081780	376	0.3936	42	148	0.3754
FBgn0010421	FBpp0081786	277	0.7256	45	201	0.4765
FBgn0051390	FBpp0081787	220	0.6273	47	138	0.4410
FBgn0051272	FBpp0081788	563	0.2256	66	127	0.2942
FBgn0037829	FBpp0081790	522	0.2107	62	110	0.2706
FBgn0004841	FBpp0111701	555	0.4234	72	235	0.3692
FBgn0037828	FBpp0081792	147	0.2721	30	40	0.3393
FBgn0037826	FBpp0081793	487	0.4949	51	241	0.3891
FBgn0051373	FBpp0081794	196	0.5051	25	99	0.3889
FBgn0051278	FBpp0081795	238	0.3655	34	87	0.3911
FBgn0051467	FBpp0081796	480	0.5271	41	253	0.3952
FBgn0051391	FBpp0081797	480	0.4625	45	222	0.3897
FBgn0037819	FBpp0112127	288	0.5104	55	147	0.3973
FBgn0037818	FBpp0081799	401	0.2618	26	105	0.3592
FBgn0037856	FBpp0081801	520	0.5808	58	302	0.4320
FBgn0037857	FBpp0081802	378	0.3915	42	148	0.3810
FBgn0037855	FBpp0081805	872	0.6835	199	596	0.4998
FBgn0042094	FBpp0081806	216	0.3472	33	75	0.3630
FBgn0037853	FBpp0081808	457	0.6783	106	310	0.4384
FBgn0037852	FBpp0081809	332	0.3253	30	108	0.3688
FBgn0037850	FBpp0081811	289	0.3045	25	88	0.3598
FBgn0037862	FBpp0081812	783	0.3614	34	283	0.3707
FBgn0040257	FBpp0081813	521	0.4299	40	224	0.3631
FBgn0040259	FBpp0081814	528	0.3883	30	205	0.3567
FBgn0027584	FBpp0081815	550	0.3691	39	203	0.3618
FBgn0040252	FBpp0081816	526	0.1939	24	102	0.3218
FBgn0037870	FBpp0081817	114	0.8860	63	101	0.5091
FBgn0037874	FBpp0081820	172	0.2674	12	46	0.3525
FBgn0037876	FBpp0112133	362	0.6575	39	238	0.4618
FBgn0020910	FBpp0081822	416	0.5962	40	248	0.4148
FBgn0037879	FBpp0081827	262	0.5267	41	138	0.3922
FBgn0037880	FBpp0081828	437	0.4508	55	197	0.3887
FBgn0037883	FBpp0081829	86	0.6744	22	58	0.4262
FBgn0037885	FBpp0293251	149	0.2819	35	42	0.3220
FBgn0051441	FBpp0081831	341	0.7185	71	245	0.4554
FBgn0051388	FBpp0081832	446	0.7130	89	318	0.4481
FBgn0037889	FBpp0081833	264	0.5227	41	138	0.3885
FBgn0037891	FBpp0081834	468	0.2970	51	139	0.3562
FBgn0037890	FBpp0300416	106	0.3868	32	41	0.3590
FBgn0037888	FBpp0081838	262	0.5267	41	138	0.3903
FBgn0037884	FBpp0081840	355	0.6310	97	224	0.4272
FBgn0037882	FBpp0081841	299	0.7625	124	228	0.4822
FBgn0037881	FBpp0081842	695	0.7842	130	545	0.4826
FBgn0037878	FBpp0081843	299	0.7926	52	237	0.4828
FBgn0037877	FBpp0081844	613	0.6933	74	425	0.4602
FBgn0037875	FBpp0081847	366	0.1448	23	53	0.2736
FBgn0037873	FBpp0081848	171	0.2105	32	36	0.3061
FBgn0040250	FBpp0081849	529	0.2476	21	131	0.3381
FBgn0026315	FBpp0081850	537	0.3687	30	198	0.3503
FBgn0026314	FBpp0081851	516	0.3391	34	175	0.3465
FBgn0040255	FBpp0081852	527	0.2865	32	151	0.3361
FBgn0040253	FBpp0300388	527	0.3321	22	175	0.3416
FBgn0040251	FBpp0081854	519	0.3430	39	178	0.3459
FBgn0040256	FBpp0112233	517	0.3462	29	179	0.3589
FBgn0037860	FBpp0081856	261	0.3716	52	97	0.3668
FBgn0037892	FBpp0081860	196	0.5918	74	116	0.4290
FBgn0011774	FBpp0081861	631	0.4548	51	287	0.3871
FBgn0037894	FBpp0081862	1018	0.3615	90	368	0.3594
FBgn0037897	FBpp0081863	2243	0.4062	46	911	0.3831
FBgn0037898	FBpp0290123	158	0.3987	21	63	0.3856
FBgn0037900	FBpp0081866	419	0.5203	41	218	0.3915
FBgn0037902	FBpp0081867	347	0.1441	29	50	0.2578
FBgn0046225	FBpp0081868	501	0.8962	130	449	0.5192
FBgn0037908	FBpp0081870	336	0.3571	37	120	0.3681
FBgn0037906	FBpp0297234	255	0.3451	22	88	0.3680
FBgn0051374	FBpp0081877	935	0.9070	309	848	0.5591
FBgn0037901	FBpp0081878	583	0.4717	41	275	0.3904
FBgn0037899	FBpp0081879	191	0.7539	55	144	0.4619
FBgn0037896	FBpp0081880	597	0.2982	26	178	0.3452
FBgn0037895	FBpp0081881	587	0.1022	14	60	0.2493
FBgn0026064	FBpp0290641	705	0.6000	133	423	0.4363
FBgn0026063	FBpp0081884	604	0.6424	56	388	0.4434
FBgn0037910	FBpp0081885	205	0.6829	47	140	0.4320
FBgn0037911	FBpp0081886	340	0.3794	16	129	0.3755
FBgn0037916	FBpp0290382	837	0.2258	38	189	0.3074
FBgn0037917	FBpp0081889	363	0.4683	41	170	0.3922
FBgn0037920	FBpp0288841	415	0.7301	73	303	0.4591
FBgn0037922	FBpp0081892	377	0.6923	67	261	0.4524
FBgn0042205	FBpp0081893	409	0.6675	113	273	0.4627
FBgn0037924	FBpp0081894	1266	0.7480	109	947	0.4680
FBgn0037926	FBpp0307426	1256	0.3296	50	414	0.3625
FBgn0037930	FBpp0081899	138	0.4058	17	56	0.3526
FBgn0037933	FBpp0081900	296	0.3750	29	111	0.3634
FBgn0037939	FBpp0081902	446	0.5673	63	253	0.4247
FBgn0025821	FBpp0081903	184	0.8533	44	157	0.4992
FBgn0037940	FBpp0423049	204	0.3873	25	79	0.3575
FBgn0037941	FBpp0081905	686	0.4475	46	307	0.3892
FBgn0037942	FBpp0081906	345	0.3739	53	129	0.3757
FBgn0037943	FBpp0081907	498	0.4940	41	246	0.3997
FBgn0037944	FBpp0303202	1265	0.7257	157	918	0.4817
FBgn0002906	FBpp0081910	1487	0.6550	239	974	0.4505
FBgn0037937	FBpp0081911	195	0.6974	75	136	0.4624
FBgn0042110	FBpp0112258	393	0.4758	62	187	0.3975
FBgn0037936	FBpp0081913	449	0.5301	57	238	0.4025
FBgn0037935	FBpp0081914	895	0.4156	68	372	0.3856
FBgn0037934	FBpp0081915	891	0.3973	49	354	0.3905
FBgn0011290	FBpp0081916	196	0.7500	45	147	0.4595
FBgn0037931	FBpp0081919	936	0.7094	134	664	0.4422
FBgn0037923	FBpp0289808	294	0.6088	62	179	0.4378
FBgn0037921	FBpp0081927	375	0.7440	91	279	0.4634
FBgn0051363	FBpp0081930	208	0.8750	76	182	0.4791
FBgn0037918	FBpp0081934	1243	0.6340	71	788	0.4385
FBgn0037915	FBpp0081936	897	0.1538	29	138	0.2822
FBgn0037950	FBpp0081946	426	0.3169	21	135	0.3414
FBgn0019624	FBpp0081947	149	0.3423	27	51	0.3800
FBgn0003312	FBpp0081949	520	0.3596	28	187	0.3679
FBgn0051368	FBpp0290264	1486	0.5020	98	746	0.4104
FBgn0037964	FBpp0081952	641	0.3619	42	232	0.3680
FBgn0051211	FBpp0081954	893	0.7816	191	698	0.5100
FBgn0013276	FBpp0081956	642	0.4984	61	320	0.3960
FBgn0000147	FBpp0081957	411	0.5377	65	221	0.4218
FBgn0037970	FBpp0081959	319	0.2132	22	68	0.3183
FBgn0037976	FBpp0307416	297	0.5488	56	163	0.4042
FBgn0037975	FBpp0081978	342	0.2924	25	100	0.3523
FBgn0037974	FBpp0423282	340	0.2294	25	78	0.3429
FBgn0037973	FBpp0081980	345	0.3913	22	135	0.3674
FBgn0037972	FBpp0081981	231	0.6710	39	155	0.4203
FBgn0013275	FBpp0081986	642	0.4984	61	320	0.3960
FBgn0037963	FBpp0081987	1975	0.4770	64	942	0.3872
FBgn0037962	FBpp0081988	250	0.7120	78	178	0.4564
FBgn0037960	FBpp0310692	497	0.2455	27	122	0.2917
FBgn0037958	FBpp0081990	767	0.3520	42	270	0.3551
FBgn0037956	FBpp0081991	425	0.4706	39	200	0.3594
FBgn0037955	FBpp0081993	450	0.4733	42	213	0.3819
FBgn0051116	FBpp0082002	1193	0.5122	139	611	0.3900
FBgn0025802	FBpp0082003	1993	0.4747	69	946	0.3912
FBgn0037949	FBpp0082005	1354	0.6233	114	844	0.4338
FBgn0017581	FBpp0082008	1142	0.7102	124	811	0.4750
FBgn0037979	FBpp0112136	1135	0.8890	245	1009	0.4939
FBgn0037981	FBpp0082011	384	0.6380	50	245	0.4165
FBgn0037985	FBpp0082012	711	0.5429	64	386	0.4173
FBgn0051361	FBpp0082016	664	0.5090	47	338	0.4022
FBgn0037995	FBpp0082018	396	0.2374	32	94	0.3291
FBgn0037994	FBpp0082019	551	0.5681	39	313	0.4277
FBgn0037993	FBpp0082022	662	0.5559	74	368	0.4175
FBgn0037992	FBpp0300611	314	0.3758	32	118	0.3676
FBgn0037989	FBpp0289580	1726	0.4988	119	861	0.3940
FBgn0037988	FBpp0082025	478	0.4184	50	200	0.3709
FBgn0037987	FBpp0082026	206	0.3010	21	62	0.3727
FBgn0051358	FBpp0082027	474	0.5907	162	280	0.4415
FBgn0037980	FBpp0082028	459	0.4466	90	205	0.3925
FBgn0037978	FBpp0082029	575	0.3548	21	204	0.3587
FBgn0038000	FBpp0082031	421	0.6532	65	275	0.4283
FBgn0038003	FBpp0082032	267	0.4007	44	107	0.3771
FBgn0038008	FBpp0082033	739	0.3437	46	254	0.3815
FBgn0003651	FBpp0428128	826	0.4782	67	395	0.3880
FBgn0038009	FBpp0082037	110	0.1818	19	20	0.2666
FBgn0038011	FBpp0082038	588	0.7432	254	437	0.4963
FBgn0038012	FBpp0082039	465	0.4065	48	189	0.3925
FBgn0038017	FBpp0082040	220	0.6818	50	150	0.4205
FBgn0010038	FBpp0082041	215	0.4000	24	86	0.3598
FBgn0010039	FBpp0082042	199	0.4221	24	84	0.3697
FBgn0010040	FBpp0082043	215	0.4698	36	101	0.3772
FBgn0010041	FBpp0082044	216	0.3981	22	86	0.3666
FBgn0010042	FBpp0082045	215	0.4140	28	89	0.3661
FBgn0010043	FBpp0082046	224	0.3973	47	89	0.3721
FBgn0010044	FBpp0082047	212	0.3679	33	78	0.3454
FBgn0038029	FBpp0113057	243	0.1728	12	42	0.3293
FBgn0053098	FBpp0082051	230	0.7130	50	164	0.4426
FBgn0038038	FBpp0082055	431	0.4246	54	183	0.3794
FBgn0038039	FBpp0082056	427	0.4145	39	177	0.3632
FBgn0082831	FBpp0293286	2018	0.7384	147	1490	0.4795
FBgn0038043	FBpp0082059	181	0.7624	41	138	0.4785
FBgn0038045	FBpp0082060	372	0.4194	60	156	0.3763
FBgn0038047	FBpp0082061	501	0.8882	227	445	0.4901
FBgn0038049	FBpp0082063	378	0.5423	62	205	0.4080
FBgn0043043	FBpp0082064	361	0.2355	23	85	0.3203
FBgn0029512	FBpp0082065	337	0.4006	28	135	0.3690
FBgn0038046	FBpp0082066	396	0.3409	36	135	0.3651
FBgn0004103	FBpp0082067	302	0.2417	17	73	0.3332
FBgn0038042	FBpp0082068	352	0.2784	25	98	0.3415
FBgn0000455	FBpp0082069	491	0.1670	18	82	0.3311
FBgn0038037	FBpp0082070	516	0.3547	30	183	0.3627
FBgn0038034	FBpp0422628	433	0.4134	24	179	0.3636
FBgn0038028	FBpp0082076	286	0.4161	44	119	0.3500
FBgn0038020	FBpp0082078	218	0.3303	20	72	0.3533
FBgn0042206	FBpp0082079	210	0.4667	30	98	0.3876
FBgn0038018	FBpp0082080	222	0.3063	37	68	0.3282
FBgn0038016	FBpp0082081	1169	0.7143	186	835	0.4515
FBgn0038014	FBpp0423040	287	0.3902	22	112	0.3696
FBgn0038013	FBpp0082085	325	0.4862	36	158	0.4079
FBgn0038007	FBpp0082086	492	0.4167	41	205	0.3679
FBgn0038006	FBpp0300785	493	0.3692	38	182	0.3630
FBgn0038005	FBpp0082088	487	0.3203	34	156	0.3502
FBgn0011270	FBpp0082089	292	0.5856	77	171	0.4223
FBgn0038001	FBpp0291517	275	0.3382	26	93	0.3546
FBgn0037999	FBpp0082092	415	0.2988	31	124	0.3501
FBgn0037998	FBpp0082093	886	0.4402	53	390	0.3953
FBgn0037996	FBpp0082094	534	0.3408	51	182	0.3690
FBgn0038053	FBpp0082101	436	0.1583	13	69	0.2572
FBgn0038054	FBpp0082102	139	0.8058	65	112	0.4421
FBgn0038055	FBpp0082103	485	0.5320	46	258	0.4095
FBgn0038057	FBpp0082104	522	0.4330	42	226	0.3845
FBgn0051354	FBpp0082105	641	0.5148	61	330	0.4021
FBgn0013278	FBpp0082106	641	0.5117	61	328	0.4018
FBgn0013279	FBpp0082107	641	0.5117	61	328	0.4018
FBgn0028374	FBpp0082108	191	0.4817	24	92	0.3808
FBgn0038065	FBpp0082110	167	0.6886	74	115	0.4314
FBgn0260444	FBpp0082112	635	0.3213	38	204	0.3710
FBgn0042207	FBpp0082113	389	0.2108	20	82	0.3338
FBgn0038067	FBpp0110078	388	0.2448	20	95	0.3348
FBgn0038068	FBpp0292848	406	0.2660	49	108	0.3397
FBgn0038069	FBpp0292849	430	0.2581	14	111	0.3473
FBgn0038071	FBpp0082117	612	0.7484	129	458	0.4715
FBgn0038072	FBpp0082118	704	0.3665	35	258	0.3642
FBgn0038073	FBpp0289993	1073	0.6337	130	680	0.4408
FBgn0038074	FBpp0082120	289	0.2630	18	76	0.3452
FBgn0011745	FBpp0082121	376	0.3564	28	134	0.3716
FBgn0038079	FBpp0112140	138	0.2536	21	35	0.3017
FBgn0016693	FBpp0082123	540	0.4185	50	226	0.3687
FBgn0038080	FBpp0082125	110	0.5818	26	64	0.4009
FBgn0038082	FBpp0082126	530	0.2981	23	158	0.3421
FBgn0038084	FBpp0423046	297	0.4007	29	119	0.3618
FBgn0038083	FBpp0291574	530	0.4000	37	212	0.3667
FBgn0002719	FBpp0082129	763	0.4115	121	314	0.3936
FBgn0002905	FBpp0082131	2059	0.4313	234	888	0.4009
FBgn0038078	FBpp0082132	135	0.4000	24	54	0.3768
FBgn0051347	FBpp0082133	143	0.6853	47	98	0.4299
FBgn0005355	FBpp0082134	468	0.4509	67	211	0.4028
FBgn0001296	FBpp0291719	612	0.2794	46	171	0.3082
FBgn0038076	FBpp0082136	494	0.3077	30	152	0.3453
FBgn0026207	FBpp0082137	702	0.4758	84	334	0.3982
FBgn0038070	FBpp0290373	405	0.3062	32	124	0.3579
FBgn0005671	FBpp0082139	490	0.3000	17	147	0.3634
FBgn0013277	FBpp0082147	641	0.5117	115	328	0.4010
FBgn0038058	FBpp0082148	687	0.3610	42	248	0.3663
FBgn0038056	FBpp0082149	442	0.5294	52	234	0.4149
FBgn0038051	FBpp0082150	220	0.0045	1	1	0.2428
FBgn0038089	FBpp0082151	219	0.1963	12	43	0.3328
FBgn0038092	FBpp0082152	328	0.4207	29	138	0.3790
FBgn0038090	FBpp0082153	349	0.5444	74	190	0.4131
FBgn0038088	FBpp0082155	227	0.5683	25	129	0.3950
FBgn0051345	FBpp0082157	213	0.5493	28	117	0.4032
FBgn0038095	FBpp0082159	510	0.2431	22	124	0.3314
FBgn0038099	FBpp0289506	509	0.2083	35	106	0.2834
FBgn0038100	FBpp0082161	124	0.5968	69	74	0.4346
FBgn0051342	FBpp0112315	994	0.6610	161	657	0.4636
FBgn0038106	FBpp0082163	373	0.5603	31	209	0.4138
FBgn0038108	FBpp0306577	2464	0.6116	157	1507	0.4448
FBgn0038109	FBpp0082166	291	0.8763	88	255	0.4973
FBgn0002354	FBpp0082171	110	0.4455	37	49	0.3759
FBgn0003308	FBpp0082172	1335	0.2772	37	370	0.3527
FBgn0038113	FBpp0082173	398	0.3040	43	121	0.3675
FBgn0038114	FBpp0423257	431	0.5545	104	239	0.4362
FBgn0001217	FBpp0082175	633	0.5624	76	356	0.4063
FBgn0051157	FBpp0306585	387	0.1602	14	62	0.3117
FBgn0004666	FBpp0082178	688	0.4491	80	309	0.4070
FBgn0038118	FBpp0082180	1384	0.5556	113	769	0.4304
FBgn0038115	FBpp0082183	486	0.4218	23	205	0.3713
FBgn0003450	FBpp0082184	435	0.2874	28	125	0.3477
FBgn0038110	FBpp0082187	295	0.3322	26	98	0.3536
FBgn0038107	FBpp0082189	139	0.3813	16	53	0.3658
FBgn0038105	FBpp0082190	452	0.4646	50	210	0.3850
FBgn0041710	FBpp0082191	429	0.4312	29	185	0.3785
FBgn0038102	FBpp0082192	332	0.5211	38	173	0.4075
FBgn0038098	FBpp0082195	712	0.5857	81	417	0.4252
FBgn0040493	FBpp0310520	655	0.3649	99	239	0.3751
FBgn0038097	FBpp0082199	165	0.7939	86	131	0.4567
FBgn0038122	FBpp0082200	233	0.5923	35	138	0.4161
FBgn0038124	FBpp0289992	168	0.1012	15	17	0.2573
FBgn0038125	FBpp0082202	239	0.4854	43	116	0.3776
FBgn0040551	FBpp0082203	70	0.0000	0	0	0.1523
FBgn0003598	FBpp0082204	1250	0.7136	173	892	0.4680
FBgn0038130	FBpp0082205	408	0.2549	26	104	0.3273
FBgn0038133	FBpp0082206	332	0.6386	123	212	0.4414
FBgn0038135	FBpp0288476	994	0.3833	72	381	0.3761
FBgn0038136	FBpp0082209	942	0.3800	45	358	0.3707
FBgn0052473	FBpp0082211	1025	0.5024	55	515	0.3929
FBgn0038140	FBpp0082213	660	0.4121	49	272	0.3587
FBgn0045442	FBpp0082214	488	0.2582	23	126	0.3136
FBgn0027610	FBpp0082215	280	0.1964	25	55	0.3241
FBgn0038142	FBpp0082217	183	0.6230	42	114	0.4171
FBgn0038144	FBpp0082218	356	0.4635	28	165	0.3872
FBgn0038145	FBpp0082219	403	0.5980	40	241	0.4234
FBgn0038148	FBpp0082224	105	0.0095	1	1	0.2642
FBgn0041711	FBpp0082225	530	0.4113	33	218	0.3781
FBgn0038151	FBpp0291732	435	0.3862	33	168	0.3561
FBgn0038150	FBpp0082227	409	0.3765	36	154	0.3700
FBgn0038149	FBpp0082228	250	0.4480	62	112	0.3754
FBgn0040553	FBpp0082229	99	0.0101	1	1	0.2461
FBgn0038147	FBpp0082230	136	0.3235	24	44	0.3698
FBgn0038146	FBpp0082231	922	0.3796	52	350	0.3838
FBgn0044511	FBpp0082232	87	0.8046	59	70	0.4723
FBgn0038143	FBpp0307437	567	0.6702	121	380	0.4653
FBgn0023495	FBpp0082239	394	0.3756	40	148	0.3545
FBgn0038134	FBpp0082243	309	0.5081	42	157	0.3949
FBgn0038132	FBpp0082244	137	0.2117	14	29	0.2459
FBgn0038129	FBpp0082246	654	0.4878	46	319	0.3939
FBgn0038128	FBpp0082247	359	0.7521	116	270	0.4746
FBgn0000024	FBpp0082248	649	0.3421	31	222	0.3576
FBgn0038127	FBpp0082249	242	0.6860	57	166	0.4325
FBgn0038126	FBpp0082250	392	0.6888	89	270	0.4736
FBgn0038123	FBpp0082251	267	0.5805	36	155	0.4287
FBgn0038153	FBpp0307899	796	0.5151	103	410	0.3962
FBgn0000046	FBpp0082253	376	0.3085	25	116	0.3524
FBgn0038158	FBpp0082256	132	0.1439	8	19	0.2637
FBgn0038159	FBpp0082257	112	0.1786	6	20	0.3085
FBgn0051337	FBpp0082258	104	0.3846	19	40	0.3537
FBgn0038157	FBpp0082259	194	0.6443	45	125	0.4366
FBgn0004049	FBpp0082261	972	0.6481	77	630	0.4476
FBgn0038161	FBpp0082262	146	0.1781	26	26	0.2679
FBgn0038163	FBpp0082263	728	0.4107	36	299	0.3675
FBgn0015778	FBpp0082265	690	0.7638	202	527	0.4899
FBgn0038167	FBpp0082280	567	0.4039	48	229	0.3825
FBgn0024555	FBpp0082285	980	0.5337	113	523	0.4186
FBgn0038170	FBpp0082287	310	0.7290	110	226	0.4461
FBgn0002937	FBpp0082288	620	0.3548	51	220	0.3673
FBgn0038173	FBpp0082289	506	0.3241	53	164	0.3532
FBgn0038179	FBpp0082293	211	0.6682	99	141	0.4568
FBgn0038180	FBpp0082294	595	0.4773	153	284	0.4180
FBgn0038181	FBpp0082296	952	0.5914	122	563	0.4252
FBgn0260464	FBpp0082297	214	0.4112	40	88	0.3958
FBgn0038183	FBpp0082298	297	0.5589	52	166	0.4140
FBgn0000454	FBpp0082299	508	0.2343	22	119	0.3426
FBgn0038172	FBpp0082310	502	0.5239	58	263	0.3922
FBgn0028487	FBpp0306593	802	0.5125	116	411	0.4157
FBgn0038168	FBpp0082313	994	0.3410	41	339	0.3642
FBgn0038166	FBpp0082314	220	0.4227	29	93	0.3786
FBgn0038165	FBpp0290868	408	0.3701	41	151	0.3496
FBgn0004237	FBpp0082316	385	0.4831	32	186	0.4074
FBgn0010258	FBpp0082318	428	0.5164	58	221	0.3942
FBgn0003060	FBpp0082323	127	0.0000	0	0	0.2026
FBgn0038160	FBpp0082324	112	0.2589	29	29	0.3257
FBgn0000576	FBpp0082326	494	0.6842	93	338	0.4561
FBgn0047199	FBpp0082327	63	0.9365	34	59	0.4907
FBgn0016672	FBpp0082328	375	0.1787	21	67	0.3270
FBgn0015270	FBpp0082329	618	0.6133	116	379	0.4443
FBgn0038195	FBpp0082332	370	0.7108	71	263	0.4522
FBgn0038196	FBpp0082333	124	0.7016	45	87	0.4751
FBgn0038191	FBpp0082339	892	0.4226	33	377	0.3864
FBgn0038190	FBpp0082340	231	0.5974	57	138	0.4311
FBgn0038189	FBpp0082341	341	0.3754	33	128	0.3620
FBgn0038188	FBpp0082342	313	0.2684	22	84	0.3388
FBgn0008646	FBpp0082343	524	0.7634	96	400	0.5086
FBgn0038186	FBpp0082344	206	0.3252	17	67	0.3561
FBgn0051495	FBpp0082345	341	0.4106	26	140	0.3823
FBgn0002862	FBpp0082347	56	0.0000	0	0	0.1983
FBgn0038197	FBpp0293589	622	0.7942	110	494	0.4906
FBgn0038198	FBpp0082349	159	0.3333	28	53	0.3501
FBgn0038203	FBpp0082351	401	0.2943	34	118	0.3226
FBgn0038206	FBpp0082352	343	0.5539	53	190	0.4122
FBgn0038210	FBpp0082355	232	0.5819	36	135	0.4225
FBgn0027083	FBpp0082356	582	0.5206	52	303	0.4047
FBgn0038214	FBpp0289336	155	0.4645	37	72	0.3732
FBgn0038213	FBpp0082358	289	0.5433	47	157	0.4104
FBgn0027563	FBpp0082359	439	0.4146	66	182	0.3879
FBgn0053329	FBpp0289635	516	0.5252	71	271	0.3966
FBgn0053109	FBpp0082361	296	0.7230	87	214	0.4403
FBgn0051326	FBpp0082362	520	0.5212	134	271	0.4202
FBgn0038211	FBpp0082363	504	0.4901	106	247	0.4214
FBgn0011582	FBpp0303554	560	0.2661	41	149	0.3102
FBgn0051327	FBpp0082365	861	0.6167	97	531	0.4346
FBgn0051533	FBpp0082366	844	0.6185	96	522	0.4323
FBgn0038209	FBpp0082367	264	0.0871	19	23	0.2304
FBgn0038208	FBpp0082368	1024	0.6270	67	642	0.4286
FBgn0038207	FBpp0082369	151	0.5099	32	77	0.4022
FBgn0010340	FBpp0082370	261	0.4368	51	114	0.3566
FBgn0020510	FBpp0297920	477	0.7631	112	364	0.4635
FBgn0038205	FBpp0089282	750	0.6760	92	507	0.4430
FBgn0038204	FBpp0290495	319	0.7116	78	227	0.4464
FBgn0038202	FBpp0312362	671	0.4143	45	278	0.3816
FBgn0038200	FBpp0082377	102	0.2059	9	21	0.3441
FBgn0038199	FBpp0112144	182	0.7088	104	129	0.4433
FBgn0038219	FBpp0082379	282	0.6348	43	179	0.4309
FBgn0038221	FBpp0082383	588	0.7806	262	459	0.5308
FBgn0004855	FBpp0082384	129	0.5969	26	77	0.4183
FBgn0051321	FBpp0082385	601	0.2113	67	127	0.3065
FBgn0013767	FBpp0082386	154	0.5974	49	92	0.4188
FBgn0011474	FBpp0082388	691	0.6469	90	447	0.4463
FBgn0038224	FBpp0082390	81	0.6543	50	53	0.4448
FBgn0003480	FBpp0082392	341	0.3431	25	117	0.3594
FBgn0038225	FBpp0082399	147	0.6395	39	94	0.4348
FBgn0024321	FBpp0082400	721	0.8682	254	626	0.5235
FBgn0038223	FBpp0423206	1161	0.6951	140	807	0.4603
FBgn0003567	FBpp0082405	941	0.7003	142	659	0.4623
FBgn0038218	FBpp0082410	274	0.4708	48	129	0.3919
FBgn0038217	FBpp0082411	300	0.6567	46	197	0.4179
FBgn0038234	FBpp0082412	196	0.3469	28	68	0.3898
FBgn0038236	FBpp0082413	492	0.3699	34	182	0.3596
FBgn0038239	FBpp0082414	158	0.7405	113	117	0.5297
FBgn0038240	FBpp0082415	152	0.7303	92	111	0.4875
FBgn0038242	FBpp0082416	174	0.8678	151	151	0.6176
FBgn0020299	FBpp0306971	1220	0.7426	160	906	0.4705
FBgn0038246	FBpp0082419	374	0.5160	35	193	0.4027
FBgn0013981	FBpp0082421	103	0.4854	21	50	0.3884
FBgn0038247	FBpp0310684	1981	0.4886	48	968	0.3973
FBgn0038250	FBpp0082425	360	0.3972	46	143	0.3635
FBgn0038251	FBpp0082427	360	0.8306	74	299	0.5094
FBgn0038252	FBpp0082428	353	0.8584	99	303	0.5437
FBgn0025808	FBpp0082433	535	0.4953	56	265	0.4097
FBgn0038248	FBpp0082435	818	0.7005	283	573	0.4645
FBgn0003169	FBpp0303260	520	0.4923	56	256	0.3873
FBgn0038244	FBpp0082437	1283	0.6477	164	831	0.4493
FBgn0004629	FBpp0082439	126	0.4365	39	55	0.3634
FBgn0038243	FBpp0082440	104	0.5481	39	57	0.4053
FBgn0051313	FBpp0082441	124	0.4355	44	54	0.3775
FBgn0038241	FBpp0082442	142	0.6408	78	91	0.4629
FBgn0038238	FBpp0112145	186	0.5806	80	108	0.4103
FBgn0038237	FBpp0303081	1124	0.5018	159	564	0.4078
FBgn0038235	FBpp0082445	244	0.9754	197	238	0.5606
FBgn0038233	FBpp0082446	422	0.3697	38	156	0.3734
FBgn0038260	FBpp0082450	556	0.2806	55	156	0.3077
FBgn0038261	FBpp0082451	557	0.2388	48	133	0.3033
FBgn0038262	FBpp0082452	560	0.1964	34	110	0.2944
FBgn0038266	FBpp0082453	488	0.7316	60	357	0.4568
FBgn0038268	FBpp0082456	421	0.4466	33	188	0.3736
FBgn0067628	FBpp0082457	342	0.3626	42	124	0.3723
FBgn0067629	FBpp0082458	349	0.8395	136	293	0.5560
FBgn0038271	FBpp0082459	470	0.4043	21	190	0.3614
FBgn0038273	FBpp0288414	263	0.7643	71	201	0.4749
FBgn0038275	FBpp0082462	276	0.9493	151	262	0.5166
FBgn0038279	FBpp0082463	868	0.4182	135	363	0.3873
FBgn0028662	FBpp0082464	212	0.0660	7	14	0.2162
FBgn0038277	FBpp0082465	230	0.5217	32	120	0.4090
FBgn0038274	FBpp0082467	796	0.4774	52	380	0.3834
FBgn0038272	FBpp0082468	469	0.3603	52	169	0.3676
FBgn0004597	FBpp0082469	267	0.3034	22	81	0.3598
FBgn0038269	FBpp0112147	900	0.6367	176	573	0.4632
FBgn0038258	FBpp0304089	793	0.5549	117	440	0.4499
FBgn0038257	FBpp0307825	306	0.3235	22	99	0.3730
FBgn0011217	FBpp0082477	147	0.4286	27	63	0.3916
FBgn0038256	FBpp0082478	351	0.1994	25	70	0.2676
FBgn0038280	FBpp0082482	364	0.6374	109	232	0.4241
FBgn0038281	FBpp0082483	216	0.2639	21	57	0.3590
FBgn0038291	FBpp0082484	537	0.6369	229	342	0.4455
FBgn0038292	FBpp0082485	404	0.5990	63	242	0.4302
FBgn0038296	FBpp0082488	1332	0.3889	48	518	0.3743
FBgn0038294	FBpp0082490	365	0.8493	99	310	0.4742
FBgn0038290	FBpp0082497	433	0.6397	90	277	0.4493
FBgn0038286	FBpp0112148	664	0.2620	52	174	0.3540
FBgn0038285	FBpp0082501	251	0.6932	93	174	0.4128
FBgn0038300	FBpp0082507	632	0.3101	20	196	0.3594
FBgn0038302	FBpp0082508	174	0.4713	20	82	0.3909
FBgn0038304	FBpp0082510	804	0.4192	41	337	0.3752
FBgn0038307	FBpp0082513	173	0.7052	44	122	0.4345
FBgn0014879	FBpp0082521	269	0.8773	70	236	0.4841
FBgn0016691	FBpp0082522	209	0.3254	33	68	0.3586
FBgn0038312	FBpp0288457	366	0.2923	29	107	0.2998
FBgn0038313	FBpp0082525	274	0.4818	60	132	0.4294
FBgn0004117	FBpp0082535	284	0.9261	150	263	0.5173
FBgn0038315	FBpp0271913	455	0.7319	77	333	0.4476
FBgn0026441	FBpp0303072	945	0.8011	304	757	0.5393
FBgn0000533	FBpp0082539	392	0.3291	34	129	0.3709
FBgn0038319	FBpp0082540	248	0.6532	50	162	0.4394
FBgn0038320	FBpp0082541	1291	0.3912	37	505	0.3834
FBgn0021750	FBpp0082542	417	0.5420	55	226	0.4149
FBgn0051301	FBpp0082543	439	0.5877	52	258	0.4273
FBgn0038324	FBpp0082545	705	0.2142	22	151	0.2983
FBgn0038326	FBpp0082547	386	0.4948	43	191	0.3881
FBgn0038327	FBpp0082549	298	0.6040	49	180	0.4331
FBgn0038331	FBpp0082550	208	0.5673	34	118	0.4194
FBgn0041188	FBpp0082555	1084	0.8007	140	868	0.5177
FBgn0038339	FBpp0112152	967	0.7828	208	757	0.4975
FBgn0038337	FBpp0082560	640	0.2031	31	130	0.2916
FBgn0038334	FBpp0082561	256	0.6602	67	169	0.4402
FBgn0038332	FBpp0292327	263	0.1445	7	38	0.3392
FBgn0038330	FBpp0082563	518	0.6429	76	333	0.4268
FBgn0026737	FBpp0111839	255	0.9490	81	242	0.5028
FBgn0026634	FBpp0082568	710	0.5099	45	362	0.4011
FBgn0038325	FBpp0082569	668	0.5569	59	372	0.4152
FBgn0019925	FBpp0082571	270	0.1778	13	48	0.2464
FBgn0038321	FBpp0082573	348	0.3333	48	116	0.3594
FBgn0013269	FBpp0082574	357	0.5854	153	209	0.4603
FBgn0038318	FBpp0082575	680	0.4088	42	278	0.3740
FBgn0038316	FBpp0082577	470	0.7277	109	342	0.4525
FBgn0011476	FBpp0428223	105	0.7524	69	79	0.4985
FBgn0027378	FBpp0306049	429	0.6410	190	275	0.4758
FBgn0000283	FBpp0082580	1096	0.7828	142	858	0.4839
FBgn0038311	FBpp0082582	547	0.8958	126	490	0.5216
FBgn0038309	FBpp0112150	562	0.1975	33	111	0.2770
FBgn0045035	FBpp0110174	2767	0.3997	66	1106	0.3781
FBgn0038306	FBpp0082588	516	0.5039	63	260	0.4005
FBgn0051344	FBpp0082590	403	0.3648	45	147	0.3508
FBgn0051155	FBpp0082591	173	0.2023	18	35	0.3131
FBgn0038303	FBpp0082592	1145	0.3965	58	454	0.3897
FBgn0038301	FBpp0082593	639	0.7684	100	491	0.4611
FBgn0038299	FBpp0082594	426	0.5446	36	232	0.3941
FBgn0028984	FBpp0082595	427	0.5199	42	222	0.4047
FBgn0000047	FBpp0082597	376	0.3005	25	113	0.3532
FBgn0038342	FBpp0082599	241	0.5062	42	122	0.4189
FBgn0019940	FBpp0428299	369	0.1572	19	58	0.2873
FBgn0038344	FBpp0082601	2183	0.3949	83	862	0.3817
FBgn0038345	FBpp0082602	251	0.6175	54	155	0.4557
FBgn0038350	FBpp0082604	1256	0.3662	49	460	0.3669
FBgn0038349	FBpp0082605	1254	0.3708	45	465	0.3736
FBgn0038348	FBpp0311435	1264	0.3117	39	394	0.3586
FBgn0051296	FBpp0082609	280	0.2500	17	70	0.3318
FBgn0038343	FBpp0289411	108	0.3889	21	42	0.3681
FBgn0053207	FBpp0082616	636	0.6588	85	419	0.4400
FBgn0051446	FBpp0306143	237	0.2954	12	70	0.3278
FBgn0038353	FBpp0082618	218	0.3991	30	87	0.3584
FBgn0038354	FBpp0082619	627	0.2041	31	128	0.2929
FBgn0038355	FBpp0082621	320	0.3344	37	107	0.3617
FBgn0038356	FBpp0082623	101	0.0693	6	7	0.2377
FBgn0038358	FBpp0082624	570	0.3333	31	190	0.3589
FBgn0038359	FBpp0082625	358	0.8492	108	304	0.5146
FBgn0038360	FBpp0082626	460	0.5348	46	246	0.4165
FBgn0038361	FBpp0082627	253	0.2767	12	70	0.3616
FBgn0038363	FBpp0082628	102	0.6176	38	63	0.3892
FBgn0038365	FBpp0298032	382	0.5105	64	195	0.4109
FBgn0026616	FBpp0082633	1249	0.5356	103	669	0.4126
FBgn0038366	FBpp0082634	676	0.2234	49	151	0.2914
FBgn0038369	FBpp0289797	177	0.5537	41	98	0.4069
FBgn0003483	FBpp0082637	1434	0.4993	83	716	0.3905
FBgn0038373	FBpp0082638	457	0.5361	57	245	0.3989
FBgn0038377	FBpp0082639	218	0.8303	109	181	0.5118
FBgn0051183	FBpp0082641	1417	0.4778	67	677	0.3956
FBgn0038376	FBpp0082642	866	0.2679	39	232	0.3137
FBgn0038371	FBpp0082644	363	0.6116	110	222	0.4314
FBgn0017567	FBpp0082645	217	0.4700	25	102	0.3919
FBgn0003227	FBpp0082647	885	0.4395	55	389	0.3858
FBgn0000246	FBpp0082648	744	0.8562	120	637	0.5095
FBgn0038357	FBpp0082651	279	0.2151	22	60	0.3350
FBgn0051294	FBpp0082652	225	0.6222	68	140	0.4285
FBgn0038381	FBpp0082654	322	0.3944	28	127	0.3711
FBgn0038385	FBpp0082655	772	0.4456	65	344	0.3993
FBgn0038387	FBpp0082657	141	0.8085	39	114	0.4716
FBgn0013334	FBpp0082658	551	0.4936	44	272	0.4008
FBgn0038389	FBpp0082666	176	0.8977	142	158	0.5995
FBgn0038390	FBpp0082667	783	0.5032	103	394	0.3910
FBgn0022787	FBpp0290929	1923	0.4030	78	775	0.3708
FBgn0038391	FBpp0082672	746	0.8056	87	601	0.4929
FBgn0003117	FBpp0082675	540	0.4778	100	258	0.4013
FBgn0038394	FBpp0082676	270	0.3370	32	91	0.3544
FBgn0038396	FBpp0082677	247	0.1822	11	45	0.3142
FBgn0027948	FBpp0293341	2082	0.5086	72	1059	0.4013
FBgn0038398	FBpp0082679	387	0.3359	37	130	0.3612
FBgn0010379	FBpp0082682	611	0.5303	88	324	0.4071
FBgn0052855	FBpp0082688	552	0.7681	148	424	0.4778
FBgn0038397	FBpp0082689	1732	0.3245	32	562	0.3640
FBgn0024222	FBpp0293344	717	0.5202	53	373	0.4015
FBgn0038395	FBpp0312591	263	0.3802	21	100	0.3517
FBgn0002783	FBpp0082692	1209	0.6286	107	760	0.4490
FBgn0052856	FBpp0082693	107	0.7103	29	76	0.4489
FBgn0038388	FBpp0082694	333	0.4955	53	165	0.3844
FBgn0051088	FBpp0423119	70	0.3143	15	22	0.3023
FBgn0038386	FBpp0082696	263	0.7795	88	205	0.4933
FBgn0027657	FBpp0082699	153	0.3660	17	56	0.3569
FBgn0038380	FBpp0082703	254	0.4213	36	107	0.3677
FBgn0003319	FBpp0082704	787	0.6010	271	473	0.4659
FBgn0038401	FBpp0082705	330	0.3333	34	110	0.3376
FBgn0063649	FBpp0112387	603	0.3499	68	211	0.3216
FBgn0038404	FBpp0082707	670	0.2284	60	153	0.2951
FBgn0051287	FBpp0082710	222	0.7072	63	157	0.4452
FBgn0040071	FBpp0082711	916	0.6900	138	632	0.4625
FBgn0020407	FBpp0082713	689	0.4731	45	326	0.3965
FBgn0020399	FBpp0082714	369	0.8862	171	327	0.4955
FBgn0038412	FBpp0082720	495	0.3758	37	186	0.3264
FBgn0038414	FBpp0082721	485	0.2206	46	107	0.2694
FBgn0038415	FBpp0271727	491	0.2220	37	109	0.2824
FBgn0038416	FBpp0082723	502	0.1932	60	97	0.2717
FBgn0040271	FBpp0082725	1114	0.6813	87	759	0.4483
FBgn0038407	FBpp0082730	555	0.2252	53	125	0.2822
FBgn0024491	FBpp0082731	150	0.6533	23	98	0.4350
FBgn0038402	FBpp0310462	283	0.4841	29	137	0.4029
FBgn0038400	FBpp0082733	226	0.3142	32	71	0.3552
FBgn0038418	FBpp0290729	924	0.8452	177	781	0.4974
FBgn0027095	FBpp0082735	173	0.6243	38	108	0.4135
FBgn0051279	FBpp0290648	454	0.5463	72	248	0.3915
FBgn0038424	FBpp0082737	419	0.3270	52	137	0.3735
FBgn0038425	FBpp0082738	286	0.4860	56	139	0.3752
FBgn0038429	FBpp0082740	454	0.5352	35	243	0.3994
FBgn0038431	FBpp0110070	268	0.3209	30	86	0.3511
FBgn0038432	FBpp0082742	330	0.4091	33	135	0.3448
FBgn0027053	FBpp0082743	327	0.4373	45	143	0.3919
FBgn0038435	FBpp0110262	667	0.3418	45	228	0.3633
FBgn0038436	FBpp0082745	669	0.3139	26	210	0.3571
FBgn0038445	FBpp0082752	495	0.2384	18	118	0.3479
FBgn0038446	FBpp0082754	119	0.3277	26	39	0.3560
FBgn0028381	FBpp0082755	308	0.4968	41	153	0.4083
FBgn0038439	FBpp0290916	2240	0.4844	158	1085	0.4027
FBgn0038438	FBpp0082758	261	0.2184	23	57	0.2814
FBgn0038437	FBpp0082759	120	0.5000	23	60	0.3961
FBgn0044826	FBpp0303080	583	0.5780	187	337	0.4381
FBgn0038428	FBpp0082765	263	0.7072	61	186	0.4698
FBgn0038426	FBpp0082767	113	0.7788	36	88	0.4872
FBgn0003513	FBpp0297168	1015	0.5438	144	552	0.4261
FBgn0038423	FBpp0289901	215	0.9070	151	195	0.5127
FBgn0038422	FBpp0082771	637	0.7551	266	481	0.4814
FBgn0038421	FBpp0082773	60	1.0000	60	60	0.6039
FBgn0038420	FBpp0082774	165	0.1818	21	30	0.2246
FBgn0038419	FBpp0082775	179	0.5754	55	103	0.4084
FBgn0038447	FBpp0082777	442	0.4977	52	220	0.4172
FBgn0027109	FBpp0082778	102	0.5000	22	51	0.3606
FBgn0038449	FBpp0082779	499	0.2465	24	123	0.3216
FBgn0038450	FBpp0082780	499	0.1944	21	97	0.3175
FBgn0038451	FBpp0290087	510	0.2686	33	137	0.3439
FBgn0015520	FBpp0082785	630	0.7571	142	477	0.4888
FBgn0038453	FBpp0082786	197	0.2081	16	41	0.2607
FBgn0015019	FBpp0082787	544	0.3180	22	173	0.3564
FBgn0015230	FBpp0082790	507	0.2742	47	139	0.2816
FBgn0063261	FBpp0082792	101	0.1782	3	18	0.3553
FBgn0003944	FBpp0082793	389	0.3933	33	153	0.3791
FBgn0051217	FBpp0082798	628	0.4968	38	312	0.3924
FBgn0038455	FBpp0428205	308	0.4286	41	132	0.3772
FBgn0015351	FBpp0307589	359	0.5961	42	214	0.4250
FBgn0038454	FBpp0082801	543	0.7477	276	406	0.5449
FBgn0038452	FBpp0082802	473	0.8013	124	379	0.4819
FBgn0022344	FBpp0082803	278	0.6079	87	169	0.4179
FBgn0027562	FBpp0082805	552	0.4239	63	234	0.3624
FBgn0020907	FBpp0082806	184	0.3424	25	63	0.3816
FBgn0038458	FBpp0082809	88	0.0909	7	8	0.2355
FBgn0043069	FBpp0082810	280	0.5786	57	162	0.4293
FBgn0038463	FBpp0082813	552	0.3714	36	205	0.3690
FBgn0038465	FBpp0082814	697	0.5237	60	365	0.4028
FBgn0038466	FBpp0293795	732	0.6393	76	468	0.4294
FBgn0038467	FBpp0082816	481	0.3825	37	184	0.3708
FBgn0038462	FBpp0082818	282	0.4574	29	129	0.3962
FBgn0038461	FBpp0082819	282	0.4255	29	120	0.3935
FBgn0038460	FBpp0082820	94	0.6064	56	57	0.3810
FBgn0015011	FBpp0089085	504	0.2996	54	151	0.3509
FBgn0015008	FBpp0082822	553	0.6962	130	385	0.4465
FBgn0000015	FBpp0082826	493	0.7972	97	393	0.5159
FBgn0000014	FBpp0082829	590	0.5695	111	336	0.4401
FBgn0038468	FBpp0082830	594	0.7778	96	462	0.4855
FBgn0051268	FBpp0082831	434	0.8940	212	388	0.5162
FBgn0038471	FBpp0082832	302	0.3245	21	98	0.3605
FBgn0038476	FBpp0082838	570	0.8509	126	485	0.5076
FBgn0038478	FBpp0082841	979	0.8090	147	792	0.4927
FBgn0051269	FBpp0112313	273	0.1392	14	38	0.3105
FBgn0051265	FBpp0082843	266	0.1955	15	52	0.3378
FBgn0051267	FBpp0082845	275	0.1236	23	34	0.3047
FBgn0038484	FBpp0082846	272	0.2904	23	79	0.3334
FBgn0038485	FBpp0082847	273	0.2967	31	81	0.3433
FBgn0038486	FBpp0082848	643	0.4370	48	281	0.3920
FBgn0038490	FBpp0082850	280	0.4536	40	127	0.4099
FBgn0038491	FBpp0082851	160	0.1750	13	28	0.3127
FBgn0038494	FBpp0082852	407	0.4324	58	176	0.3705
FBgn0051262	FBpp0291992	579	0.1520	32	88	0.2740
FBgn0038492	FBpp0306505	2159	0.8291	267	1790	0.5920
FBgn0038488	FBpp0082855	702	0.3433	103	241	0.3763
FBgn0038487	FBpp0082856	308	0.6883	66	212	0.4604
FBgn0038482	FBpp0292474	265	0.2981	35	79	0.3385
FBgn0038481	FBpp0082858	288	0.2639	18	76	0.3277
FBgn0038479	FBpp0082859	267	0.2434	22	65	0.3163
FBgn0038475	FBpp0082864	776	0.4278	56	332	0.3847
FBgn0038473	FBpp0082867	581	0.6764	96	393	0.4651
FBgn0038472	FBpp0082869	322	0.7795	145	251	0.4690
FBgn0038470	FBpp0293659	879	0.3834	39	337	0.3709
FBgn0038469	FBpp0293660	649	0.5146	41	334	0.3994
FBgn0051418	FBpp0082873	225	0.6667	47	150	0.4527
FBgn0051419	FBpp0301286	238	0.8067	92	192	0.4586
FBgn0028992	FBpp0082877	326	0.4877	38	159	0.3999
FBgn0038505	FBpp0082878	465	0.5183	79	241	0.4061
FBgn0038506	FBpp0082879	370	0.3351	35	124	0.3476
FBgn0038507	FBpp0082880	395	0.2734	20	108	0.3365
FBgn0038508	FBpp0292767	223	0.4933	49	110	0.3795
FBgn0053333	FBpp0082882	148	0.2297	8	34	0.3263
FBgn0038511	FBpp0082883	753	0.3347	29	252	0.3638
FBgn0038512	FBpp0082884	89	0.4270	19	38	0.4080
FBgn0000564	FBpp0082885	97	0.0000	0	0	0.2517
FBgn0038510	FBpp0112156	312	0.4808	46	150	0.3864
FBgn0038509	FBpp0082887	124	0.6048	43	75	0.3998
FBgn0038504	FBpp0308614	694	0.4438	77	308	0.4019
FBgn0038499	FBpp0082893	662	0.6073	113	402	0.4362
FBgn0038498	FBpp0082894	431	0.4455	60	192	0.3900
FBgn0038516	FBpp0082895	273	0.1392	11	38	0.3135
FBgn0025571	FBpp0082897	787	0.7827	201	616	0.5091
FBgn0038523	FBpp0082901	142	0.5070	28	72	0.3925
FBgn0003375	FBpp0082902	163	0.5031	35	82	0.4108
FBgn0038524	FBpp0082903	465	0.1828	25	85	0.2911
FBgn0038525	FBpp0082904	301	0.5216	71	157	0.3929
FBgn0038526	FBpp0082906	153	0.1634	25	25	0.2327
FBgn0038528	FBpp0082907	137	0.2190	20	30	0.2700
FBgn0038530	FBpp0082908	181	0.3536	25	64	0.3613
FBgn0038531	FBpp0288412	460	0.4043	35	186	0.3843
FBgn0038532	FBpp0303764	1597	0.7658	329	1223	0.4917
FBgn0000063	FBpp0303766	672	0.5774	69	388	0.4328
FBgn0038536	FBpp0082912	253	0.1502	19	38	0.2802
FBgn0051360	FBpp0082913	98	0.4082	24	40	0.3658
FBgn0051249	FBpp0082916	250	0.4760	29	119	0.4034
FBgn0051251	FBpp0082917	306	0.6569	58	201	0.4438
FBgn0038533	FBpp0082923	260	0.1962	22	51	0.3225
FBgn0038529	FBpp0082924	210	0.5810	32	122	0.4184
FBgn0038527	FBpp0082925	131	0.0229	2	3	0.2762
FBgn0004554	FBpp0082926	159	0.0692	10	11	0.2541
FBgn0038519	FBpp0082927	234	0.1966	32	46	0.3632
FBgn0010926	FBpp0082928	852	0.6819	119	581	0.4536
FBgn0038515	FBpp0082929	283	0.4346	38	123	0.3722
FBgn0016650	FBpp0082933	831	0.3225	48	268	0.3377
FBgn0038540	FBpp0082935	121	0.2810	24	34	0.3623
FBgn0038541	FBpp0082936	586	0.3584	82	210	0.3421
FBgn0038545	FBpp0082937	169	0.0473	4	8	0.2236
FBgn0038558	FBpp0082943	109	0.4128	25	45	0.3764
FBgn0038552	FBpp0082947	446	0.3184	33	142	0.3571
FBgn0038551	FBpp0082948	430	0.7488	72	322	0.4550
FBgn0038550	FBpp0304078	381	0.7428	145	283	0.4503
FBgn0038549	FBpp0082950	439	0.7654	161	336	0.5030
FBgn0038548	FBpp0082951	421	0.7126	99	300	0.4715
FBgn0038546	FBpp0082953	433	0.6905	82	299	0.4475
FBgn0038542	FBpp0082956	631	0.3803	94	240	0.3452
FBgn0038539	FBpp0082957	120	0.4500	49	54	0.4129
FBgn0000477	FBpp0082962	366	0.5710	50	209	0.3920
FBgn0038564	FBpp0082963	256	0.3359	57	86	0.3503
FBgn0038565	FBpp0082964	455	0.3341	22	152	0.3658
FBgn0038566	FBpp0082965	448	0.3438	36	154	0.3717
FBgn0003499	FBpp0303083	1271	0.7396	210	940	0.4925
FBgn0038567	FBpp0082968	430	0.3674	27	158	0.3864
FBgn0038568	FBpp0082969	217	0.1382	19	30	0.2883
FBgn0010389	FBpp0082970	729	0.4664	45	340	0.3875
FBgn0022943	FBpp0082973	154	0.4675	28	72	0.4058
FBgn0042693	FBpp0082978	984	0.5112	90	503	0.4353
FBgn0038576	FBpp0082979	648	0.6034	133	391	0.4387
FBgn0038578	FBpp0082980	642	0.4502	36	289	0.3950
FBgn0028499	FBpp0082981	708	0.4393	98	311	0.3899
FBgn0038581	FBpp0082982	438	0.3676	24	161	0.3714
FBgn0038582	FBpp0082983	276	0.5616	51	155	0.4017
FBgn0038585	FBpp0082984	320	0.6719	110	215	0.4543
FBgn0011701	FBpp0082986	612	0.6405	87	392	0.4533
FBgn0020238	FBpp0082987	262	0.4466	33	117	0.4068
FBgn0038589	FBpp0082991	89	0.4494	22	40	0.4069
FBgn0038592	FBpp0082993	475	0.6232	74	296	0.4502
FBgn0026250	FBpp0082994	148	0.5338	41	79	0.4440
FBgn0038597	FBpp0082995	922	0.3373	84	311	0.3652
FBgn0024432	FBpp0082996	111	0.6216	18	69	0.3924
FBgn0038607	FBpp0082997	604	0.9073	148	548	0.5153
FBgn0038609	FBpp0082998	358	0.4497	32	161	0.3854
FBgn0038611	FBpp0083001	966	0.6905	86	667	0.4521
FBgn0038610	FBpp0083003	336	0.2500	23	84	0.3401
FBgn0038608	FBpp0291513	354	0.5847	129	207	0.4633
FBgn0038606	FBpp0311433	880	0.4057	69	357	0.3785
FBgn0038603	FBpp0303345	906	0.5353	74	485	0.4090
FBgn0038602	FBpp0428236	224	0.6518	49	146	0.4394
FBgn0038601	FBpp0083015	384	0.6224	55	239	0.4240
FBgn0010877	FBpp0083016	600	0.7083	99	425	0.4543
FBgn0038598	FBpp0083018	494	0.7247	64	358	0.4400
FBgn0038596	FBpp0083020	108	0.6389	62	69	0.4173
FBgn0038595	FBpp0083021	334	0.2246	25	75	0.3402
FBgn0038593	FBpp0083022	876	0.4132	57	362	0.3822
FBgn0038590	FBpp0083025	379	0.3958	34	150	0.3642
FBgn0038588	FBpp0083026	681	0.4493	90	306	0.4031
FBgn0038586	FBpp0083028	233	0.5279	41	123	0.4071
FBgn0038584	FBpp0083029	560	0.5411	52	303	0.3965
FBgn0038583	FBpp0083030	568	0.8820	193	501	0.5373
FBgn0011481	FBpp0303084	509	0.5246	50	267	0.4048
FBgn0038579	FBpp0083035	135	0.5926	42	80	0.4250
FBgn0038577	FBpp0083036	247	0.2551	28	63	0.3564
FBgn0038569	FBpp0083043	676	0.4660	46	315	0.3702
FBgn0038612	FBpp0083044	207	0.7391	45	153	0.4616
FBgn0038619	FBpp0083050	213	0.4977	30	106	0.3872
FBgn0038626	FBpp0083051	283	0.7562	70	214	0.4613
FBgn0038627	FBpp0083052	147	0.5578	40	82	0.4313
FBgn0038630	FBpp0083054	302	0.3874	30	117	0.3711
FBgn0023083	FBpp0428099	707	0.5644	153	399	0.4479
FBgn0038629	FBpp0083059	1136	0.8169	191	928	0.4907
FBgn0004652	FBpp0290499	960	0.5823	157	559	0.4421
FBgn0051122	FBpp0423141	663	0.5792	91	384	0.4151
FBgn0038621	FBpp0083069	389	0.3445	42	134	0.3360
FBgn0038617	FBpp0083070	487	0.4168	33	203	0.3831
FBgn0028670	FBpp0083071	834	0.3705	59	309	0.3406
FBgn0038613	FBpp0083073	844	0.3270	38	276	0.3276
FBgn0044871	FBpp0083076	232	0.5560	34	129	0.3841
FBgn0051231	FBpp0083077	679	0.7658	94	520	0.4542
FBgn0051229	FBpp0083078	195	0.4308	31	84	0.3468
FBgn0038638	FBpp0083079	537	0.4283	32	230	0.3736
FBgn0051230	FBpp0083081	59	0.2034	11	12	0.2670
FBgn0038640	FBpp0083082	726	0.8292	198	602	0.5126
FBgn0038641	FBpp0083083	614	0.2036	24	125	0.2711
FBgn0051226	FBpp0083090	52	0.0192	1	1	0.2842
FBgn0038653	FBpp0303062	740	0.3635	79	269	0.3616
FBgn0038652	FBpp0083093	681	0.2673	62	182	0.3044
FBgn0038649	FBpp0083097	494	0.3947	48	195	0.3827
FBgn0024329	FBpp0083099	1571	0.5983	131	940	0.4289
FBgn0038646	FBpp0083100	218	0.6284	116	137	0.4440
FBgn0038645	FBpp0083101	225	0.5956	106	134	0.4018
FBgn0038642	FBpp0083102	950	0.9147	623	869	0.4945
FBgn0038632	FBpp0288638	196	0.4796	61	94	0.4129
FBgn0038631	FBpp0083108	145	0.4345	30	63	0.3754
FBgn0038654	FBpp0083109	111	0.5315	24	59	0.3876
FBgn0038655	FBpp0083110	250	0.4960	41	124	0.3958
FBgn0003248	FBpp0083111	381	0.2310	31	88	0.2972
FBgn0038659	FBpp0083112	369	0.6152	51	227	0.4332
FBgn0022338	FBpp0083121	250	0.7040	38	176	0.4428
FBgn0038673	FBpp0083124	200	0.7250	76	145	0.4655
FBgn0038674	FBpp0083125	297	0.1751	14	52	0.3375
FBgn0027785	FBpp0083126	150	0.4800	53	72	0.4040
FBgn0015781	FBpp0083127	280	0.2036	22	57	0.3179
FBgn0038675	FBpp0083128	213	0.9061	112	193	0.5386
FBgn0038676	FBpp0271809	1555	0.8830	171	1373	0.5277
FBgn0004876	FBpp0083130	1213	0.5639	94	684	0.4133
FBgn0027784	FBpp0083131	340	0.6882	56	234	0.4422
FBgn0038672	FBpp0083133	324	0.6327	52	205	0.4260
FBgn0038666	FBpp0083135	509	0.4440	31	226	0.3951
FBgn0038665	FBpp0293234	112	0.6429	41	72	0.4347
FBgn0038662	FBpp0083137	107	0.3551	18	38	0.3615
FBgn0038660	FBpp0083138	524	0.4962	69	260	0.3897
FBgn0038658	FBpp0083139	168	0.2143	8	36	0.3034
FBgn0038656	FBpp0083140	139	0.5036	22	70	0.3750
FBgn0016120	FBpp0083141	178	0.7022	53	125	0.4490
FBgn0038679	FBpp0083143	1784	0.6945	119	1239	0.4529
FBgn0038680	FBpp0083144	536	0.5429	37	291	0.4048
FBgn0038681	FBpp0083145	536	0.5410	39	290	0.4077
FBgn0002962	FBpp0083146	401	0.4963	60	199	0.4126
FBgn0010768	FBpp0083147	535	0.7327	110	392	0.4752
FBgn0038685	FBpp0083148	293	0.6109	85	179	0.4223
FBgn0051475	FBpp0083149	418	0.6244	117	261	0.4603
FBgn0025680	FBpp0083150	542	0.3063	27	166	0.3605
FBgn0038692	FBpp0083151	368	0.7255	78	267	0.4616
FBgn0038695	FBpp0083152	555	0.4036	108	224	0.3952
FBgn0000463	FBpp0083153	833	0.4034	29	336	0.3729
FBgn0038694	FBpp0083155	215	0.9023	176	194	0.5314
FBgn0038693	FBpp0290907	3028	0.4359	94	1320	0.3878
FBgn0038691	FBpp0083157	311	0.3312	33	103	0.3515
FBgn0038690	FBpp0083158	353	0.5297	48	187	0.4049
FBgn0038686	FBpp0304474	558	0.6039	145	337	0.4482
FBgn0038678	FBpp0083168	107	0.6729	40	72	0.4530
FBgn0038700	FBpp0083169	473	0.3869	50	183	0.3633
FBgn0038701	FBpp0083170	480	0.3208	45	154	0.3556
FBgn0038702	FBpp0308297	485	0.3526	55	171	0.3723
FBgn0038704	FBpp0083172	662	0.6450	207	427	0.4695
FBgn0038705	FBpp0428080	486	0.3292	42	160	0.3677
FBgn0038709	FBpp0083182	343	0.7901	56	271	0.4933
FBgn0038708	FBpp0083183	342	0.3333	23	114	0.3604
FBgn0038706	FBpp0083184	382	0.5916	53	226	0.4302
FBgn0051244	FBpp0083186	321	0.6729	58	216	0.4440
FBgn0051245	FBpp0083187	237	0.8861	139	210	0.5354
FBgn0051404	FBpp0083188	274	0.7518	65	206	0.4629
FBgn0038697	FBpp0083189	253	0.8419	71	213	0.4630
FBgn0038715	FBpp0113045	541	0.1756	28	95	0.3000
FBgn0038716	FBpp0083191	540	0.2074	52	112	0.2853
FBgn0038718	FBpp0083193	538	0.2602	30	140	0.3078
FBgn0038719	FBpp0083194	545	0.2239	33	122	0.3099
FBgn0038722	FBpp0083195	546	0.4725	61	258	0.3889
FBgn0051220	FBpp0291554	363	0.5344	37	194	0.4051
FBgn0051219	FBpp0112312	345	0.2203	26	76	0.3364
FBgn0003011	FBpp0083198	485	0.4907	45	238	0.3807
FBgn0038727	FBpp0290431	721	0.6311	74	455	0.4510
FBgn0051216	FBpp0083200	357	0.3782	40	135	0.3555
FBgn0038732	FBpp0083203	542	0.3266	33	177	0.3559
FBgn0038733	FBpp0083204	538	0.3457	26	186	0.3655
FBgn0038734	FBpp0083205	539	0.2412	21	130	0.3352
FBgn0038731	FBpp0083208	546	0.3718	24	203	0.3660
FBgn0038730	FBpp0083209	537	0.3259	24	175	0.3610
FBgn0038725	FBpp0311448	1029	0.5151	77	530	0.3982
FBgn0038723	FBpp0083213	363	0.3636	39	132	0.3664
FBgn0038721	FBpp0291654	1099	0.4186	96	460	0.3599
FBgn0038720	FBpp0083217	585	0.2308	53	135	0.2922
FBgn0051459	FBpp0083222	246	0.4024	78	99	0.3803
FBgn0038735	FBpp0307016	524	0.4008	50	210	0.3824
FBgn0038737	FBpp0083225	250	0.4240	40	106	0.3855
FBgn0038739	FBpp0083226	181	0.1215	10	22	0.2604
FBgn0038742	FBpp0083227	405	0.3185	33	129	0.3468
FBgn0014006	FBpp0289484	1363	0.5605	84	764	0.4160
FBgn0038744	FBpp0290339	888	0.5721	61	508	0.4311
FBgn0038747	FBpp0083230	740	0.7824	167	579	0.4876
FBgn0038751	FBpp0083231	490	0.3755	31	184	0.3448
FBgn0038756	FBpp0083232	86	0.3488	18	30	0.3326
FBgn0051213	FBpp0307228	1809	0.3737	105	676	0.3525
FBgn0038760	FBpp0083234	863	0.6825	188	589	0.4947
FBgn0038766	FBpp0083239	319	0.8276	87	264	0.4892
FBgn0038768	FBpp0083240	521	0.5816	95	303	0.4322
FBgn0038772	FBpp0083244	357	0.7675	84	274	0.4778
FBgn0038771	FBpp0083245	330	0.2636	23	87	0.3415
FBgn0040571	FBpp0083247	68	0.3235	13	22	0.3189
FBgn0038769	FBpp0083248	540	0.6815	87	368	0.4595
FBgn0038767	FBpp0083249	439	0.6651	114	292	0.4510
FBgn0038765	FBpp0083250	345	0.6290	80	217	0.4366
FBgn0038763	FBpp0083252	365	0.3068	38	112	0.3455
FBgn0038761	FBpp0298347	257	0.4864	55	125	0.4039
FBgn0038755	FBpp0083255	462	0.4610	34	213	0.3798
FBgn0021776	FBpp0083256	829	0.8118	92	673	0.4746
FBgn0038753	FBpp0083258	632	0.3434	36	217	0.3320
FBgn0038752	FBpp0083259	573	0.2792	44	160	0.2940
FBgn0038750	FBpp0083260	577	0.1698	22	98	0.2814
FBgn0038749	FBpp0083261	116	0.6897	64	80	0.4557
FBgn0038746	FBpp0083263	324	0.9444	138	306	0.5835
FBgn0038745	FBpp0310666	679	0.3667	31	249	0.3824
FBgn0002940	FBpp0083266	373	0.1394	24	52	0.2816
FBgn0038741	FBpp0083267	381	0.7795	152	297	0.4715
FBgn0038740	FBpp0303069	1408	0.3175	58	447	0.3433
FBgn0038738	FBpp0083269	482	0.2614	21	126	0.3427
FBgn0038773	FBpp0083273	676	0.8817	164	596	0.5241
FBgn0045471	FBpp0083274	386	0.1321	33	51	0.2773
FBgn0038774	FBpp0083275	169	0.6331	41	107	0.4399
FBgn0038775	FBpp0083282	461	0.3601	51	166	0.3643
FBgn0051206	FBpp0306624	198	0.7475	78	148	0.4706
FBgn0003249	FBpp0083284	383	0.3081	35	118	0.3210
FBgn0038788	FBpp0424325	386	0.4041	48	156	0.4040
FBgn0038789	FBpp0307906	678	0.2625	52	178	0.3440
FBgn0038790	FBpp0083292	43	0.5814	16	25	0.4226
FBgn0038796	FBpp0083293	273	0.6410	57	175	0.4167
FBgn0038798	FBpp0083295	408	0.2475	30	101	0.3052
FBgn0038799	FBpp0083296	502	0.2112	35	106	0.2987
FBgn0002869	FBpp0083298	43	0.5116	12	22	0.4122
FBgn0038797	FBpp0306654	304	0.2632	24	80	0.3375
FBgn0038795	FBpp0083302	364	0.2912	39	106	0.3646
FBgn0038787	FBpp0083307	556	0.6691	127	372	0.4333
FBgn0038784	FBpp0083308	233	0.2146	21	50	0.3300
FBgn0038783	FBpp0423078	230	0.4000	31	92	0.3673
FBgn0053192	FBpp0300409	44	0.6591	29	29	0.4486
FBgn0043457	FBpp0271776	355	0.6563	82	233	0.4349
FBgn0038803	FBpp0083313	552	0.3261	26	180	0.3740
FBgn0038806	FBpp0083317	279	0.5305	34	148	0.3929
FBgn0038808	FBpp0271779	109	0.7615	55	83	0.4679
FBgn0038810	FBpp0083319	650	0.6092	68	396	0.4374
FBgn0023097	FBpp0303076	1207	0.6413	70	774	0.4351
FBgn0038815	FBpp0083321	594	0.4815	116	286	0.3997
FBgn0001169	FBpp0083322	1077	0.7382	111	795	0.4787
FBgn0038816	FBpp0306703	2513	0.3756	61	944	0.3727
FBgn0038819	FBpp0083327	381	0.1417	28	54	0.3140
FBgn0051205	FBpp0289679	274	0.4891	45	134	0.3905
FBgn0004107	FBpp0083329	314	0.3599	44	113	0.3684
FBgn0051200	FBpp0083337	284	0.5845	29	166	0.4047
FBgn0051199	FBpp0083338	293	0.2321	15	68	0.3368
FBgn0038821	FBpp0310532	363	0.8595	81	312	0.4776
FBgn0024944	FBpp0303555	751	0.5513	89	414	0.3882
FBgn0038820	FBpp0083343	263	0.2966	48	78	0.3266
FBgn0038818	FBpp0083345	1040	0.5923	126	616	0.4198
FBgn0028422	FBpp0083346	902	0.4224	68	381	0.3794
FBgn0051201	FBpp0110134	897	0.4281	68	384	0.3820
FBgn0015279	FBpp0083348	1088	0.4991	94	543	0.3967
FBgn0038814	FBpp0303061	984	0.3801	54	374	0.3549
FBgn0038811	FBpp0291529	442	0.7036	64	311	0.4385
FBgn0014029	FBpp0083352	419	0.6110	141	256	0.4350
FBgn0038809	FBpp0290027	573	0.5236	70	300	0.4157
FBgn0023212	FBpp0083354	118	0.6271	23	74	0.4350
FBgn0038805	FBpp0083356	284	0.8627	223	245	0.5084
FBgn0038804	FBpp0083357	441	0.3651	32	161	0.3696
FBgn0040575	FBpp0083358	67	0.4478	13	30	0.3728
FBgn0038826	FBpp0306764	761	0.5493	49	418	0.4111
FBgn0019936	FBpp0083371	120	0.7750	72	93	0.4520
FBgn0051223	FBpp0423258	394	0.5381	86	212	0.4142
FBgn0053094	FBpp0306774	495	0.7778	62	385	0.4679
FBgn0038832	FBpp0083374	725	0.6524	99	473	0.4334
FBgn0038833	FBpp0083375	179	0.7430	106	133	0.4806
FBgn0038834	FBpp0083376	132	0.4015	51	53	0.4348
FBgn0028396	FBpp0083378	129	0.3876	49	50	0.3573
FBgn0044812	FBpp0083379	129	0.5736	62	74	0.4000
FBgn0038838	FBpp0083380	138	0.5145	56	71	0.3943
FBgn0044809	FBpp0083381	147	0.3741	22	55	0.3359
FBgn0038840	FBpp0307023	907	0.4168	50	378	0.3788
FBgn0038842	FBpp0112169	445	0.6427	59	286	0.4507
FBgn0051191	FBpp0310710	495	0.7414	92	367	0.4905
FBgn0044810	FBpp0083389	142	0.5634	26	80	0.3886
FBgn0038839	FBpp0083390	228	0.3772	30	86	0.3777
FBgn0038837	FBpp0083391	853	0.3611	35	308	0.3570
FBgn0027493	FBpp0083395	447	0.2729	28	122	0.3527
FBgn0038830	FBpp0083396	149	0.4430	19	66	0.3868
FBgn0038829	FBpp0083397	281	0.7900	133	222	0.5142
FBgn0038828	FBpp0083398	169	0.2663	29	45	0.3093
FBgn0038827	FBpp0083399	1478	0.3965	56	586	0.3802
FBgn0046689	FBpp0083400	393	0.5242	52	206	0.4115
FBgn0051195	FBpp0291398	807	0.5006	101	404	0.3948
FBgn0013995	FBpp0301144	973	0.3967	67	386	0.3275
FBgn0038846	FBpp0083405	133	0.4211	31	56	0.3602
FBgn0026056	FBpp0083406	625	0.7568	173	473	0.4965
FBgn0038847	FBpp0083407	229	0.5721	39	131	0.4163
FBgn0038851	FBpp0083410	325	0.5785	54	188	0.4298
FBgn0038855	FBpp0083411	546	0.4872	87	266	0.4026
FBgn0028468	FBpp0083412	477	0.1300	41	62	0.2593
FBgn0015790	FBpp0083414	214	0.5841	31	125	0.3969
FBgn0010770	FBpp0083415	460	0.6000	163	276	0.4705
FBgn0038858	FBpp0306057	220	0.1909	12	42	0.3218
FBgn0038860	FBpp0083418	684	0.5950	68	407	0.4313
FBgn0038862	FBpp0083419	896	0.5971	95	535	0.4373
FBgn0038866	FBpp0083429	428	0.4696	47	201	0.3837
FBgn0038865	FBpp0083431	554	0.3412	39	189	0.3686
FBgn0038861	FBpp0083432	320	0.5875	33	188	0.4081
FBgn0038859	FBpp0083433	196	0.5969	55	117	0.4079
FBgn0038857	FBpp0083435	286	0.6189	40	177	0.4250
FBgn0038854	FBpp0083437	974	0.3665	62	357	0.3703
FBgn0038853	FBpp0083438	1330	0.7105	143	945	0.4679
FBgn0038852	FBpp0083439	323	0.5604	68	181	0.4343
FBgn0003257	FBpp0083440	493	0.1826	18	90	0.3229
FBgn0025865	FBpp0083441	559	0.6923	103	387	0.4642
FBgn0038850	FBpp0423056	245	0.1714	16	42	0.3317
FBgn0038849	FBpp0083445	255	0.2549	27	65	0.3412
FBgn0051207	FBpp0083446	258	0.2713	21	70	0.3450
FBgn0051189	FBpp0290041	258	0.2364	8	61	0.3329
FBgn0013812	FBpp0307750	4496	0.3786	58	1702	0.3770
FBgn0046763	FBpp0083449	80	0.5750	28	46	0.3681
FBgn0038845	FBpp0083450	522	0.3372	35	176	0.3692
FBgn0038868	FBpp0083451	309	0.5081	81	157	0.4237
FBgn0038870	FBpp0083452	1019	0.4524	34	461	0.3871
FBgn0038873	FBpp0308330	738	0.2168	44	160	0.3044
FBgn0038874	FBpp0083456	471	0.3631	67	171	0.3365
FBgn0038876	FBpp0083457	256	0.5547	70	142	0.4076
FBgn0038879	FBpp0083458	95	0.0000	0	0	0.1717
FBgn0002781	FBpp0083478	610	0.7230	162	441	0.4723
FBgn0004110	FBpp0083485	416	0.7476	88	311	0.4693
FBgn0004862	FBpp0083486	382	0.6963	80	266	0.4659
FBgn0038887	FBpp0112173	753	0.2151	39	162	0.3388
FBgn0011278	FBpp0083490	479	0.6388	123	306	0.4531
FBgn0008651	FBpp0304711	410	0.8049	124	330	0.4988
FBgn0038881	FBpp0083494	1108	0.5695	84	631	0.4218
FBgn0038878	FBpp0083499	250	0.2800	21	70	0.3400
FBgn0038877	FBpp0083501	319	0.3292	22	105	0.3673
FBgn0043012	FBpp0083502	142	0.2676	17	38	0.3355
FBgn0000527	FBpp0083505	879	0.3003	27	264	0.3537
FBgn0038871	FBpp0083506	204	0.2500	19	51	0.3227
FBgn0038869	FBpp0083507	393	0.4809	35	189	0.3940
FBgn0038889	FBpp0083508	1489	0.6978	154	1039	0.4535
FBgn0004863	FBpp0083510	339	0.5900	81	200	0.4638
FBgn0038890	FBpp0306725	1142	0.5525	100	631	0.4145
FBgn0038894	FBpp0083512	260	0.3500	24	91	0.3703
FBgn0051176	FBpp0083513	460	0.6696	74	308	0.4396
FBgn0011766	FBpp0306739	821	0.6724	94	552	0.4568
FBgn0038892	FBpp0083520	281	0.5409	30	152	0.4088
FBgn0002941	FBpp0303415	698	0.7278	94	508	0.4646
FBgn0038897	FBpp0083523	968	0.3461	36	335	0.3681
FBgn0051343	FBpp0083524	961	0.4391	28	422	0.3855
FBgn0051233	FBpp0083525	952	0.4422	51	421	0.3759
FBgn0051198	FBpp0083526	940	0.4957	69	466	0.3949
FBgn0038901	FBpp0083529	173	0.4393	26	76	0.3601
FBgn0038902	FBpp0083530	302	0.4106	23	124	0.3641
FBgn0041229	FBpp0083531	419	0.2124	23	89	0.2814
FBgn0051431	FBpp0083535	361	0.4903	57	177	0.3708
FBgn0064912	FBpp0289352	217	0.6959	85	151	0.4830
FBgn0038912	FBpp0083537	395	0.4962	34	196	0.4008
FBgn0053092	FBpp0083538	614	0.3029	34	186	0.3640
FBgn0051465	FBpp0423062	983	0.7396	204	727	0.4833
FBgn0038917	FBpp0083546	373	0.2091	24	78	0.3277
FBgn0038918	FBpp0083547	562	0.3737	39	210	0.3699
FBgn0038919	FBpp0083548	552	0.3786	42	209	0.3869
FBgn0038916	FBpp0083549	179	0.2626	19	47	0.3614
FBgn0038915	FBpp0083550	186	0.4301	48	80	0.3834
FBgn0038914	FBpp0083551	121	0.3967	24	48	0.3878
FBgn0051174	FBpp0083552	203	0.8276	68	168	0.4904
FBgn0038909	FBpp0083553	426	0.7629	83	325	0.4604
FBgn0015229	FBpp0083555	228	0.8202	95	187	0.4840
FBgn0045468	FBpp0083556	381	0.1811	23	69	0.2826
FBgn0045469	FBpp0083557	397	0.1486	24	59	0.2823
FBgn0045470	FBpp0288675	395	0.2076	33	82	0.2894
FBgn0013759	FBpp0303394	929	0.3014	35	280	0.3564
FBgn0003867	FBpp0083563	353	0.4419	39	156	0.3928
FBgn0038903	FBpp0083564	120	0.7000	63	84	0.4497
FBgn0027575	FBpp0308298	1224	0.5147	184	630	0.4051
FBgn0038921	FBpp0083568	353	0.7280	81	257	0.4722
FBgn0038923	FBpp0083569	178	0.7360	39	131	0.4520
FBgn0019957	FBpp0083570	407	0.3833	55	156	0.3773
FBgn0038928	FBpp0083574	239	0.6276	32	150	0.4123
FBgn0038929	FBpp0083577	257	0.4358	24	112	0.3548
FBgn0040582	FBpp0083578	98	0.3265	12	32	0.3445
FBgn0038931	FBpp0083579	444	0.7793	128	346	0.4767
FBgn0038930	FBpp0083580	117	0.0085	1	1	0.2401
FBgn0038927	FBpp0083581	576	0.5260	49	303	0.4102
FBgn0038926	FBpp0083582	547	0.2303	23	126	0.3053
FBgn0038925	FBpp0083583	281	0.6584	88	185	0.4123
FBgn0038924	FBpp0083584	293	0.3584	26	105	0.3701
FBgn0019960	FBpp0307187	746	0.5416	55	404	0.4086
FBgn0038922	FBpp0083588	370	0.3324	24	123	0.3580
FBgn0051164	FBpp0083591	595	0.4218	28	251	0.3646
FBgn0051163	FBpp0303407	1080	0.6037	96	652	0.4220
FBgn0038934	FBpp0301888	1364	0.5652	146	771	0.4207
FBgn0038938	FBpp0083599	597	0.3585	79	214	0.3419
FBgn0038941	FBpp0083601	334	0.7365	80	246	0.4755
FBgn0038942	FBpp0083602	111	0.7297	46	81	0.4270
FBgn0038946	FBpp0083603	248	0.1089	10	27	0.3107
FBgn0038947	FBpp0083604	193	0.2280	15	44	0.3310
FBgn0260467	FBpp0083608	302	0.5861	46	177	0.4106
FBgn0038952	FBpp0083612	744	0.5457	177	406	0.4563
FBgn0038953	FBpp0083613	1136	0.3204	28	364	0.3641
FBgn0038957	FBpp0083616	267	0.3708	20	99	0.3700
FBgn0038959	FBpp0083619	189	0.6455	48	122	0.4572
FBgn0038960	FBpp0083620	706	0.5963	49	421	0.4300
FBgn0038965	FBpp0083624	219	0.3333	23	73	0.3818
FBgn0038964	FBpp0083625	496	0.3911	65	194	0.3785
FBgn0038961	FBpp0083626	564	0.4238	33	239	0.3771
FBgn0038958	FBpp0083627	342	0.5497	87	188	0.4197
FBgn0038956	FBpp0083628	303	0.3795	37	115	0.3800
FBgn0038951	FBpp0083629	293	0.3481	26	102	0.3748
FBgn0038948	FBpp0303404	441	0.7460	84	329	0.4724
FBgn0038945	FBpp0083633	254	0.6299	54	160	0.4536
FBgn0038944	FBpp0083634	165	0.2242	21	37	0.2892
FBgn0038943	FBpp0083635	177	0.6949	63	123	0.4311
FBgn0051423	FBpp0307908	604	0.4238	26	256	0.3707
FBgn0051424	FBpp0307909	592	0.4155	43	246	0.3632
FBgn0038972	FBpp0083647	179	0.5531	35	99	0.3998
FBgn0038973	FBpp0083648	176	0.4545	26	80	0.3931
FBgn0038975	FBpp0306677	1847	0.4981	132	920	0.4041
FBgn0038976	FBpp0083650	168	0.6964	33	117	0.4533
FBgn0038978	FBpp0083651	126	0.6667	38	84	0.4390
FBgn0038979	FBpp0290698	134	0.6716	55	90	0.4495
FBgn0053110	FBpp0083657	337	0.3353	45	113	0.3487
FBgn0028837	FBpp0083658	341	0.4135	24	141	0.3786
FBgn0038989	FBpp0083659	356	0.8343	84	297	0.4973
FBgn0051158	FBpp0306626	1601	0.7614	183	1219	0.4956
FBgn0038993	FBpp0083662	362	0.7155	63	259	0.4322
FBgn0051159	FBpp0083663	740	0.5000	44	370	0.3935
FBgn0051161	FBpp0293210	459	0.6863	105	315	0.4429
FBgn0020278	FBpp0083666	1541	0.6243	121	962	0.4355
FBgn0051156	FBpp0083670	948	0.5907	131	560	0.4312
FBgn0014949	FBpp0083671	158	0.9051	69	143	0.5126
FBgn0053107	FBpp0083672	291	0.2646	17	77	0.3420
FBgn0024558	FBpp0083673	281	0.3203	22	90	0.3454
FBgn0038986	FBpp0083674	295	0.2373	18	70	0.3235
FBgn0038984	FBpp0083676	444	0.2635	41	117	0.3012
FBgn0038983	FBpp0083678	277	0.1913	12	53	0.2892
FBgn0053099	FBpp0083681	331	0.4048	23	134	0.3752
FBgn0038981	FBpp0083682	403	0.4864	45	196	0.4027
FBgn0003676	FBpp0083683	557	0.1472	26	82	0.3335
FBgn0038977	FBpp0083685	229	0.8515	75	195	0.4882
FBgn0038974	FBpp0083686	278	0.4173	23	116	0.3666
FBgn0028688	FBpp0083687	389	0.3728	26	145	0.3711
FBgn0038968	FBpp0083688	2059	0.4284	126	882	0.3837
FBgn0038967	FBpp0290925	759	0.8603	210	653	0.5227
FBgn0038966	FBpp0083690	273	0.5678	39	155	0.4157
FBgn0039002	FBpp0083694	142	0.3592	35	51	0.3584
FBgn0039004	FBpp0083695	1200	0.3492	33	419	0.3721
FBgn0039006	FBpp0083697	515	0.4466	29	230	0.3741
FBgn0039008	FBpp0312598	296	0.3953	35	117	0.3824
FBgn0039017	FBpp0083701	501	0.5689	79	285	0.4217
FBgn0039019	FBpp0083702	237	0.4641	63	110	0.4083
FBgn0039025	FBpp0083704	424	0.5660	68	240	0.4272
FBgn0039026	FBpp0083705	1744	0.8182	340	1427	0.4978
FBgn0039027	FBpp0083706	475	0.6000	73	285	0.4369
FBgn0039029	FBpp0083707	354	0.3870	31	137	0.3734
FBgn0039028	FBpp0308284	466	0.6352	128	296	0.4528
FBgn0040588	FBpp0083709	120	0.5583	49	67	0.3971
FBgn0039024	FBpp0083710	686	0.5452	82	374	0.3989
FBgn0039023	FBpp0083711	696	0.5187	38	361	0.4038
FBgn0039022	FBpp0083712	741	0.5574	55	413	0.4135
FBgn0051139	FBpp0083714	397	0.2645	30	105	0.3454
FBgn0039016	FBpp0083717	2249	0.5091	141	1145	0.4109
FBgn0039015	FBpp0291414	281	0.3630	27	102	0.3642
FBgn0039013	FBpp0083719	398	0.7538	77	300	0.4943
FBgn0024958	FBpp0083720	902	0.3404	34	307	0.3595
FBgn0051151	FBpp0302573	1669	0.6645	164	1109	0.4589
FBgn0039010	FBpp0083723	919	0.2231	34	205	0.3022
FBgn0039009	FBpp0311469	772	0.3782	39	292	0.3726
FBgn0039007	FBpp0083726	155	0.7742	48	120	0.4900
FBgn0039003	FBpp0083727	853	0.3376	62	288	0.3443
FBgn0046114	FBpp0083729	285	0.4947	46	141	0.4003
FBgn0017590	FBpp0083730	545	0.5028	74	274	0.3925
FBgn0039030	FBpp0083731	272	0.1287	17	35	0.2530
FBgn0051281	FBpp0083732	164	0.7561	115	124	0.4864
FBgn0039031	FBpp0083733	159	0.6604	39	105	0.4247
FBgn0039033	FBpp0083734	387	0.2403	16	93	0.3131
FBgn0039034	FBpp0083735	383	0.2141	29	82	0.3112
FBgn0039038	FBpp0083736	424	0.6014	48	255	0.4153
FBgn0039041	FBpp0083737	91	0.5604	24	51	0.4127
FBgn0039042	FBpp0083738	223	0.4664	40	104	0.3792
FBgn0041225	FBpp0083739	404	0.1708	20	69	0.2934
FBgn0027526	FBpp0083740	320	0.4531	30	145	0.3976
FBgn0039049	FBpp0083741	401	0.2743	21	110	0.3637
FBgn0039050	FBpp0083743	402	0.2090	12	84	0.3565
FBgn0039051	FBpp0083744	400	0.2650	23	106	0.3641
FBgn0039052	FBpp0083745	401	0.3466	29	139	0.3754
FBgn0039053	FBpp0083746	401	0.1895	28	76	0.3425
FBgn0039054	FBpp0307957	632	0.7263	98	459	0.4777
FBgn0039048	FBpp0292542	792	0.4773	40	378	0.3921
FBgn0053193	FBpp0083749	608	0.7615	154	463	0.4932
FBgn0039045	FBpp0083750	397	0.1662	34	66	0.2967
FBgn0039044	FBpp0083753	495	0.6727	72	333	0.4401
FBgn0039043	FBpp0083754	361	0.2133	18	77	0.3261
FBgn0039040	FBpp0083755	321	0.2150	15	69	0.3078
FBgn0039039	FBpp0083757	866	0.7644	123	662	0.4680
FBgn0039056	FBpp0083761	828	0.5000	91	414	0.4045
FBgn0039066	FBpp0083766	643	0.7418	204	477	0.5112
FBgn0039068	FBpp0300234	234	0.2778	26	65	0.3515
FBgn0025781	FBpp0083769	718	0.3635	36	261	0.3656
FBgn0039069	FBpp0083770	354	0.4124	24	146	0.3750
FBgn0039071	FBpp0083774	535	0.4355	28	233	0.3887
FBgn0039070	FBpp0083775	550	0.6982	69	384	0.4520
FBgn0039067	FBpp0083779	743	0.4603	76	342	0.4141
FBgn0039065	FBpp0083780	424	0.7335	165	311	0.4769
FBgn0039064	FBpp0110098	1125	0.4142	47	466	0.3875
FBgn0011596	FBpp0083791	718	0.4763	39	342	0.3947
FBgn0039059	FBpp0083792	211	0.1422	18	30	0.2546
FBgn0039058	FBpp0083793	350	0.1657	19	58	0.3421
FBgn0004395	FBpp0312602	673	0.7994	140	538	0.4678
FBgn0051457	FBpp0083797	337	0.6855	56	231	0.4480
FBgn0051365	FBpp0083798	639	0.7089	84	453	0.4591
FBgn0039055	FBpp0083799	806	0.7928	96	639	0.4762
FBgn0024509	FBpp0083801	356	0.4635	77	165	0.4076
FBgn0002622	FBpp0083802	246	0.5122	50	126	0.4061
FBgn0051225	FBpp0288732	558	0.3262	35	182	0.3490
FBgn0039079	FBpp0271710	545	0.2917	32	159	0.3429
FBgn0039080	FBpp0271713	559	0.3703	42	207	0.3551
FBgn0039088	FBpp0083809	386	0.7487	50	289	0.4695
FBgn0039087	FBpp0083810	540	0.2204	27	119	0.3354
FBgn0039086	FBpp0083811	519	0.3295	25	171	0.3460
FBgn0039085	FBpp0083812	539	0.4304	39	232	0.3661
FBgn0039083	FBpp0083816	411	0.3625	47	149	0.3779
FBgn0039081	FBpp0308685	454	0.5749	77	261	0.4023
FBgn0039078	FBpp0302712	772	0.6749	116	521	0.4625
FBgn0039077	FBpp0289145	119	0.4622	35	55	0.3800
FBgn0051515	FBpp0293107	129	0.5891	32	76	0.3942
FBgn0039075	FBpp0290307	1325	0.7026	167	931	0.4661
FBgn0039073	FBpp0083823	479	0.4175	27	200	0.3829
FBgn0016119	FBpp0083824	106	0.7264	34	77	0.4303
FBgn0039089	FBpp0304700	446	0.4753	63	212	0.4116
FBgn0039098	FBpp0083826	216	0.3472	26	75	0.3645
FBgn0039099	FBpp0083827	207	0.3671	21	76	0.3512
FBgn0039101	FBpp0292249	372	0.2419	14	90	0.3487
FBgn0042106	FBpp0292250	341	0.4018	34	137	0.3601
FBgn0039102	FBpp0083832	400	0.3050	26	122	0.3528
FBgn0051148	FBpp0083833	561	0.3102	48	174	0.3600
FBgn0051413	FBpp0083834	561	0.4029	51	226	0.3782
FBgn0051414	FBpp0112317	566	0.4240	36	240	0.3874
FBgn0039106	FBpp0112996	306	0.4150	30	127	0.3765
FBgn0039107	FBpp0083837	311	0.4437	26	138	0.3842
FBgn0039109	FBpp0083838	284	0.4507	45	128	0.4163
FBgn0028684	FBpp0083843	428	0.4696	45	201	0.3919
FBgn0039111	FBpp0083844	200	0.4950	40	99	0.3921
FBgn0039112	FBpp0083857	182	0.0879	8	16	0.2549
FBgn0028475	FBpp0083858	819	0.2821	100	231	0.3512
FBgn0039110	FBpp0083859	449	0.7149	58	321	0.4505
FBgn0028691	FBpp0083860	382	0.3796	36	145	0.3670
FBgn0039108	FBpp0311467	509	0.5521	43	281	0.3947
FBgn0002922	FBpp0083863	332	0.7952	60	264	0.4726
FBgn0047351	FBpp0083864	80	0.9000	35	72	0.4873
FBgn0043005	FBpp0112259	602	0.3555	87	214	0.3285
FBgn0039104	FBpp0083866	229	0.6638	32	152	0.4231
FBgn0027512	FBpp0083867	1398	0.5873	102	821	0.4320
FBgn0051145	FBpp0423142	982	0.6385	124	627	0.4454
FBgn0039094	FBpp0083872	383	0.2350	18	90	0.3209
FBgn0039093	FBpp0271699	685	0.2277	22	156	0.3018
FBgn0039092	FBpp0293153	695	0.1986	45	138	0.2939
FBgn0053337	FBpp0293154	708	0.2090	52	148	0.3008
FBgn0039091	FBpp0083876	699	0.1545	40	108	0.2856
FBgn0051141	FBpp0083878	253	0.1621	14	41	0.2751
FBgn0039125	FBpp0083879	578	0.2941	25	170	0.3128
FBgn0047114	FBpp0083880	155	0.5871	24	91	0.4255
FBgn0039128	FBpp0083881	295	0.5559	56	164	0.4262
FBgn0039130	FBpp0083882	371	0.3935	43	146	0.3682
FBgn0039132	FBpp0083884	157	0.3248	15	51	0.3528
FBgn0051140	FBpp0303397	1571	0.4819	111	757	0.4123
FBgn0039136	FBpp0083889	243	0.5514	48	134	0.4332
FBgn0015795	FBpp0083891	207	0.4444	30	92	0.4015
FBgn0053108	FBpp0083892	267	0.3708	44	99	0.3663
FBgn0051184	FBpp0083893	103	0.4854	20	50	0.3844
FBgn0020647	FBpp0083894	1175	0.4860	97	571	0.4065
FBgn0039137	FBpp0303396	763	0.5125	109	391	0.4129
FBgn0039135	FBpp0083897	233	0.2189	39	51	0.2820
FBgn0005674	FBpp0083898	1714	0.4708	58	807	0.3989
FBgn0039131	FBpp0083900	531	0.2542	28	135	0.3444
FBgn0039129	FBpp0083905	155	0.6000	41	93	0.4225
FBgn0015282	FBpp0083906	439	0.5125	53	225	0.4249
FBgn0039126	FBpp0303395	277	0.4693	45	130	0.3781
FBgn0016754	FBpp0303406	1606	0.7416	201	1191	0.4818
FBgn0039124	FBpp0083911	513	0.7778	104	399	0.4765
FBgn0013347	FBpp0083912	106	0.3679	22	39	0.3751
FBgn0025574	FBpp0083913	424	0.4057	49	172	0.3742
FBgn0039139	FBpp0083917	608	0.5740	54	349	0.4212
FBgn0039141	FBpp0083918	758	0.6227	144	472	0.4439
FBgn0043455	FBpp0083920	232	0.7759	90	180	0.4945
FBgn0026576	FBpp0083921	447	0.4497	79	201	0.3977
FBgn0039145	FBpp0309807	154	0.6039	26	93	0.4236
FBgn0040283	FBpp0083926	1238	0.7173	275	888	0.4621
FBgn0039147	FBpp0083927	290	0.5862	25	170	0.4134
FBgn0039149	FBpp0083928	144	0.9722	100	140	0.5996
FBgn0039152	FBpp0293091	2048	0.8428	226	1726	0.4933
FBgn0039154	FBpp0083933	170	0.1059	7	18	0.3201
FBgn0039155	FBpp0083934	525	0.7276	83	382	0.4489
FBgn0039156	FBpp0083935	544	0.2647	28	144	0.3444
FBgn0039158	FBpp0083936	306	0.4804	39	147	0.3879
FBgn0026598	FBpp0083937	1067	0.6167	152	658	0.4458
FBgn0039161	FBpp0310671	134	0.3657	22	49	0.3475
FBgn0039165	FBpp0083940	903	0.4009	58	362	0.3812
FBgn0026257	FBpp0083943	345	0.8899	138	307	0.4916
FBgn0039170	FBpp0083945	364	0.5082	39	185	0.4115
FBgn0002863	FBpp0083946	52	0.4231	21	22	0.3321
FBgn0039172	FBpp0083949	179	0.1341	7	24	0.3366
FBgn0039169	FBpp0303408	985	0.6924	138	682	0.4514
FBgn0011725	FBpp0083954	567	0.3580	44	203	0.3782
FBgn0039167	FBpp0083957	584	0.6301	110	368	0.4357
FBgn0039163	FBpp0083959	244	0.6352	49	155	0.4556
FBgn0039160	FBpp0083961	329	0.4225	27	139	0.3685
FBgn0039159	FBpp0083962	165	0.4788	73	79	0.4077
FBgn0015765	FBpp0083965	366	0.4071	32	149	0.3803
FBgn0051133	FBpp0083968	464	0.4353	96	202	0.3843
FBgn0039151	FBpp0083970	546	0.4322	84	236	0.3818
FBgn0039150	FBpp0289929	669	0.4888	48	327	0.3798
FBgn0053100	FBpp0289702	248	0.4113	23	102	0.3815
FBgn0013343	FBpp0292260	296	0.6284	120	186	0.4398
FBgn0001230	FBpp0083974	635	0.5386	56	342	0.4022
FBgn0005649	FBpp0083976	470	0.4468	36	210	0.3811
FBgn0039140	FBpp0083981	673	0.3908	29	263	0.3660
FBgn0019952	FBpp0083983	548	0.2646	53	145	0.3048
FBgn0039178	FBpp0083985	570	0.2860	30	163	0.3187
FBgn0011785	FBpp0083988	2232	0.6680	305	1491	0.4680
FBgn0039183	FBpp0083989	982	0.5000	67	491	0.4066
FBgn0039184	FBpp0083990	674	0.3160	23	213	0.3459
FBgn0011581	FBpp0083991	100	0.4600	21	46	0.3500
FBgn0039187	FBpp0271831	1569	0.5430	112	852	0.4160
FBgn0053339	FBpp0292614	313	0.5272	142	165	0.4305
FBgn0053340	FBpp0083995	229	0.6987	87	160	0.4685
FBgn0039193	FBpp0292615	219	0.2420	22	53	0.3481
FBgn0053341	FBpp0083997	306	0.5294	98	162	0.4236
FBgn0039194	FBpp0083998	348	0.6178	187	215	0.4355
FBgn0039199	FBpp0084001	331	0.4381	41	145	0.3872
FBgn0039200	FBpp0084002	231	0.3896	26	90	0.3623
FBgn0000036	FBpp0303342	597	0.2211	32	132	0.3241
FBgn0039198	FBpp0428097	397	0.5239	53	208	0.3935
FBgn0039197	FBpp0084005	345	0.4783	60	165	0.3804
FBgn0039196	FBpp0084007	429	0.6807	110	292	0.4256
FBgn0039195	FBpp0084008	479	0.7474	214	358	0.4687
FBgn0039192	FBpp0084010	237	0.4135	33	98	0.3681
FBgn0039190	FBpp0084011	200	0.8450	129	169	0.5105
FBgn0039189	FBpp0084012	493	0.3225	32	159	0.3663
FBgn0039188	FBpp0084013	516	0.8043	109	415	0.4804
FBgn0039186	FBpp0271790	480	0.7708	132	370	0.4586
FBgn0039182	FBpp0084016	1430	0.3958	198	566	0.3937
FBgn0028471	FBpp0084017	1004	0.7988	235	802	0.5350
FBgn0039180	FBpp0084018	295	0.5492	40	162	0.4068
FBgn0039175	FBpp0084021	589	0.3056	26	180	0.3570
FBgn0051128	FBpp0084022	166	0.3313	24	55	0.3166
FBgn0000039	FBpp0084023	576	0.2726	23	157	0.3289
FBgn0039201	FBpp0084025	737	0.8494	207	626	0.5119
FBgn0003134	FBpp0084026	327	0.2813	29	92	0.3581
FBgn0039203	FBpp0084027	252	0.4167	21	105	0.3673
FBgn0039204	FBpp0084028	406	0.7586	89	308	0.4794
FBgn0039213	FBpp0084036	541	0.3235	39	175	0.3481
FBgn0000139	FBpp0084040	556	0.5216	69	290	0.4158
FBgn0051126	FBpp0084043	150	0.7733	34	116	0.4679
FBgn0020018	FBpp0084044	475	0.4547	37	216	0.3726
FBgn0051125	FBpp0084045	391	0.8082	66	316	0.4809
FBgn0039214	FBpp0303341	3930	0.4489	167	1764	0.4099
FBgn0046685	FBpp0084049	791	0.4172	57	330	0.3760
FBgn0039212	FBpp0084050	395	0.7165	82	283	0.4460
FBgn0039210	FBpp0084051	647	0.9614	570	622	0.6297
FBgn0039209	FBpp0110092	814	0.7482	123	609	0.4798
FBgn0039205	FBpp0084059	139	0.2734	15	38	0.3590
FBgn0039202	FBpp0288409	280	0.9607	195	269	0.5337
FBgn0004118	FBpp0084061	519	0.4104	59	213	0.3530
FBgn0039217	FBpp0084065	697	0.6628	143	462	0.4547
FBgn0039218	FBpp0084067	67	0.0299	2	2	0.2887
FBgn0004885	FBpp0084068	1464	0.5915	144	866	0.4284
FBgn0003719	FBpp0084070	1067	0.4442	61	474	0.3933
FBgn0000140	FBpp0084071	1954	0.6755	105	1320	0.4405
FBgn0040600	FBpp0084072	83	0.7952	26	66	0.4888
FBgn0039225	FBpp0089401	640	0.5703	49	365	0.4282
FBgn0039228	FBpp0084076	250	0.6320	79	158	0.4430
FBgn0039232	FBpp0084080	186	0.3978	20	74	0.3517
FBgn0013953	FBpp0084081	654	0.2477	70	162	0.3055
FBgn0039233	FBpp0084082	180	0.2833	12	51	0.3628
FBgn0039234	FBpp0306637	699	0.4707	52	329	0.3798
FBgn0039238	FBpp0084084	362	0.7459	181	270	0.4736
FBgn0013949	FBpp0084085	329	0.4012	43	132	0.3669
FBgn0039241	FBpp0084087	590	0.2102	27	124	0.3337
FBgn0043799	FBpp0084088	477	0.5535	62	264	0.4299
FBgn0039244	FBpp0084089	604	0.2136	34	129	0.2999
FBgn0039246	FBpp0084090	463	0.6307	80	292	0.4351
FBgn0039249	FBpp0084091	863	0.5087	118	439	0.4048
FBgn0039250	FBpp0084092	754	0.8674	103	654	0.5093
FBgn0039251	FBpp0084094	407	0.2703	38	110	0.3426
FBgn0040601	FBpp0306639	819	0.8437	412	691	0.5453
FBgn0051121	FBpp0084098	911	0.3699	48	337	0.3587
FBgn0039240	FBpp0306641	1102	0.4782	77	527	0.3990
FBgn0015625	FBpp0084103	575	0.4870	42	280	0.4013
FBgn0039239	FBpp0084104	142	0.5000	35	71	0.3783
FBgn0039237	FBpp0084105	132	0.4242	41	56	0.3958
FBgn0051105	FBpp0271865	561	0.3458	39	194	0.3556
FBgn0039235	FBpp0084107	279	0.4229	37	118	0.3922
FBgn0051119	FBpp0084109	343	0.1953	24	67	0.3278
FBgn0051357	FBpp0084110	394	0.6066	36	239	0.4133
FBgn0051118	FBpp0084111	213	0.4695	41	100	0.3953
FBgn0045980	FBpp0084112	841	0.3258	29	274	0.3631
FBgn0027617	FBpp0084113	653	0.6248	332	408	0.5535
FBgn0027539	FBpp0084114	527	0.2125	28	112	0.2902
FBgn0039227	FBpp0084115	1654	0.7025	107	1162	0.4512
FBgn0039226	FBpp0304087	316	0.6962	49	220	0.4680
FBgn0039224	FBpp0084117	462	0.6320	68	292	0.4336
FBgn0039223	FBpp0084118	339	0.1622	14	55	0.3133
FBgn0015591	FBpp0084119	151	0.4503	28	68	0.3831
FBgn0039219	FBpp0084120	374	0.3904	57	146	0.3894
FBgn0039252	FBpp0084123	730	0.4397	38	321	0.3859
FBgn0039254	FBpp0084124	389	0.4936	47	192	0.4033
FBgn0039257	FBpp0296947	2819	0.8578	420	2418	0.5190
FBgn0039258	FBpp0084130	322	0.2640	53	85	0.3420
FBgn0015240	FBpp0084131	723	0.5505	66	398	0.4095
FBgn0051115	FBpp0288492	290	0.3034	18	88	0.3630
FBgn0045866	FBpp0084133	206	0.4563	25	94	0.3646
FBgn0039264	FBpp0112194	222	0.6216	92	138	0.4124
FBgn0039265	FBpp0084135	302	0.3675	37	111	0.3583
FBgn0039266	FBpp0084138	181	0.9006	84	163	0.4841
FBgn0039270	FBpp0084140	231	0.8268	83	191	0.5065
FBgn0039271	FBpp0293261	254	0.8898	187	226	0.5335
FBgn0039272	FBpp0423042	333	0.4865	33	162	0.3794
FBgn0039274	FBpp0084144	298	0.6846	60	204	0.4322
FBgn0004897	FBpp0084145	372	0.5618	40	209	0.4290
FBgn0004898	FBpp0084146	271	0.5609	33	152	0.4127
FBgn0046214	FBpp0084150	443	0.8262	167	366	0.5078
FBgn0039282	FBpp0290884	828	0.5060	76	419	0.4111
FBgn0039283	FBpp0084155	419	0.6850	94	287	0.4396
FBgn0039280	FBpp0084157	367	0.6812	151	250	0.4603
FBgn0051510	FBpp0084158	1150	0.7983	273	918	0.5000
FBgn0039277	FBpp0112198	752	0.4149	48	312	0.3749
FBgn0039273	FBpp0112197	362	0.3757	28	136	0.3591
FBgn0011336	FBpp0084161	774	0.2532	59	196	0.2980
FBgn0039269	FBpp0290878	246	0.3740	25	92	0.3904
FBgn0051111	FBpp0084165	269	0.5019	60	135	0.4188
FBgn0051109	FBpp0084166	198	0.7273	128	144	0.5185
FBgn0039261	FBpp0084169	700	0.8729	178	611	0.5119
FBgn0039260	FBpp0084171	948	0.4546	83	431	0.4033
FBgn0039259	FBpp0084172	113	0.2655	18	30	0.2771
FBgn0029157	FBpp0084175	1193	0.7460	175	890	0.4772
FBgn0020626	FBpp0084176	784	0.6224	133	488	0.4475
FBgn0051108	FBpp0084177	917	0.5823	131	534	0.4318
FBgn0039286	FBpp0303320	781	0.6159	78	481	0.4519
FBgn0039288	FBpp0084179	235	0.7787	50	183	0.4438
FBgn0039290	FBpp0084180	993	0.4471	60	444	0.3733
FBgn0051106	FBpp0290244	513	0.1657	24	85	0.2693
FBgn0051103	FBpp0112301	506	0.1818	25	92	0.2733
FBgn0039293	FBpp0084183	623	0.2311	61	144	0.3260
FBgn0039297	FBpp0084184	250	0.3240	26	81	0.3518
FBgn0039298	FBpp0084185	249	0.3052	15	76	0.3494
FBgn0039299	FBpp0308366	250	0.2920	24	73	0.3418
FBgn0039301	FBpp0084187	320	0.2188	26	70	0.3388
FBgn0039302	FBpp0293235	2718	0.6475	129	1760	0.4362
FBgn0039303	FBpp0312547	265	0.5132	35	136	0.3648
FBgn0039305	FBpp0084190	130	0.5846	42	76	0.4114
FBgn0039306	FBpp0084191	538	0.5483	73	295	0.4104
FBgn0039310	FBpp0084196	420	0.4548	35	191	0.3886
FBgn0051300	FBpp0084199	422	0.4431	35	187	0.3881
FBgn0051104	FBpp0084200	420	0.3524	38	148	0.3794
FBgn0039315	FBpp0271869	422	0.3673	41	155	0.3753
FBgn0039316	FBpp0084202	416	0.4111	41	171	0.3867
FBgn0039319	FBpp0084203	417	0.4868	40	203	0.3856
FBgn0051370	FBpp0288494	396	0.4192	27	166	0.3686
FBgn0051436	FBpp0084205	420	0.3833	42	161	0.3725
FBgn0028647	FBpp0289959	1426	0.6613	96	943	0.4414
FBgn0027376	FBpp0084207	1332	0.8041	287	1071	0.4923
FBgn0039335	FBpp0084210	640	0.3187	53	204	0.3575
FBgn0039337	FBpp0084211	189	0.7778	46	147	0.4526
FBgn0039338	FBpp0084212	1311	0.6834	263	896	0.4758
FBgn0039336	FBpp0084214	363	0.7851	121	285	0.4791
FBgn0039329	FBpp0084222	933	0.6431	62	600	0.4343
FBgn0039328	FBpp0084223	409	0.3765	34	154	0.3749
FBgn0045761	FBpp0112264	410	0.3732	33	153	0.3756
FBgn0039326	FBpp0084225	405	0.2741	21	111	0.3551
FBgn0039325	FBpp0084226	414	0.4855	28	201	0.3899
FBgn0039324	FBpp0084227	414	0.3889	37	161	0.3772
FBgn0039323	FBpp0288380	415	0.3518	25	146	0.3629
FBgn0051087	FBpp0084229	417	0.3381	25	141	0.3599
FBgn0051099	FBpp0084230	400	0.2925	24	117	0.3551
FBgn0039321	FBpp0084231	425	0.2871	35	122	0.3625
FBgn0051288	FBpp0084234	428	0.3224	22	138	0.3704
FBgn0051097	FBpp0288491	420	0.4333	32	182	0.3870
FBgn0051102	FBpp0307221	420	0.4071	27	171	0.3796
FBgn0051098	FBpp0084237	417	0.4820	37	201	0.3967
FBgn0039312	FBpp0084238	413	0.4044	51	167	0.3791
FBgn0039311	FBpp0112997	422	0.3839	33	162	0.3781
FBgn0027090	FBpp0084240	778	0.4049	31	315	0.3856
FBgn0039304	FBpp0084241	336	0.2083	30	70	0.3064
FBgn0039300	FBpp0084242	84	0.4524	23	38	0.3821
FBgn0000158	FBpp0084243	442	0.5385	39	238	0.4191
FBgn0039296	FBpp0084244	429	0.5338	73	229	0.3966
FBgn0039294	FBpp0308367	789	0.4575	65	361	0.3872
FBgn0039291	FBpp0084247	177	0.7627	50	135	0.4564
FBgn0022800	FBpp0084248	773	0.5653	119	437	0.4205
FBgn0039339	FBpp0084251	526	0.4297	54	226	0.3825
FBgn0039341	FBpp0084252	523	0.3881	41	203	0.3693
FBgn0039342	FBpp0084253	213	0.3052	22	65	0.3397
FBgn0039343	FBpp0084254	614	0.5261	83	323	0.4057
FBgn0011666	FBpp0084255	634	0.3565	42	226	0.3669
FBgn0039346	FBpp0084257	148	0.9189	132	136	0.5870
FBgn0039347	FBpp0084258	680	0.4956	78	337	0.4032
FBgn0039350	FBpp0084260	336	0.7887	82	265	0.4855
FBgn0027508	FBpp0303409	1520	0.4112	100	625	0.3924
FBgn0039344	FBpp0084270	432	0.4676	43	202	0.3911
FBgn0040212	FBpp0303401	807	0.3482	101	281	0.3555
FBgn0039354	FBpp0084273	765	0.2797	49	214	0.3124
FBgn0039356	FBpp0084274	111	0.4955	22	55	0.3731
FBgn0039358	FBpp0084275	402	0.4055	47	163	0.3724
FBgn0039373	FBpp0084276	165	0.4364	29	72	0.3791
FBgn0039374	FBpp0084277	164	0.3476	24	57	0.3974
FBgn0011273	FBpp0084278	148	0.5676	47	84	0.4130
FBgn0039376	FBpp0084279	298	0.7215	75	215	0.4360
FBgn0039379	FBpp0084281	515	0.9107	155	469	0.5139
FBgn0039380	FBpp0423186	229	0.4061	29	93	0.3850
FBgn0039381	FBpp0290043	422	0.1825	37	77	0.2737
FBgn0027865	FBpp0303196	284	0.3169	30	90	0.2961
FBgn0040602	FBpp0084287	144	0.5486	53	79	0.4029
FBgn0011668	FBpp0084288	75	0.0933	7	7	0.2587
FBgn0011669	FBpp0084289	40	0.5250	21	21	0.3526
FBgn0011670	FBpp0308307	76	0.6053	33	46	0.3548
FBgn0051093	FBpp0084291	145	0.4759	34	69	0.4055
FBgn0051380	FBpp0084292	405	0.3136	30	127	0.3602
FBgn0039371	FBpp0084293	174	0.2414	33	42	0.2994
FBgn0039368	FBpp0084296	276	0.1993	21	55	0.2913
FBgn0039367	FBpp0288643	290	0.2241	29	65	0.3029
FBgn0066101	FBpp0290685	1076	0.4898	38	527	0.4019
FBgn0051092	FBpp0112298	1064	0.4370	52	465	0.4000
FBgn0039360	FBpp0084303	322	0.3043	37	98	0.3240
FBgn0039359	FBpp0084306	135	0.6815	50	92	0.4582
FBgn0039357	FBpp0084307	297	0.2121	22	63	0.3059
FBgn0039355	FBpp0084308	392	0.7321	73	287	0.4462
FBgn0028717	FBpp0308304	728	0.6113	69	445	0.4205
FBgn0039385	FBpp0084312	454	0.6498	67	295	0.4464
FBgn0039386	FBpp0084313	270	0.2444	13	66	0.3145
FBgn0039387	FBpp0084314	677	0.4993	38	338	0.3912
FBgn0051091	FBpp0301062	424	0.3561	27	151	0.3588
FBgn0051089	FBpp0084316	421	0.2874	24	121	0.3444
FBgn0039398	FBpp0084322	613	0.8989	207	551	0.4941
FBgn0000206	FBpp0084323	896	0.3426	98	307	0.3457
FBgn0002734	FBpp0084328	173	0.6705	46	116	0.4546
FBgn0002735	FBpp0084329	205	0.7122	44	146	0.4622
FBgn0002732	FBpp0084330	138	0.7319	61	101	0.4627
FBgn0002578	FBpp0084331	156	0.4359	24	68	0.3751
FBgn0002609	FBpp0084332	224	0.5848	31	131	0.4267
FBgn0002633	FBpp0084334	186	0.7151	69	133	0.4447
FBgn0000591	FBpp0084335	179	0.6313	32	113	0.4485
FBgn0001139	FBpp0089115	730	0.5932	217	433	0.4344
FBgn0039404	FBpp0084341	195	0.6769	69	132	0.4565
FBgn0039408	FBpp0084344	201	0.8955	74	180	0.5293
FBgn0039406	FBpp0084345	162	0.8580	74	139	0.4871
FBgn0039405	FBpp0084347	158	0.3797	42	60	0.3091
FBgn0002629	FBpp0084353	152	0.6645	98	101	0.4678
FBgn0002592	FBpp0084354	218	0.7615	70	166	0.4895
FBgn0002733	FBpp0084355	195	0.5641	39	110	0.4067
FBgn0039395	FBpp0084357	388	0.8943	100	347	0.5433
FBgn0039413	FBpp0271897	334	0.6946	47	232	0.4359
FBgn0039415	FBpp0084360	616	0.3847	39	237	0.3658
FBgn0051323	FBpp0084361	169	0.1538	7	26	0.2919
FBgn0051086	FBpp0084362	148	0.2297	13	34	0.3310
FBgn0039420	FBpp0289627	434	0.1613	14	70	0.3212
FBgn0000064	FBpp0084373	363	0.3388	26	123	0.3768
FBgn0039417	FBpp0084375	369	0.3984	56	147	0.3747
FBgn0039425	FBpp0084378	364	0.3599	25	131	0.3703
FBgn0042711	FBpp0084382	465	0.2731	20	127	0.3315
FBgn0042710	FBpp0084383	486	0.2634	21	128	0.3434
FBgn0039427	FBpp0303185	164	0.4634	25	76	0.3844
FBgn0039428	FBpp0303186	121	0.8347	101	101	0.5565
FBgn0039429	FBpp0084386	523	0.5048	209	264	0.4154
FBgn0039430	FBpp0084387	688	0.5349	84	368	0.4254
FBgn0039431	FBpp0310537	1298	0.5570	45	723	0.4030
FBgn0023178	FBpp0084396	102	0.4608	25	47	0.3439
FBgn0039424	FBpp0112207	483	0.3395	21	164	0.3553
FBgn0039421	FBpp0084399	371	0.3288	24	122	0.3585
FBgn0039434	FBpp0084401	288	0.3819	42	110	0.3407
FBgn0039440	FBpp0113030	274	0.5328	34	146	0.3949
FBgn0039441	FBpp0084403	309	0.3495	42	108	0.3490
FBgn0051080	FBpp0084404	241	0.4979	44	120	0.3949
FBgn0051081	FBpp0084405	325	0.7138	60	232	0.4262
FBgn0039443	FBpp0084406	228	0.6272	58	143	0.3992
FBgn0039444	FBpp0084407	256	0.5508	40	141	0.4028
FBgn0040607	FBpp0292518	106	0.5189	22	55	0.3872
FBgn0039453	FBpp0084416	153	0.1765	15	27	0.3029
FBgn0039451	FBpp0084418	909	0.5435	115	494	0.4138
FBgn0039449	FBpp0084419	373	0.9008	130	336	0.4942
FBgn0023179	FBpp0084420	654	0.4602	58	301	0.3713
FBgn0039448	FBpp0084421	245	0.6490	50	159	0.4325
FBgn0039439	FBpp0084425	247	0.5142	51	127	0.3991
FBgn0039438	FBpp0084426	229	0.5328	45	122	0.3951
FBgn0039437	FBpp0084428	285	0.3719	43	106	0.3334
FBgn0039436	FBpp0084429	286	0.3462	42	99	0.3307
FBgn0039435	FBpp0084430	220	0.4591	45	101	0.3900
FBgn0039459	FBpp0084433	328	0.7195	121	236	0.4952
FBgn0001197	FBpp0084434	141	0.4539	22	64	0.3772
FBgn0002838	FBpp0084435	184	0.8207	81	151	0.4625
FBgn0039461	FBpp0084436	167	0.6707	66	112	0.4648
FBgn0004359	FBpp0084437	419	0.4415	30	185	0.3811
FBgn0039462	FBpp0084439	405	0.6864	58	278	0.4590
FBgn0039463	FBpp0084440	469	0.7676	155	360	0.5000
FBgn0039466	FBpp0290357	1964	0.4328	157	850	0.3894
FBgn0039467	FBpp0084442	399	0.4436	66	177	0.3536
FBgn0039469	FBpp0084447	360	0.7278	75	262	0.4527
FBgn0051077	FBpp0291187	988	0.4028	75	398	0.3885
FBgn0039471	FBpp0084449	338	0.3639	69	123	0.3652
FBgn0039470	FBpp0084450	676	0.6538	319	442	0.4859
FBgn0051076	FBpp0300160	182	0.5495	27	100	0.4165
FBgn0051075	FBpp0300161	508	0.2421	21	123	0.3433
FBgn0041224	FBpp0311437	425	0.2494	26	106	0.3062
FBgn0039465	FBpp0084454	228	0.3333	34	76	0.2739
FBgn0039464	FBpp0084457	368	0.3886	24	143	0.3652
FBgn0004510	FBpp0303200	484	0.5537	75	268	0.4320
FBgn0003267	FBpp0084460	350	0.6886	81	241	0.4660
FBgn0026562	FBpp0084464	304	0.4967	46	151	0.4038
FBgn0027889	FBpp0084465	599	0.6578	180	394	0.4559
FBgn0004842	FBpp0311444	518	0.3494	31	181	0.3353
FBgn0029170	FBpp0084471	286	0.4685	35	134	0.3536
FBgn0039479	FBpp0288839	547	0.5740	73	314	0.4031
FBgn0039482	FBpp0084473	258	0.1744	15	45	0.3229
FBgn0039483	FBpp0084474	289	0.4118	31	119	0.3722
FBgn0039485	FBpp0423054	271	0.4059	30	110	0.3635
FBgn0027574	FBpp0084476	581	0.8623	232	501	0.5559
FBgn0039489	FBpp0084478	381	0.2835	29	108	0.3203
FBgn0039490	FBpp0084479	866	0.8822	136	764	0.4911
FBgn0029155	FBpp0290922	624	0.3141	41	196	0.3528
FBgn0039494	FBpp0084482	377	0.4005	29	151	0.3695
FBgn0039495	FBpp0084484	381	0.4698	82	179	0.3960
FBgn0051065	FBpp0112295	421	0.2542	32	107	0.3391
FBgn0003482	FBpp0084486	270	0.4222	37	114	0.3778
FBgn0051068	FBpp0292603	751	0.7470	148	561	0.4747
FBgn0005696	FBpp0113035	609	0.3005	48	183	0.3577
FBgn0039498	FBpp0084491	294	0.2653	17	78	0.3203
FBgn0042111	FBpp0084492	308	0.5877	66	181	0.4384
FBgn0051064	FBpp0308356	877	0.6477	178	568	0.4482
FBgn0004197	FBpp0084498	1407	0.4670	71	657	0.3899
FBgn0039492	FBpp0112209	989	0.7058	153	698	0.4720
FBgn0039491	FBpp0084500	884	0.8676	140	767	0.4757
FBgn0039488	FBpp0084501	463	0.9222	350	427	0.6366
FBgn0039487	FBpp0084502	517	0.2012	46	104	0.2623
FBgn0039486	FBpp0084503	311	0.3633	22	113	0.3598
FBgn0039481	FBpp0084505	235	0.8255	154	194	0.4802
FBgn0039480	FBpp0084506	366	0.6995	138	256	0.4774
FBgn0003495	FBpp0084507	326	0.7147	70	233	0.4547
FBgn0039478	FBpp0304093	882	0.5204	65	459	0.4017
FBgn0039476	FBpp0084519	341	0.3548	49	121	0.3642
FBgn0039475	FBpp0084520	341	0.3724	34	127	0.3642
FBgn0039474	FBpp0084521	339	0.2566	33	87	0.3378
FBgn0039473	FBpp0084522	337	0.3620	32	122	0.3533
FBgn0039472	FBpp0084523	337	0.3323	62	112	0.3627
FBgn0011289	FBpp0084525	366	0.5738	57	210	0.4114
FBgn0039504	FBpp0084527	249	0.3534	31	88	0.3476
FBgn0039505	FBpp0084528	135	0.9481	71	128	0.4987
FBgn0046247	FBpp0084529	168	0.2440	9	41	0.3463
FBgn0039508	FBpp0084533	1120	0.3580	43	401	0.3695
FBgn0015737	FBpp0084534	579	0.4784	150	277	0.4402
FBgn0016061	FBpp0301133	986	0.5507	56	543	0.4096
FBgn0039511	FBpp0084540	288	0.8993	106	259	0.5393
FBgn0039510	FBpp0271700	4842	0.3769	48	1825	0.3725
FBgn0040609	FBpp0084542	98	0.8061	32	79	0.4770
FBgn0039509	FBpp0084543	254	0.8661	48	220	0.4831
FBgn0039507	FBpp0084544	775	0.8439	178	654	0.4817
FBgn0002441	FBpp0084545	1477	0.6080	140	898	0.4519
FBgn0039503	FBpp0084547	312	0.4519	39	141	0.3842
FBgn0010328	FBpp0111770	1703	0.6653	143	1133	0.4547
FBgn0010441	FBpp0084549	501	0.4910	62	246	0.4037
FBgn0039501	FBpp0084550	720	0.6736	111	485	0.4424
FBgn0039500	FBpp0084551	271	0.4244	56	115	0.3826
FBgn0039518	FBpp0084552	898	0.2483	28	223	0.3108
FBgn0039519	FBpp0084553	507	0.4083	47	207	0.3737
FBgn0039520	FBpp0084554	391	0.2481	22	97	0.3107
FBgn0039523	FBpp0423293	864	0.6991	152	604	0.4716
FBgn0046887	FBpp0084556	403	0.1390	14	56	0.2853
FBgn0046886	FBpp0084557	408	0.1201	14	49	0.2769
FBgn0046885	FBpp0084558	412	0.1553	18	64	0.2854
FBgn0040080	FBpp0084559	658	0.5486	104	361	0.4228
FBgn0039528	FBpp0290604	1323	0.3930	56	520	0.3798
FBgn0039527	FBpp0084572	1511	0.5453	130	824	0.4123
FBgn0027492	FBpp0428201	709	0.5219	112	370	0.4285
FBgn0039525	FBpp0084580	303	0.2046	19	62	0.3078
FBgn0004387	FBpp0084581	1265	0.6253	120	791	0.4309
FBgn0039522	FBpp0084582	448	0.7723	91	346	0.4800
FBgn0039521	FBpp0084583	154	0.4805	56	74	0.4115
FBgn0005659	FBpp0084594	518	0.6448	55	334	0.4448
FBgn0039551	FBpp0084595	397	0.2670	20	106	0.3066
FBgn0039552	FBpp0289327	163	0.1534	25	25	0.2421
FBgn0039555	FBpp0084616	393	0.5216	80	205	0.4081
FBgn0003279	FBpp0084617	401	0.6209	71	249	0.4187
FBgn0027579	FBpp0084618	850	0.4176	54	355	0.3749
FBgn0039560	FBpp0307021	1151	0.8862	312	1020	0.5605
FBgn0039562	FBpp0084623	787	0.6773	123	533	0.4400
FBgn0039564	FBpp0084624	717	0.3933	44	282	0.3734
FBgn0039566	FBpp0084626	975	0.3682	49	359	0.3708
FBgn0039568	FBpp0084629	265	0.4038	35	107	0.3765
FBgn0003890	FBpp0289838	457	0.3873	54	177	0.3879
FBgn0051131	FBpp0289667	379	0.8971	164	340	0.5221
FBgn0051253	FBpp0084632	379	0.8971	164	340	0.5221
FBgn0039565	FBpp0084633	189	0.7672	76	145	0.4472
FBgn0039563	FBpp0112210	446	0.6659	159	297	0.4716
FBgn0039561	FBpp0084635	379	0.4591	47	174	0.3840
FBgn0039559	FBpp0084636	1427	0.6461	84	922	0.4428
FBgn0051053	FBpp0084637	219	0.8813	126	193	0.4828
FBgn0039558	FBpp0084638	278	0.7374	85	205	0.4677
FBgn0039557	FBpp0084639	359	0.7187	137	258	0.4913
FBgn0053213	FBpp0084640	341	0.6716	88	229	0.4358
FBgn0039554	FBpp0084641	713	0.6213	63	443	0.4372
FBgn0002865	FBpp0084646	334	0.4192	34	140	0.3917
FBgn0004171	FBpp0084647	265	0.3962	34	105	0.3796
FBgn0039576	FBpp0084648	111	0.6216	46	69	0.4644
FBgn0039577	FBpp0290886	300	0.3633	51	109	0.3763
FBgn0039581	FBpp0084655	970	0.8814	743	855	0.6129
FBgn0039584	FBpp0084658	332	0.4036	36	134	0.3638
FBgn0039585	FBpp0084659	421	0.5724	143	241	0.4280
FBgn0013813	FBpp0290517	5080	0.3825	132	1943	0.3763
FBgn0039588	FBpp0084662	696	0.4124	69	287	0.3909
FBgn0003137	FBpp0291051	2898	0.7250	531	2101	0.4645
FBgn0051051	FBpp0307964	218	0.7523	134	164	0.4750
FBgn0039580	FBpp0084666	683	0.2987	35	204	0.3596
FBgn0001215	FBpp0084669	365	0.6548	46	239	0.4377
FBgn0039589	FBpp0084673	535	0.6019	76	322	0.4321
FBgn0039591	FBpp0084674	668	0.4641	30	310	0.3926
FBgn0053346	FBpp0291689	364	0.5522	31	201	0.4089
FBgn0039593	FBpp0084676	370	0.2486	38	92	0.3463
FBgn0039594	FBpp0084677	808	0.2673	43	216	0.3346
FBgn0027655	FBpp0084679	3583	0.3829	83	1372	0.3762
FBgn0039599	FBpp0084680	298	0.4832	37	144	0.3814
FBgn0039598	FBpp0084682	366	0.4754	49	174	0.3996
FBgn0039597	FBpp0084683	330	0.4424	89	146	0.4134
FBgn0039596	FBpp0084684	558	0.4158	30	232	0.3788
FBgn0039595	FBpp0084685	357	0.2493	35	89	0.3035
FBgn0051050	FBpp0084686	81	0.9012	55	73	0.5155
FBgn0039590	FBpp0084688	2119	0.5191	143	1100	0.4168
FBgn0026400	FBpp0084689	315	0.5841	55	184	0.4383
FBgn0000659	FBpp0303365	692	0.6069	146	420	0.4500
FBgn0039600	FBpp0084691	1066	0.6398	166	682	0.4713
FBgn0039602	FBpp0084695	1222	0.7758	111	948	0.4835
FBgn0039609	FBpp0084697	681	0.4258	42	290	0.3785
FBgn0039611	FBpp0084698	682	0.4194	47	286	0.3831
FBgn0039613	FBpp0084699	700	0.5714	50	400	0.4060
FBgn0027578	FBpp0307566	707	0.5997	50	424	0.4162
FBgn0039616	FBpp0300825	458	0.4279	36	196	0.3911
FBgn0039623	FBpp0084711	835	0.4790	71	400	0.3962
FBgn0041780	FBpp0311293	414	0.3019	20	125	0.3439
FBgn0039622	FBpp0084713	173	0.6185	33	107	0.4172
FBgn0039620	FBpp0084714	517	0.2921	39	151	0.3363
FBgn0039617	FBpp0084716	413	0.4407	49	182	0.3936
FBgn0053203	FBpp0303334	500	0.2660	48	133	0.3210
FBgn0039612	FBpp0084718	671	0.4426	40	297	0.3843
FBgn0015589	FBpp0084720	2417	0.6554	104	1584	0.4546
FBgn0024273	FBpp0084721	527	0.6793	114	358	0.4624
FBgn0039601	FBpp0084724	621	0.5346	79	332	0.4269
FBgn0005642	FBpp0084725	869	0.6962	113	605	0.4587
FBgn0027873	FBpp0084726	756	0.4286	40	324	0.3782
FBgn0003093	FBpp0084728	739	0.3911	46	289	0.3754
FBgn0039627	FBpp0084729	306	0.4052	42	124	0.3815
FBgn0039628	FBpp0084730	319	0.3793	28	121	0.3678
FBgn0039629	FBpp0084731	319	0.3135	50	100	0.3472
FBgn0039630	FBpp0084732	316	0.2152	22	68	0.3314
FBgn0039631	FBpp0084733	771	0.6394	155	493	0.4540
FBgn0039633	FBpp0303331	3003	0.7662	244	2301	0.4855
FBgn0039635	FBpp0084735	365	0.1041	9	38	0.3122
FBgn0039636	FBpp0084739	503	0.5905	64	297	0.4360
FBgn0039637	FBpp0084740	796	0.3166	34	252	0.3212
FBgn0028671	FBpp0084743	855	0.3368	88	288	0.3402
FBgn0039640	FBpp0084751	999	0.3864	32	386	0.3724
FBgn0028692	FBpp0303405	1029	0.3732	138	384	0.3786
FBgn0039644	FBpp0084756	1374	0.3523	66	484	0.3488
FBgn0039645	FBpp0271768	1320	0.2955	57	390	0.3365
FBgn0014427	FBpp0084759	364	0.2527	23	92	0.3512
FBgn0029176	FBpp0084761	431	0.4803	40	207	0.4083
FBgn0039654	FBpp0084763	872	0.7913	219	690	0.4812
FBgn0028476	FBpp0305952	1078	0.6577	115	709	0.4621
FBgn0003525	FBpp0084766	479	0.7996	99	383	0.4727
FBgn0051445	FBpp0084770	927	0.5124	37	475	0.3987
FBgn0039656	FBpp0422992	924	0.5465	80	505	0.4036
FBgn0039655	FBpp0112217	373	0.4933	37	184	0.3892
FBgn0062442	FBpp0084774	133	0.4286	19	57	0.3605
FBgn0039651	FBpp0084775	344	0.4913	52	169	0.3944
FBgn0039650	FBpp0084776	179	0.4860	26	87	0.4072
FBgn0039647	FBpp0112216	509	0.7505	109	382	0.4628
FBgn0041186	FBpp0084778	276	0.9167	146	253	0.5354
FBgn0041588	FBpp0084779	563	0.4458	31	251	0.3803
FBgn0039642	FBpp0084780	263	0.5323	69	140	0.4133
FBgn0039641	FBpp0084781	322	0.0124	2	4	0.2258
FBgn0039639	FBpp0084782	171	0.4678	56	80	0.3824
FBgn0039638	FBpp0084783	654	0.5856	73	383	0.4117
FBgn0005596	FBpp0303324	1101	0.6857	180	755	0.4655
FBgn0039634	FBpp0084785	685	0.4336	54	297	0.3806
FBgn0039626	FBpp0084787	574	0.8537	152	490	0.5258
FBgn0039625	FBpp0084788	323	0.3251	25	105	0.3422
FBgn0039664	FBpp0084793	327	0.3639	41	119	0.3721
FBgn0039666	FBpp0084794	115	0.2696	20	31	0.2976
FBgn0039667	FBpp0084796	515	0.2680	21	138	0.3488
FBgn0039668	FBpp0089379	809	0.2596	53	210	0.3147
FBgn0039665	FBpp0084799	251	0.1912	22	48	0.2725
FBgn0040623	FBpp0084801	98	0.3673	35	36	0.3704
FBgn0039663	FBpp0084802	643	0.4588	47	295	0.3892
FBgn0015622	FBpp0084803	605	0.5719	88	346	0.4335
FBgn0039659	FBpp0306897	404	0.7649	92	309	0.4676
FBgn0039669	FBpp0084806	212	0.3208	31	68	0.3510
FBgn0000492	FBpp0084807	515	0.6874	79	354	0.4502
FBgn0039674	FBpp0084813	317	0.3691	21	117	0.3518
FBgn0039677	FBpp0084815	457	0.4661	37	213	0.3852
FBgn0039678	FBpp0084816	142	0.2606	17	37	0.3344
FBgn0039679	FBpp0084817	511	0.4364	41	223	0.3726
FBgn0039680	FBpp0084818	1380	0.4000	85	552	0.3892
FBgn0013972	FBpp0084819	676	0.3210	56	217	0.3547
FBgn0039683	FBpp0084820	510	0.6922	111	353	0.4764
FBgn0039684	FBpp0084821	137	0.3358	22	46	0.3560
FBgn0039686	FBpp0084822	297	0.7980	90	237	0.4866
FBgn0024841	FBpp0084824	192	0.4896	46	94	0.3952
FBgn0042213	FBpp0084825	119	0.9748	69	116	0.4861
FBgn0039688	FBpp0084826	1537	0.7326	196	1126	0.4702
FBgn0039687	FBpp0084827	202	0.4653	48	94	0.3984
FBgn0039685	FBpp0084828	149	0.3154	31	47	0.3292
FBgn0039682	FBpp0084829	151	0.4901	37	74	0.3723
FBgn0039681	FBpp0084830	254	0.0669	11	17	0.2306
FBgn0025457	FBpp0084831	326	0.4816	25	157	0.4006
FBgn0039673	FBpp0303327	482	0.3071	66	148	0.3707
FBgn0051041	FBpp0084836	198	0.4596	38	91	0.3775
FBgn0039671	FBpp0084837	230	0.7217	48	166	0.4270
FBgn0039670	FBpp0084838	211	0.2701	22	57	0.3378
FBgn0039689	FBpp0084839	296	0.4493	57	133	0.3990
FBgn0039690	FBpp0303328	228	0.3377	24	77	0.3738
FBgn0039691	FBpp0084842	597	0.3300	27	197	0.3552
FBgn0019972	FBpp0084848	339	0.4572	30	155	0.3806
FBgn0039698	FBpp0084849	306	0.1569	21	48	0.3234
FBgn0000247	FBpp0084850	1961	0.4656	59	913	0.3852
FBgn0039704	FBpp0084851	744	0.4583	52	341	0.3936
FBgn0039707	FBpp0290959	201	0.8010	54	161	0.5107
FBgn0039709	FBpp0084854	1706	0.5762	79	983	0.4102
FBgn0051038	FBpp0428485	787	0.7560	86	595	0.4670
FBgn0039719	FBpp0304702	123	0.6260	35	77	0.3911
FBgn0051036	FBpp0084867	1007	0.7408	125	746	0.4802
FBgn0003357	FBpp0084868	265	0.2038	18	54	0.3264
FBgn0039723	FBpp0084869	173	0.6590	29	114	0.4130
FBgn0039727	FBpp0084871	3731	0.4669	73	1742	0.3969
FBgn0004622	FBpp0303330	564	0.4309	120	243	0.3698
FBgn0039726	FBpp0084874	306	0.2680	28	82	0.3392
FBgn0051040	FBpp0084875	742	0.4825	49	358	0.4053
FBgn0051202	FBpp0084876	526	0.4144	38	218	0.3755
FBgn0003358	FBpp0084877	272	0.2316	15	63	0.3239
FBgn0003356	FBpp0084878	265	0.2038	18	54	0.3264
FBgn0003861	FBpp0084879	1275	0.5388	260	687	0.4072
FBgn0039722	FBpp0084880	151	0.3642	16	55	0.3549
FBgn0039718	FBpp0084881	158	0.0316	4	5	0.2646
FBgn0039712	FBpp0084889	309	0.6440	61	199	0.4340
FBgn0039710	FBpp0308967	589	0.6537	59	385	0.4269
FBgn0039705	FBpp0308289	612	0.5637	84	345	0.4239
FBgn0039703	FBpp0084897	253	0.2055	13	52	0.3298
FBgn0039702	FBpp0084899	447	0.4698	41	210	0.3936
FBgn0002924	FBpp0084900	700	0.6700	87	469	0.4505
FBgn0039697	FBpp0084901	253	0.3281	23	83	0.3518
FBgn0039696	FBpp0084903	975	0.3733	78	364	0.3776
FBgn0039694	FBpp0084904	314	0.4459	54	140	0.3967
FBgn0020235	FBpp0084905	297	0.3872	22	115	0.3791
FBgn0027518	FBpp0303329	777	0.4826	48	375	0.3976
FBgn0027583	FBpp0084910	326	0.2301	16	75	0.3256
FBgn0039728	FBpp0084911	1392	0.4116	70	573	0.3766
FBgn0039731	FBpp0084912	472	0.8305	155	392	0.4757
FBgn0039733	FBpp0084913	410	0.8366	136	343	0.4904
FBgn0039734	FBpp0084917	732	0.4918	40	360	0.3918
FBgn0016685	FBpp0084918	152	0.4737	38	72	0.4245
FBgn0026597	FBpp0084919	745	0.7463	139	556	0.4644
FBgn0003511	FBpp0084922	356	0.6404	65	228	0.4415
FBgn0003510	FBpp0084923	530	0.2679	52	142	0.3491
FBgn0003512	FBpp0084924	433	0.6790	64	294	0.4394
FBgn0039741	FBpp0084925	332	0.3886	38	129	0.3687
FBgn0039743	FBpp0084927	475	0.6611	67	314	0.4434
FBgn0039744	FBpp0084928	112	0.2232	17	25	0.3589
FBgn0260468	FBpp0290849	158	0.5063	31	80	0.3965
FBgn0039748	FBpp0084933	196	0.5408	27	106	0.4008
FBgn0039752	FBpp0084934	494	0.8198	357	405	0.5242
FBgn0039756	FBpp0084937	420	0.3000	47	126	0.3356
FBgn0039755	FBpp0084938	334	0.3174	18	106	0.3285
FBgn0039754	FBpp0084939	461	0.3774	74	174	0.3783
FBgn0039751	FBpp0084940	254	0.3543	27	90	0.3746
FBgn0051028	FBpp0288489	1154	0.4220	40	487	0.3811
FBgn0051030	FBpp0110131	423	0.4586	29	194	0.3557
FBgn0039749	FBpp0402900	571	0.4956	40	283	0.3958
FBgn0039747	FBpp0084947	774	0.5039	91	390	0.3826
FBgn0051029	FBpp0084951	905	0.6818	64	617	0.4525
FBgn0051025	FBpp0084953	998	0.6593	75	658	0.4551
FBgn0003479	FBpp0084955	336	0.3036	24	102	0.3652
FBgn0039742	FBpp0292332	227	0.4537	33	103	0.3674
FBgn0002626	FBpp0084959	147	0.8503	88	125	0.4908
FBgn0001280	FBpp0084962	135	0.3926	19	53	0.3558
FBgn0001281	FBpp0084963	140	0.3429	41	48	0.3655
FBgn0041102	FBpp0084964	148	0.4865	26	72	0.3924
FBgn0039740	FBpp0084965	457	0.7024	52	321	0.4476
FBgn0039739	FBpp0084966	64	0.6719	16	43	0.4289
FBgn0039737	FBpp0084968	477	0.3082	31	147	0.3519
FBgn0039735	FBpp0084971	156	0.6667	36	104	0.4472
FBgn0039732	FBpp0084929	161	0.7329	65	118	0.4821
FBgn0039730	FBpp0084973	384	0.8047	107	309	0.4987
FBgn0000032	FBpp0084975	455	0.5033	35	229	0.3820
FBgn0000279	FBpp0084980	63	0.2540	16	16	0.2917
FBgn0039760	FBpp0311422	463	0.1814	41	84	0.2719
FBgn0039761	FBpp0084982	180	0.1667	12	30	0.3016
FBgn0010113	FBpp0084985	1080	0.6963	85	752	0.4760
FBgn0015221	FBpp0304478	236	0.3898	21	92	0.3712
FBgn0039765	FBpp0084989	140	0.6286	23	88	0.4183
FBgn0039768	FBpp0084990	692	0.5217	50	361	0.3931
FBgn0039767	FBpp0084991	486	0.5802	56	282	0.4222
FBgn0039766	FBpp0084992	188	0.8138	85	153	0.5109
FBgn0039764	FBpp0084993	118	1.0000	118	118	0.6122
FBgn0027544	FBpp0084994	364	0.7390	84	269	0.4576
FBgn0015222	FBpp0304479	245	0.4653	45	114	0.4020
FBgn0039759	FBpp0085000	418	0.6196	48	259	0.4156
FBgn0039758	FBpp0085001	424	0.4009	36	170	0.3713
FBgn0039769	FBpp0085006	666	0.4655	44	310	0.3876
FBgn0039774	FBpp0085007	704	0.4105	60	289	0.3732
FBgn0039776	FBpp0085012	550	0.5382	47	296	0.3949
FBgn0260440	FBpp0085013	565	0.7150	112	404	0.4519
FBgn0039778	FBpp0085014	267	0.2172	14	58	0.3356
FBgn0039779	FBpp0085015	527	0.4250	65	224	0.3816
FBgn0039782	FBpp0110158	509	0.3497	54	178	0.3652
FBgn0039784	FBpp0085019	547	0.4881	81	267	0.3966
FBgn0082582	FBpp0297625	567	0.6226	82	353	0.4324
FBgn0039787	FBpp0085026	676	0.3180	47	215	0.3280
FBgn0051019	FBpp0085027	659	0.4173	45	275	0.3864
FBgn0051021	FBpp0290205	453	0.4570	28	207	0.3862
FBgn0051017	FBpp0085029	481	0.4699	39	226	0.3956
FBgn0051015	FBpp0085032	525	0.3733	40	196	0.3764
FBgn0051013	FBpp0085033	534	0.4850	46	259	0.3933
FBgn0039792	FBpp0085034	390	0.8128	114	317	0.4834
FBgn0039790	FBpp0085035	406	0.4507	59	183	0.3827
FBgn0039789	FBpp0085041	638	0.2022	37	129	0.2828
FBgn0039788	FBpp0085042	399	0.4837	48	193	0.4033
FBgn0027654	FBpp0085043	195	0.7590	69	148	0.4461
FBgn0051524	FBpp0085046	536	0.4552	51	244	0.3868
FBgn0039783	FBpp0085047	542	0.4483	62	243	0.3864
FBgn0051014	FBpp0085048	540	0.4981	82	269	0.4047
FBgn0051371	FBpp0291684	507	0.5266	59	267	0.4065
FBgn0039780	FBpp0085050	537	0.4786	54	257	0.3914
FBgn0026190	FBpp0085051	535	0.4168	47	223	0.3752
FBgn0039777	FBpp0085052	267	0.2172	14	58	0.3357
FBgn0039773	FBpp0085053	420	0.5048	79	212	0.4209
FBgn0028646	FBpp0297541	707	0.2871	30	203	0.3510
FBgn0039771	FBpp0303323	255	0.2941	29	75	0.3233
FBgn0039770	FBpp0112222	353	0.2096	41	74	0.3211
FBgn0039795	FBpp0085060	649	0.5501	98	357	0.4361
FBgn0039797	FBpp0085061	459	0.7407	72	340	0.5032
FBgn0039799	FBpp0085062	290	0.4172	26	121	0.3782
FBgn0039802	FBpp0401456	187	0.1658	20	31	0.3129
FBgn0027598	FBpp0302572	941	0.6780	190	638	0.4626
FBgn0039804	FBpp0085070	851	0.7262	172	618	0.4700
FBgn0039805	FBpp0085072	241	0.8714	152	210	0.5252
FBgn0015032	FBpp0085074	535	0.3252	26	174	0.3640
FBgn0000416	FBpp0085075	953	0.4029	39	384	0.3725
FBgn0039809	FBpp0085077	390	0.6949	95	271	0.4408
FBgn0039808	FBpp0311048	581	0.6592	135	383	0.5045
FBgn0039807	FBpp0085080	410	0.9415	360	386	0.5579
FBgn0039806	FBpp0085081	358	0.8324	94	298	0.5017
FBgn0011739	FBpp0085082	1105	0.7430	304	821	0.4877
FBgn0039801	FBpp0085084	157	0.4586	25	72	0.3730
FBgn0039800	FBpp0085085	159	0.4528	36	72	0.3780
FBgn0039798	FBpp0307430	370	0.3270	27	121	0.3575
FBgn0051010	FBpp0085087	254	0.5512	56	140	0.4031
FBgn0000274	FBpp0085089	354	0.4774	48	169	0.3889
FBgn0039796	FBpp0085090	356	0.5056	38	180	0.3940
FBgn0039812	FBpp0085093	814	0.6032	95	491	0.4452
FBgn0010015	FBpp0085094	622	0.5257	88	327	0.4273
FBgn0016123	FBpp0085095	596	0.4010	44	239	0.3737
FBgn0024288	FBpp0085097	529	0.7051	105	373	0.4581
FBgn0039820	FBpp0085098	147	0.4490	21	66	0.3769
FBgn0039821	FBpp0085099	755	0.3404	79	257	0.3340
FBgn0039818	FBpp0085101	802	0.3978	30	319	0.3457
FBgn0039816	FBpp0306614	298	0.4664	41	139	0.4052
FBgn0002413	FBpp0085104	440	0.3114	33	137	0.3571
FBgn0010808	FBpp0085107	223	0.6951	63	155	0.4581
FBgn0004573	FBpp0085108	564	0.3670	54	207	0.3324
FBgn0051008	FBpp0085110	114	0.6754	28	77	0.3920
FBgn0062411	FBpp0085111	270	0.4741	91	128	0.3823
FBgn0039811	FBpp0085113	143	0.5035	54	72	0.4268
FBgn0039810	FBpp0085114	137	0.3577	21	49	0.3209
FBgn0013973	FBpp0085115	787	0.3418	56	269	0.3716
FBgn0004389	FBpp0085116	303	0.8713	197	264	0.5169
FBgn0039827	FBpp0085117	919	0.4461	39	410	0.3878
FBgn0039828	FBpp0085119	307	0.8046	145	247	0.4863
FBgn0039831	FBpp0085120	628	0.7818	118	491	0.4888
FBgn0039835	FBpp0085121	195	0.6103	50	119	0.4520
FBgn0039838	FBpp0112225	298	0.5436	38	162	0.4014
FBgn0040628	FBpp0310481	286	0.4545	31	130	0.3792
FBgn0040629	FBpp0293879	302	0.5364	39	162	0.3962
FBgn0039839	FBpp0085126	595	0.3815	36	227	0.3726
FBgn0039840	FBpp0085128	526	0.4810	58	253	0.3841
FBgn0039836	FBpp0085129	342	0.4357	38	149	0.3759
FBgn0051005	FBpp0085131	436	0.4083	38	178	0.3741
FBgn0039833	FBpp0085132	511	0.7339	168	375	0.4696
FBgn0039832	FBpp0085133	116	0.7414	40	86	0.4784
FBgn0039830	FBpp0085134	138	0.3043	21	42	0.2850
FBgn0039829	FBpp0085137	357	0.7843	188	280	0.5153
FBgn0061476	FBpp0085138	641	0.4711	31	302	0.3826
FBgn0051004	FBpp0290183	1454	0.4367	108	635	0.3893
FBgn0046332	FBpp0085145	501	0.4930	66	247	0.4094
FBgn0039844	FBpp0306616	507	0.1183	24	60	0.2690
FBgn0019990	FBpp0306619	1591	0.4978	104	792	0.3996
FBgn0039850	FBpp0085150	204	0.2451	11	50	0.3545
FBgn0039851	FBpp0085151	774	0.3630	47	281	0.3691
FBgn0039852	FBpp0290097	805	0.4161	49	335	0.3872
FBgn0028968	FBpp0303129	897	0.2821	43	253	0.3598
FBgn0003268	FBpp0085156	2089	0.4040	47	844	0.3724
FBgn0039854	FBpp0085157	448	0.5335	53	239	0.4034
FBgn0039855	FBpp0112227	443	0.5102	38	226	0.4080
FBgn0039856	FBpp0085159	472	0.5000	76	236	0.4034
FBgn0039858	FBpp0085160	566	0.4240	65	240	0.3772
FBgn0039857	FBpp0085166	262	0.7023	86	184	0.4449
FBgn0043900	FBpp0085167	815	0.5239	140	427	0.4155
FBgn0039849	FBpp0085169	364	0.2088	22	76	0.3315
FBgn0039848	FBpp0085171	360	0.3667	18	132	0.3674
FBgn0039846	FBpp0085172	771	0.4228	65	326	0.3814
FBgn0051002	FBpp0085174	521	0.4069	40	212	0.3538
FBgn0051204	FBpp0085175	491	0.5519	97	271	0.4270
FBgn0039860	FBpp0085180	372	0.5914	89	220	0.4383
FBgn0039861	FBpp0085181	642	0.7648	152	491	0.4720
FBgn0039862	FBpp0303140	843	0.5480	60	462	0.4183
FBgn0039863	FBpp0085185	1664	0.7794	151	1297	0.4816
FBgn0003870	FBpp0085186	813	0.6470	154	526	0.4538
FBgn0039868	FBpp0085192	207	0.8019	52	166	0.4797
FBgn0000557	FBpp0085193	462	0.3961	26	183	0.3846
FBgn0039869	FBpp0085195	110	0.8000	33	88	0.4366
FBgn0039870	FBpp0085196	246	0.8008	66	197	0.4717
FBgn0022349	FBpp0085198	489	0.9652	99	472	0.5363
FBgn0039875	FBpp0085201	626	0.2955	49	185	0.3357
FBgn0005632	FBpp0085202	2778	0.4345	114	1207	0.3890
FBgn0027620	FBpp0085204	1476	0.6152	108	908	0.4441
FBgn0039879	FBpp0085205	603	0.1891	14	114	0.3090
FBgn0039881	FBpp0085206	263	0.6578	70	173	0.4454
FBgn0039882	FBpp0085211	487	0.1930	30	94	0.2898
FBgn0039877	FBpp0085215	698	0.3510	39	245	0.3695
FBgn0039876	FBpp0303147	328	0.1738	26	57	0.2824
FBgn0003065	FBpp0085218	188	0.4096	29	77	0.3300
FBgn0039873	FBpp0085219	591	0.1574	21	93	0.2616
FBgn0017448	FBpp0085220	623	0.2199	28	137	0.2870
FBgn0039872	FBpp0290137	622	0.1945	56	121	0.2872
FBgn0000150	FBpp0308291	168	0.1667	4	28	0.3402
FBgn0039867	FBpp0085224	424	0.3632	27	154	0.3716
FBgn0039864	FBpp0085226	298	0.3758	40	112	0.3563
FBgn0039859	FBpp0085227	200	0.4300	46	86	0.4015
FBgn0039883	FBpp0291391	1866	0.6597	198	1231	0.4354
FBgn0039886	FBpp0085229	492	0.2134	30	105	0.3069
FBgn0039887	FBpp0085232	298	0.1745	23	52	0.3303
FBgn0002780	FBpp0085233	542	0.6550	83	355	0.4639
FBgn0002645	FBpp0085235	1185	0.7494	219	888	0.4698
FBgn0040206	FBpp0085236	470	0.4319	49	203	0.3882
FBgn0011224	FBpp0297632	898	0.4733	71	425	0.3976
FBgn0032956	FBpp0085254	753	0.4887	76	368	0.3979
FBgn0051619	FBpp0110259	1394	0.6894	83	961	0.4508
FBgn0032961	FBpp0085258	354	0.6554	53	232	0.4297
FBgn0003866	FBpp0085261	954	0.7023	166	670	0.4709
FBgn0051612	FBpp0085262	987	0.7204	115	711	0.4583
FBgn0032964	FBpp0085263	631	0.3344	22	211	0.3612
FBgn0000559	FBpp0085265	844	0.3045	38	257	0.3664
FBgn0032966	FBpp0085282	188	0.4894	28	92	0.3932
FBgn0032967	FBpp0085283	617	0.3371	23	208	0.3528
FBgn0032968	FBpp0085284	298	0.2550	31	76	0.3536
FBgn0051702	FBpp0085288	441	0.7279	80	321	0.4749
FBgn0032971	FBpp0085289	343	0.5131	55	176	0.4079
FBgn0032973	FBpp0289183	390	0.4385	23	171	0.3809
FBgn0025674	FBpp0085295	400	0.5600	44	224	0.4141
FBgn0032972	FBpp0085297	97	0.1753	10	17	0.3427
FBgn0040519	FBpp0297202	119	0.6471	31	77	0.4210
FBgn0051703	FBpp0085300	439	0.7175	80	315	0.4736
FBgn0051601	FBpp0300162	726	0.8567	284	622	0.5108
FBgn0032969	FBpp0310618	731	0.4884	47	357	0.3890
FBgn0032965	FBpp0085304	463	0.7451	90	345	0.4638
FBgn0032981	FBpp0289157	425	0.3035	26	129	0.3423
FBgn0032986	FBpp0289153	293	0.3379	32	99	0.3579
FBgn0032988	FBpp0085308	611	0.3928	69	240	0.3657
FBgn0039972	FBpp0085311	1305	0.5395	80	704	0.4109
FBgn0032987	FBpp0085314	159	0.5283	54	84	0.4225
FBgn0032979	FBpp0099821	566	0.5936	66	336	0.4290
FBgn0033047	FBpp0085319	516	0.2151	41	111	0.2781
FBgn0033050	FBpp0085325	631	0.6054	104	382	0.4273
FBgn0033055	FBpp0085327	523	0.4914	46	257	0.3957
FBgn0033058	FBpp0423126	501	0.1697	20	85	0.2968
FBgn0033060	FBpp0085330	317	0.3470	25	110	0.3678
FBgn0033063	FBpp0305166	249	0.5301	44	132	0.3971
FBgn0033065	FBpp0085332	514	0.4805	32	247	0.3844
FBgn0040502	FBpp0085333	182	0.5110	23	93	0.3826
FBgn0033069	FBpp0085334	286	0.3252	28	93	0.3736
FBgn0050431	FBpp0085335	418	0.5526	105	231	0.4270
FBgn0033074	FBpp0085338	340	0.3941	34	134	0.3801
FBgn0021847	FBpp0085344	861	0.3926	44	338	0.3725
FBgn0033072	FBpp0085345	504	0.8175	116	412	0.5124
FBgn0050432	FBpp0298834	133	0.4286	42	57	0.3303
FBgn0033067	FBpp0085348	176	0.3807	23	67	0.3725
FBgn0000546	FBpp0085352	878	0.4465	72	392	0.3993
FBgn0033062	FBpp0085356	943	0.7487	232	706	0.4860
FBgn0033061	FBpp0085358	553	0.4195	47	232	0.3853
FBgn0033056	FBpp0085360	683	0.8097	270	553	0.5038
FBgn0033054	FBpp0085361	332	0.3133	33	104	0.3333
FBgn0033052	FBpp0085363	1276	0.3370	53	430	0.3558
FBgn0033051	FBpp0085364	527	0.7894	191	416	0.4877
FBgn0000043	FBpp0085365	376	0.3378	25	127	0.3628
FBgn0033048	FBpp0085369	482	0.2324	37	112	0.2957
FBgn0027507	FBpp0085370	683	0.5081	77	347	0.3923
FBgn0033031	FBpp0085372	343	0.4227	56	145	0.3813
FBgn0033032	FBpp0085373	264	0.3144	69	83	0.3187
FBgn0022288	FBpp0085379	456	0.5022	49	229	0.3957
FBgn0033042	FBpp0085381	237	0.1983	20	47	0.2656
FBgn0033043	FBpp0085387	399	0.1880	20	75	0.3058
FBgn0033041	FBpp0085388	406	0.2635	22	107	0.3103
FBgn0025693	FBpp0085389	498	0.4839	83	241	0.3555
FBgn0033038	FBpp0085393	699	0.4320	32	302	0.3860
FBgn0033033	FBpp0085396	655	0.6550	136	429	0.4375
FBgn0033029	FBpp0085398	844	0.7512	97	634	0.4689
FBgn0050438	FBpp0085404	524	0.2710	26	142	0.3308
FBgn0039970	FBpp0085407	321	0.4424	56	142	0.3881
FBgn0033028	FBpp0085408	658	0.3891	102	256	0.3555
FBgn0039969	FBpp0271716	154	0.4610	26	71	0.3761
FBgn0033027	FBpp0085411	153	0.1830	11	28	0.3423
FBgn0050440	FBpp0085412	1057	0.7304	158	772	0.4577
FBgn0042085	FBpp0085442	1688	0.5883	98	993	0.4152
FBgn0029131	FBpp0085443	300	0.3967	35	119	0.3499
FBgn0050443	FBpp0085444	562	0.6299	82	354	0.4291
FBgn0013732	FBpp0085445	822	0.8041	173	661	0.4769
FBgn0033085	FBpp0085448	156	0.8397	98	131	0.4859
FBgn0033086	FBpp0085450	242	0.4339	32	105	0.3975
FBgn0033088	FBpp0085453	330	0.1515	26	50	0.2733
FBgn0033092	FBpp0085454	206	0.6748	64	139	0.4791
FBgn0033090	FBpp0085456	352	0.8295	124	292	0.4770
FBgn0033093	FBpp0085457	440	0.2477	27	109	0.3371
FBgn0014009	FBpp0085458	213	0.4272	28	91	0.3698
FBgn0028579	FBpp0085459	880	0.5455	90	480	0.3981
FBgn0042083	FBpp0085460	578	0.2526	36	146	0.3485
FBgn0027066	FBpp0289513	297	0.5118	59	152	0.4038
FBgn0033101	FBpp0085467	311	0.4244	21	132	0.3857
FBgn0033100	FBpp0085468	136	0.7721	34	105	0.4426
FBgn0010482	FBpp0290637	1786	0.3287	29	587	0.3627
FBgn0033097	FBpp0297714	310	0.1935	21	60	0.2489
FBgn0033096	FBpp0085472	352	0.2330	32	82	0.2715
FBgn0033095	FBpp0085473	894	0.4497	78	402	0.3617
FBgn0050446	FBpp0085475	637	0.4239	82	270	0.3849
FBgn0033089	FBpp0085477	183	0.3825	21	70	0.3719
FBgn0033087	FBpp0085478	614	0.3909	49	240	0.3648
FBgn0033081	FBpp0085480	192	0.8333	90	160	0.4779
FBgn0033079	FBpp0085481	429	0.3800	41	163	0.3671
FBgn0026761	FBpp0085482	691	0.5470	45	378	0.4144
FBgn0033076	FBpp0297100	166	0.2470	29	41	0.3262
FBgn0014028	FBpp0085489	297	0.5118	45	152	0.4220
FBgn0033108	FBpp0085493	807	0.6555	121	529	0.4616
FBgn0033113	FBpp0085495	403	0.4169	26	168	0.3825
FBgn0028988	FBpp0289586	372	0.3844	27	143	0.3733
FBgn0033115	FBpp0085497	404	0.4554	52	184	0.3739
FBgn0050158	FBpp0085498	280	0.4357	34	122	0.3926
FBgn0033117	FBpp0298012	291	0.4811	41	140	0.3938
FBgn0053348	FBpp0089406	198	0.5657	48	112	0.3928
FBgn0053349	FBpp0085501	451	0.4124	38	186	0.3680
FBgn0033122	FBpp0085502	421	0.8242	48	347	0.4760
FBgn0029508	FBpp0085503	226	0.2788	24	63	0.2722
FBgn0042086	FBpp0085509	222	0.1802	27	40	0.2553
FBgn0050160	FBpp0085510	222	0.1802	27	40	0.2553
FBgn0033124	FBpp0085511	232	0.1379	24	32	0.2464
FBgn0029506	FBpp0085512	228	0.1228	10	28	0.2534
FBgn0029507	FBpp0085513	227	0.1410	12	32	0.2543
FBgn0022960	FBpp0085514	635	0.2583	29	164	0.3446
FBgn0050156	FBpp0085515	358	0.5866	45	210	0.4105
FBgn0033121	FBpp0085516	488	0.4160	59	203	0.3601
FBgn0050157	FBpp0085517	234	0.1880	18	44	0.3340
FBgn0066292	FBpp0305163	196	0.3316	22	65	0.3568
FBgn0066293	FBpp0085519	196	0.3061	23	60	0.3528
FBgn0033112	FBpp0289587	388	0.3247	24	126	0.3627
FBgn0033110	FBpp0307665	656	0.3155	45	207	0.3061
FBgn0040674	FBpp0085528	70	0.3857	12	27	0.3540
FBgn0022224	FBpp0085529	73	0.4110	13	30	0.3850
FBgn0034511	FBpp0085532	152	0.5000	25	76	0.3904
FBgn0050154	FBpp0085533	64	0.5000	19	32	0.3323
FBgn0034512	FBpp0085534	245	0.4367	36	107	0.3770
FBgn0034513	FBpp0085535	476	0.2941	31	140	0.3600
FBgn0034520	FBpp0309583	378	0.6693	49	253	0.4308
FBgn0034527	FBpp0085539	511	0.5832	91	298	0.4305
FBgn0034529	FBpp0085541	1469	0.8305	181	1220	0.5051
FBgn0034532	FBpp0085543	576	0.3490	39	201	0.3779
FBgn0034534	FBpp0309590	137	0.7956	85	109	0.5108
FBgn0034535	FBpp0085545	171	0.2632	27	45	0.3547
FBgn0034537	FBpp0085546	433	0.7691	104	333	0.4807
FBgn0034540	FBpp0309591	830	0.4699	41	390	0.3904
FBgn0034541	FBpp0085548	149	0.6242	41	93	0.4142
FBgn0034543	FBpp0085549	218	0.5917	36	129	0.4194
FBgn0034545	FBpp0085550	220	0.6273	77	138	0.4137
FBgn0034546	FBpp0085553	425	0.5671	50	241	0.3951
FBgn0041240	FBpp0085554	416	0.1538	25	64	0.2822
FBgn0000615	FBpp0085555	532	0.5338	91	284	0.4254
FBgn0034542	FBpp0085558	702	0.2664	31	187	0.3436
FBgn0034539	FBpp0085560	146	0.6233	52	91	0.4046
FBgn0034538	FBpp0085561	179	0.6592	44	118	0.4280
FBgn0034530	FBpp0085565	513	0.5419	79	278	0.3925
FBgn0034528	FBpp0085566	726	0.8595	360	624	0.5566
FBgn0050147	FBpp0085567	818	0.5342	132	437	0.4164
FBgn0034523	FBpp0085569	194	0.6649	48	129	0.4248
FBgn0028622	FBpp0085570	414	0.4300	50	178	0.3828
FBgn0034521	FBpp0085571	458	0.4563	29	209	0.3799
FBgn0034517	FBpp0085575	184	0.3478	8	64	0.3544
FBgn0043536	FBpp0289082	136	0.1691	5	23	0.3307
FBgn0050145	FBpp0085577	136	0.1912	22	26	0.3128
FBgn0050148	FBpp0085578	124	0.3468	28	43	0.3364
FBgn0034515	FBpp0085579	114	0.6667	64	76	0.4268
FBgn0034514	FBpp0085580	105	0.4095	20	43	0.3541
FBgn0050151	FBpp0085581	282	0.3794	20	107	0.3715
FBgn0034491	FBpp0085582	881	0.3950	91	348	0.3750
FBgn0010411	FBpp0085585	152	0.6842	77	104	0.4350
FBgn0034493	FBpp0308625	1626	0.2761	55	449	0.3255
FBgn0026136	FBpp0085590	219	0.4429	23	97	0.3912
FBgn0034502	FBpp0085594	520	0.7442	102	387	0.4970
FBgn0034504	FBpp0085596	607	0.9473	355	575	0.5585
FBgn0034505	FBpp0085598	168	0.6607	57	111	0.4510
FBgn0034506	FBpp0085600	568	0.8873	102	504	0.4885
FBgn0042198	FBpp0085601	87	0.7356	46	64	0.4558
FBgn0034509	FBpp0085604	149	0.5503	26	82	0.4111
FBgn0043534	FBpp0085605	141	0.5177	47	73	0.3548
FBgn0043535	FBpp0085606	169	0.4852	67	82	0.3818
FBgn0034510	FBpp0085607	105	0.4857	32	51	0.3628
FBgn0034507	FBpp0288561	279	0.1541	7	43	0.3256
FBgn0034503	FBpp0085609	252	0.5476	38	138	0.4121
FBgn0034501	FBpp0428242	587	0.4514	64	265	0.3854
FBgn0034500	FBpp0085611	355	0.2423	15	86	0.3341
FBgn0034499	FBpp0085613	217	0.6544	50	142	0.4390
FBgn0034498	FBpp0085614	1449	0.5038	97	730	0.3956
FBgn0034497	FBpp0085615	374	0.2567	45	96	0.3271
FBgn0034494	FBpp0085617	587	0.1755	34	103	0.2748
FBgn0003114	FBpp0085618	174	0.2126	20	37	0.3334
FBgn0005655	FBpp0089395	260	0.2654	24	69	0.3539
FBgn0034481	FBpp0289916	155	0.5484	55	85	0.3902
FBgn0034484	FBpp0085623	511	0.3894	26	199	0.3724
FBgn0034485	FBpp0085624	378	0.4497	27	170	0.3861
FBgn0034487	FBpp0085625	765	0.5176	71	396	0.4034
FBgn0025720	FBpp0307617	485	0.5464	70	265	0.4048
FBgn0034490	FBpp0085628	465	0.1871	33	87	0.2689
FBgn0034489	FBpp0085629	498	0.3695	38	184	0.3610
FBgn0034488	FBpp0085630	568	0.2535	27	144	0.3395
FBgn0034486	FBpp0085631	215	0.3070	34	66	0.3506
FBgn0034483	FBpp0085632	266	0.4248	54	113	0.3864
FBgn0034480	FBpp0085633	407	0.3956	24	161	0.3816
FBgn0034471	FBpp0085634	132	0.3485	23	46	0.3440
FBgn0043533	FBpp0085635	125	0.5040	34	63	0.3871
FBgn0034472	FBpp0085636	145	0.5931	47	86	0.4097
FBgn0034475	FBpp0085637	134	0.5373	31	72	0.3827
FBgn0034476	FBpp0085638	1446	0.3928	37	568	0.3758
FBgn0043532	FBpp0085639	140	0.3143	21	44	0.3326
FBgn0050447	FBpp0085640	174	0.8793	108	153	0.5005
FBgn0034477	FBpp0085643	613	0.6672	128	409	0.4489
FBgn0034474	FBpp0089127	132	0.3636	10	48	0.3471
FBgn0034473	FBpp0085645	419	0.1074	16	45	0.2734
FBgn0002716	FBpp0085657	331	0.2931	27	97	0.3533
FBgn0026378	FBpp0085658	511	0.3679	37	188	0.3656
FBgn0034454	FBpp0085659	308	0.3474	31	107	0.3834
FBgn0034455	FBpp0085660	271	0.3542	45	96	0.3400
FBgn0034456	FBpp0428483	425	0.1976	21	84	0.3200
FBgn0034457	FBpp0085662	567	0.1746	22	99	0.3135
FBgn0034459	FBpp0290053	867	0.6851	223	594	0.4651
FBgn0034460	FBpp0085665	93	0.6774	33	63	0.4384
FBgn0034461	FBpp0085666	191	0.5026	36	96	0.4002
FBgn0034463	FBpp0309473	282	0.6064	35	171	0.4376
FBgn0034464	FBpp0085668	317	0.6940	51	220	0.4177
FBgn0028372	FBpp0303280	561	0.6809	76	382	0.4505
FBgn0040729	FBpp0085671	53	0.2075	6	11	0.3610
FBgn0034468	FBpp0085672	139	0.6331	48	88	0.4206
FBgn0034470	FBpp0085673	131	0.0916	9	12	0.3067
FBgn0046879	FBpp0089321	245	0.5388	34	132	0.3977
FBgn0046880	FBpp0085675	137	0.2482	15	34	0.3280
FBgn0034467	FBpp0085676	580	0.5569	54	323	0.4119
FBgn0040730	FBpp0085677	85	0.2706	20	23	0.3294
FBgn0015949	FBpp0303281	827	0.6179	182	511	0.4460
FBgn0034462	FBpp0292142	267	0.5543	53	148	0.4209
FBgn0034458	FBpp0085686	632	0.2959	24	187	0.3560
FBgn0040732	FBpp0085687	127	0.5512	47	70	0.4040
FBgn0034452	FBpp0085689	1366	0.3023	41	413	0.3485
FBgn0034451	FBpp0085690	244	0.4016	55	98	0.4058
FBgn0034422	FBpp0085693	358	0.6006	60	215	0.4308
FBgn0010434	FBpp0085697	1698	0.6720	134	1141	0.4502
FBgn0004003	FBpp0085698	257	0.4475	39	115	0.3841
FBgn0034423	FBpp0085699	674	0.6276	123	423	0.4661
FBgn0003254	FBpp0303091	680	0.6044	90	411	0.4335
FBgn0034428	FBpp0289819	222	0.3694	32	82	0.3610
FBgn0034429	FBpp0085702	224	0.2723	36	61	0.3609
FBgn0013954	FBpp0085703	108	0.4537	42	49	0.3934
FBgn0034432	FBpp0289511	627	0.4354	33	273	0.3776
FBgn0034435	FBpp0085706	513	0.5088	48	261	0.4145
FBgn0034436	FBpp0085708	891	0.3591	45	320	0.3401
FBgn0034437	FBpp0085709	866	0.3406	31	295	0.3255
FBgn0034439	FBpp0306124	868	0.2523	44	219	0.3154
FBgn0034440	FBpp0302004	881	0.2826	43	249	0.3115
FBgn0034441	FBpp0085712	875	0.2709	22	237	0.3096
FBgn0034442	FBpp0085713	535	0.5776	57	309	0.4087
FBgn0012051	FBpp0309435	843	0.4911	47	414	0.4026
FBgn0040273	FBpp0085716	1078	0.4991	171	538	0.4341
FBgn0013325	FBpp0085717	184	0.6630	31	122	0.4112
FBgn0034446	FBpp0085718	202	0.2525	19	51	0.3508
FBgn0034447	FBpp0085719	680	0.5691	112	387	0.4034
FBgn0020440	FBpp0113097	1500	0.6080	108	912	0.4225
FBgn0034443	FBpp0085735	79	0.8354	52	66	0.4963
FBgn0034438	FBpp0085739	861	0.2218	38	191	0.3114
FBgn0034433	FBpp0085742	390	0.6128	93	239	0.4174
FBgn0034430	FBpp0085744	267	0.8277	100	221	0.4946
FBgn0034427	FBpp0085745	341	0.3607	60	123	0.3747
FBgn0034426	FBpp0085746	222	0.3423	32	76	0.3617
FBgn0034425	FBpp0085747	634	0.6498	65	412	0.4475
FBgn0053453	FBpp0085748	175	0.2343	17	41	0.3247
FBgn0053454	FBpp0085749	173	0.1734	6	30	0.3206
FBgn0034408	FBpp0310915	911	0.6378	87	581	0.4485
FBgn0034411	FBpp0291656	415	0.5398	70	224	0.4271
FBgn0004168	FBpp0423127	846	0.4835	102	409	0.3845
FBgn0027535	FBpp0085763	972	0.4496	93	437	0.3914
FBgn0034419	FBpp0085764	411	0.3552	52	146	0.3546
FBgn0034418	FBpp0085774	637	0.4741	90	302	0.3963
FBgn0050125	FBpp0085779	603	0.2720	22	164	0.3361
FBgn0034413	FBpp0085781	258	0.4031	87	104	0.3484
FBgn0041702	FBpp0304303	243	0.8354	105	203	0.5068
FBgn0014269	FBpp0085785	346	0.8237	63	285	0.4831
FBgn0028669	FBpp0085786	904	0.3086	61	279	0.3381
FBgn0034377	FBpp0085788	206	0.8252	54	170	0.5105
FBgn0034379	FBpp0085790	580	0.6500	102	377	0.4610
FBgn0053147	FBpp0085791	605	0.5025	97	304	0.4190
FBgn0034387	FBpp0085792	535	0.5234	56	280	0.4039
FBgn0034391	FBpp0085795	1541	0.8864	230	1366	0.5298
FBgn0010551	FBpp0111775	338	0.3757	25	127	0.3776
FBgn0034397	FBpp0085799	296	0.7635	80	226	0.4597
FBgn0034399	FBpp0085800	150	0.1600	19	24	0.2310
FBgn0034402	FBpp0085801	316	0.6297	43	199	0.4479
FBgn0004240	FBpp0085802	106	0.4528	20	48	0.3647
FBgn0034407	FBpp0085803	120	0.5250	22	63	0.3665
FBgn0034406	FBpp0085804	468	0.2949	30	138	0.3422
FBgn0010053	FBpp0085807	474	0.3882	51	184	0.3662
FBgn0034403	FBpp0271746	248	0.5323	33	132	0.4068
FBgn0034401	FBpp0085809	1022	0.3865	90	395	0.3760
FBgn0034400	FBpp0303087	2683	0.4767	192	1279	0.4019
FBgn0034398	FBpp0085811	186	0.2258	26	42	0.2654
FBgn0034396	FBpp0303455	743	0.4603	63	342	0.3999
FBgn0034394	FBpp0085814	491	0.2709	38	133	0.3137
FBgn0010651	FBpp0085816	497	0.2233	39	111	0.2838
FBgn0034392	FBpp0085818	497	0.2254	42	112	0.3041
FBgn0034390	FBpp0085821	324	0.0864	11	28	0.3177
FBgn0034383	FBpp0085824	262	0.1107	12	29	0.2727
FBgn0034382	FBpp0085825	263	0.1597	12	42	0.2753
FBgn0034381	FBpp0290086	564	0.1330	30	75	0.2580
FBgn0034380	FBpp0085829	740	0.4203	70	311	0.3773
FBgn0023214	FBpp0085834	177	0.3277	26	58	0.3626
FBgn0053136	FBpp0309336	185	0.5514	78	102	0.4005
FBgn0034372	FBpp0085836	441	0.5601	99	247	0.4362
FBgn0034371	FBpp0085839	310	0.2194	45	68	0.3248
FBgn0050122	FBpp0290145	1272	0.7508	254	955	0.5084
FBgn0034368	FBpp0085842	397	0.5995	53	238	0.4172
FBgn0034329	FBpp0085843	45	0.0000	0	0	0.2215
FBgn0034330	FBpp0085844	45	0.0000	0	0	0.2197
FBgn0025583	FBpp0085845	45	0.0000	0	0	0.2302
FBgn0040736	FBpp0085846	39	0.0000	0	0	0.2252
FBgn0040735	FBpp0085847	76	0.1842	9	14	0.2539
FBgn0040734	FBpp0085848	40	0.0000	0	0	0.2178
FBgn0064237	FBpp0085849	444	0.4437	28	197	0.3721
FBgn0034335	FBpp0085850	224	0.3527	30	79	0.3570
FBgn0063498	FBpp0085851	221	0.2579	25	57	0.3271
FBgn0063497	FBpp0085852	220	0.3636	22	80	0.3452
FBgn0063496	FBpp0085853	222	0.2748	21	61	0.3396
FBgn0063495	FBpp0085854	222	0.3333	38	74	0.3535
FBgn0063494	FBpp0085855	222	0.2523	21	56	0.3473
FBgn0063493	FBpp0085856	223	0.3857	40	86	0.3710
FBgn0063492	FBpp0085857	222	0.2252	25	50	0.3342
FBgn0063491	FBpp0085858	221	0.2127	19	47	0.3247
FBgn0027835	FBpp0085860	1301	0.6372	57	829	0.4339
FBgn0034345	FBpp0297592	369	0.7588	49	280	0.4557
FBgn0034346	FBpp0085870	1077	0.2321	33	250	0.3082
FBgn0034350	FBpp0085873	125	0.2320	7	29	0.3279
FBgn0050120	FBpp0289084	479	0.7641	78	366	0.4835
FBgn0034351	FBpp0085875	446	0.6816	54	304	0.4567
FBgn0034354	FBpp0085876	225	0.2356	22	53	0.3269
FBgn0034356	FBpp0085878	638	0.3119	26	199	0.3699
FBgn0003067	FBpp0085880	647	0.2828	26	183	0.3603
FBgn0034360	FBpp0085884	360	0.5972	55	215	0.4103
FBgn0034362	FBpp0085885	146	0.6438	25	94	0.4122
FBgn0034363	FBpp0085886	149	0.7114	47	106	0.4582
FBgn0034365	FBpp0085887	321	0.3115	34	100	0.3612
FBgn0000566	FBpp0085889	393	0.3435	28	135	0.3631
FBgn0034366	FBpp0085891	684	0.3757	25	257	0.3698
FBgn0034364	FBpp0085892	238	0.6134	34	146	0.4318
FBgn0034361	FBpp0085893	194	0.5361	28	104	0.4053
FBgn0050115	FBpp0289650	1549	0.7185	147	1113	0.4742
FBgn0028496	FBpp0085899	1922	0.4329	66	832	0.3890
FBgn0034352	FBpp0085901	540	0.5315	40	287	0.3989
FBgn0013983	FBpp0085904	273	0.6557	52	179	0.4324
FBgn0063499	FBpp0085905	240	0.3417	24	82	0.3622
FBgn0040733	FBpp0085906	40	0.0000	0	0	0.2417
FBgn0034331	FBpp0085907	154	0.4416	45	68	0.3937
FBgn0034328	FBpp0085908	117	0.1624	10	19	0.2872
FBgn0034300	FBpp0303029	1339	0.8185	343	1096	0.5112
FBgn0028983	FBpp0085912	374	0.3102	37	116	0.3653
FBgn0040465	FBpp0085913	348	0.8103	83	282	0.4863
FBgn0003044	FBpp0085914	1043	0.6922	89	722	0.4540
FBgn0000057	FBpp0085923	628	0.4013	43	252	0.3852
FBgn0034307	FBpp0085924	624	0.4808	49	300	0.3911
FBgn0034308	FBpp0085925	609	0.6519	129	397	0.4498
FBgn0034312	FBpp0085928	263	0.4144	30	109	0.3872
FBgn0034318	FBpp0085931	190	0.3632	16	69	0.3592
FBgn0050114	FBpp0085932	115	0.6609	22	76	0.4308
FBgn0000658	FBpp0085933	583	0.5729	61	334	0.4192
FBgn0034321	FBpp0085935	188	0.4947	29	93	0.3729
FBgn0034322	FBpp0085937	191	0.4921	32	94	0.3986
FBgn0034323	FBpp0085938	188	0.3883	25	73	0.3631
FBgn0034326	FBpp0298014	190	0.4000	28	76	0.3641
FBgn0040737	FBpp0085942	58	0.7069	41	41	0.5401
FBgn0034327	FBpp0298015	119	0.1849	16	22	0.3405
FBgn0034313	FBpp0085951	766	0.6736	262	516	0.4928
FBgn0027836	FBpp0085952	669	0.3692	88	247	0.3764
FBgn0034310	FBpp0085954	668	0.3353	25	224	0.3623
FBgn0022238	FBpp0085955	127	0.5118	14	65	0.3892
FBgn0034304	FBpp0303035	585	0.6171	118	361	0.4370
FBgn0062440	FBpp0085960	97	0.2577	11	25	0.3253
FBgn0001222	FBpp0110266	733	0.6794	59	498	0.4512
FBgn0003520	FBpp0085962	1026	0.7076	121	726	0.4738
FBgn0034301	FBpp0303036	1220	0.7992	200	975	0.4898
FBgn0034299	FBpp0085966	211	0.5118	27	108	0.3977
FBgn0041585	FBpp0113106	507	0.5168	109	262	0.3893
FBgn0015522	FBpp0085978	254	0.6575	64	167	0.4525
FBgn0050323	FBpp0271829	306	0.4314	43	132	0.3679
FBgn0034281	FBpp0085980	197	0.5888	33	116	0.4250
FBgn0011589	FBpp0085981	1284	0.5304	105	681	0.3958
FBgn0034284	FBpp0085982	166	0.4578	21	76	0.3986
FBgn0034288	FBpp0085983	234	0.7179	59	168	0.4476
FBgn0034296	FBpp0085986	271	0.6974	118	189	0.4739
FBgn0034295	FBpp0085987	359	0.6852	167	246	0.4899
FBgn0034294	FBpp0085988	485	0.7340	298	356	0.4725
FBgn0034293	FBpp0423047	193	0.2383	22	46	0.3438
FBgn0034292	FBpp0085990	253	0.4071	27	103	0.3796
FBgn0034291	FBpp0085991	213	0.4131	28	88	0.3918
FBgn0034290	FBpp0085992	127	0.6693	53	85	0.4346
FBgn0003140	FBpp0085996	314	0.2484	26	78	0.3314
FBgn0050110	FBpp0085999	614	0.8567	184	526	0.5242
FBgn0050325	FBpp0086000	750	0.8520	140	639	0.5213
FBgn0034282	FBpp0112004	363	0.6915	60	251	0.4524
FBgn0034242	FBpp0086006	249	0.8394	64	209	0.5321
FBgn0040294	FBpp0086007	838	0.6396	175	536	0.4471
FBgn0016701	FBpp0086008	213	0.4225	24	90	0.3846
FBgn0029079	FBpp0086010	215	0.4930	40	106	0.4002
FBgn0029006	FBpp0086011	1061	0.6211	335	659	0.4554
FBgn0034251	FBpp0086012	702	0.5199	86	365	0.4079
FBgn0034258	FBpp0086013	910	0.5714	97	520	0.4452
FBgn0050108	FBpp0271806	88	0.7273	43	64	0.4591
FBgn0050109	FBpp0309237	88	0.7500	44	66	0.4732
FBgn0034261	FBpp0086017	858	0.6177	94	530	0.4307
FBgn0034263	FBpp0086019	194	0.2577	42	50	0.3150
FBgn0034264	FBpp0086020	355	0.4169	32	148	0.3963
FBgn0034266	FBpp0289094	418	0.3038	27	127	0.3664
FBgn0034267	FBpp0290400	447	0.4027	60	180	0.3506
FBgn0034271	FBpp0086024	966	0.4731	57	457	0.3899
FBgn0034272	FBpp0086025	586	0.3123	40	183	0.3328
FBgn0003545	FBpp0086041	628	0.5653	95	355	0.4312
FBgn0034270	FBpp0086042	479	0.2902	51	139	0.3269
FBgn0034269	FBpp0086043	544	0.6195	74	337	0.4347
FBgn0034265	FBpp0086045	407	0.7690	86	313	0.4657
FBgn0028494	FBpp0086046	798	0.8058	239	643	0.5032
FBgn0027872	FBpp0086048	273	0.5165	32	141	0.4163
FBgn0034262	FBpp0086049	499	0.4509	24	225	0.3810
FBgn0016059	FBpp0086050	770	0.4338	82	334	0.3840
FBgn0034259	FBpp0086051	263	0.4449	49	117	0.3934
FBgn0050106	FBpp0086052	499	0.2846	66	142	0.3145
FBgn0034253	FBpp0086054	1524	0.8018	448	1222	0.5049
FBgn0034255	FBpp0086055	84	0.7500	37	63	0.4645
FBgn0004400	FBpp0086056	418	0.7344	118	307	0.4835
FBgn0050105	FBpp0086057	155	0.6000	24	93	0.4366
FBgn0034249	FBpp0086058	1004	0.6544	191	657	0.4510
FBgn0034248	FBpp0086059	82	0.6707	55	55	0.4400
FBgn0034247	FBpp0086060	465	0.1118	23	52	0.2530
FBgn0034246	FBpp0086061	1722	0.4199	53	723	0.3825
FBgn0034245	FBpp0086062	57	0.1754	6	10	0.2857
FBgn0034243	FBpp0086063	674	0.6454	68	435	0.4538
FBgn0010620	FBpp0086065	296	0.6081	68	180	0.4513
FBgn0016697	FBpp0086066	244	0.3648	42	89	0.3688
FBgn0022029	FBpp0086069	626	0.4233	52	265	0.3849
FBgn0034215	FBpp0303028	360	0.4278	55	154	0.3846
FBgn0034217	FBpp0086073	334	0.6737	71	225	0.4329
FBgn0034218	FBpp0086074	237	0.4473	22	106	0.3984
FBgn0034221	FBpp0086075	523	0.3040	31	159	0.3395
FBgn0024196	FBpp0086076	97	0.4845	14	47	0.3996
FBgn0028953	FBpp0086077	512	0.5879	130	301	0.4384
FBgn0022987	FBpp0303881	617	0.7115	184	439	0.4634
FBgn0034225	FBpp0086082	599	0.2604	28	156	0.3452
FBgn0050104	FBpp0086083	585	0.2718	25	159	0.3472
FBgn0050103	FBpp0086085	584	0.3288	32	192	0.3505
FBgn0034229	FBpp0086091	420	0.2929	21	123	0.3394
FBgn0034230	FBpp0086094	709	0.5628	108	399	0.4196
FBgn0034232	FBpp0086096	181	0.4309	45	78	0.4072
FBgn0034237	FBpp0086097	690	0.5623	89	388	0.4228
FBgn0028382	FBpp0086101	300	0.5167	33	155	0.4001
FBgn0034240	FBpp0086102	2171	0.7669	238	1665	0.4836
FBgn0010409	FBpp0086103	177	0.6780	27	120	0.4383
FBgn0034231	FBpp0086107	195	0.5282	30	103	0.4108
FBgn0034224	FBpp0086109	176	0.5852	71	103	0.4792
FBgn0034223	FBpp0086110	816	0.3395	68	277	0.3740
FBgn0028956	FBpp0086111	511	0.2935	23	150	0.3221
FBgn0034219	FBpp0086113	517	0.2495	22	129	0.3079
FBgn0027506	FBpp0309188	754	0.4854	59	366	0.4082
FBgn0025716	FBpp0086115	425	0.4376	41	186	0.3851
FBgn0034214	FBpp0086116	552	0.4420	50	244	0.4006
FBgn0050101	FBpp0086118	328	0.7835	81	257	0.4193
FBgn0034210	FBpp0086119	518	0.5212	56	270	0.4128
FBgn0034179	FBpp0086120	357	0.4314	42	154	0.3695
FBgn0023172	FBpp0086124	2559	0.7417	180	1898	0.4715
FBgn0034182	FBpp0086126	488	0.1988	25	97	0.3335
FBgn0034183	FBpp0086127	498	0.4137	33	206	0.3796
FBgn0034184	FBpp0086128	889	0.7098	221	631	0.4603
FBgn0026721	FBpp0086129	763	0.5675	54	433	0.4113
FBgn0034187	FBpp0289504	764	0.4673	46	357	0.4000
FBgn0034191	FBpp0086132	285	0.3509	36	100	0.3620
FBgn0034194	FBpp0086135	508	0.6181	52	314	0.3986
FBgn0000078	FBpp0086136	494	0.3421	41	169	0.3594
FBgn0034197	FBpp0086137	397	0.4635	57	184	0.3808
FBgn0034198	FBpp0086138	198	0.7374	130	146	0.4865
FBgn0034199	FBpp0086139	118	0.7627	64	90	0.4554
FBgn0034200	FBpp0086140	456	0.8399	235	383	0.5021
FBgn0034201	FBpp0086141	99	0.7475	74	74	0.3978
FBgn0034205	FBpp0086142	586	0.2082	23	122	0.3386
FBgn0046294	FBpp0289986	145	0.6690	54	97	0.4274
FBgn0034206	FBpp0086148	128	0.7188	63	92	0.4560
FBgn0034204	FBpp0086149	278	0.2950	42	82	0.3589
FBgn0050457	FBpp0086150	189	0.1481	21	28	0.3357
FBgn0050458	FBpp0086151	145	0.6897	59	100	0.4406
FBgn0034202	FBpp0086152	338	0.2249	45	76	0.2941
FBgn0034196	FBpp0086153	152	0.4671	17	71	0.3855
FBgn0034195	FBpp0110074	379	0.4565	40	173	0.3724
FBgn0000079	FBpp0086155	494	0.3502	41	173	0.3596
FBgn0010591	FBpp0086159	545	0.2789	66	152	0.3428
FBgn0050460	FBpp0086161	1868	0.8597	184	1606	0.5183
FBgn0034186	FBpp0086164	868	0.3664	53	318	0.3779
FBgn0034181	FBpp0086167	559	0.5921	155	331	0.4509
FBgn0034180	FBpp0113119	1141	0.7537	167	860	0.4711
FBgn0034154	FBpp0423080	201	0.4527	30	91	0.3797
FBgn0034156	FBpp0293861	625	0.2112	83	132	0.2960
FBgn0011743	FBpp0309075	411	0.2993	21	123	0.3560
FBgn0034157	FBpp0086175	620	0.7387	61	458	0.4262
FBgn0034158	FBpp0086177	702	0.6496	122	456	0.4431
FBgn0040743	FBpp0086183	110	0.5364	47	59	0.3930
FBgn0034160	FBpp0300934	250	0.3160	28	79	0.3561
FBgn0028737	FBpp0305165	222	0.2523	25	56	0.3582
FBgn0034162	FBpp0086191	161	0.3043	18	49	0.3012
FBgn0025827	FBpp0086192	161	0.1988	16	32	0.3138
FBgn0046999	FBpp0086193	159	0.2893	19	46	0.3331
FBgn0034166	FBpp0309076	389	0.4036	44	157	0.3770
FBgn0023458	FBpp0292404	3426	0.4804	128	1646	0.3989
FBgn0029877	FBpp0070905	266	0.2669	46	71	0.3385
FBgn0029878	FBpp0070906	686	0.3455	47	237	0.3651
FBgn0029879	FBpp0070907	615	0.3805	38	234	0.3679
FBgn0029881	FBpp0070909	977	0.6868	76	671	0.4465
FBgn0029880	FBpp0300877	736	0.6277	278	462	0.4608
FBgn0028360	FBpp0070911	700	0.5643	104	395	0.4411
FBgn0062413	FBpp0300817	241	0.1452	31	35	0.2733
FBgn0025815	FBpp0070913	817	0.4957	42	405	0.3889
FBgn0029895	FBpp0070920	1149	0.6762	145	777	0.4643
FBgn0029898	FBpp0070921	535	0.2206	47	118	0.2768
FBgn0029502	FBpp0070924	219	0.5342	53	117	0.3952
FBgn0029903	FBpp0300548	1266	0.6359	188	805	0.4504
FBgn0029906	FBpp0070931	511	0.0528	14	27	0.2359
FBgn0029907	FBpp0289092	230	0.3913	34	90	0.4013
FBgn0029909	FBpp0070934	371	0.2695	30	100	0.2815
FBgn0029905	FBpp0070935	601	0.6772	84	407	0.4743
FBgn0003390	FBpp0309087	460	0.6261	34	288	0.4290
FBgn0029897	FBpp0070940	186	0.7903	44	147	0.4769
FBgn0029896	FBpp0070944	632	0.3133	46	198	0.3203
FBgn0029894	FBpp0070947	318	0.6226	112	198	0.4710
FBgn0029893	FBpp0070948	1034	0.7592	242	785	0.5025
FBgn0029892	FBpp0070949	356	0.3567	38	127	0.3709
FBgn0029887	FBpp0070951	438	0.6667	75	292	0.4813
FBgn0029885	FBpp0070952	162	0.7963	55	129	0.4767
FBgn0029882	FBpp0070953	230	0.5478	30	126	0.4141
FBgn0029912	FBpp0070954	933	0.8071	139	753	0.4813
FBgn0029914	FBpp0289414	385	0.4727	33	182	0.3893
FBgn0029922	FBpp0428083	1186	0.7892	219	936	0.4991
FBgn0029924	FBpp0070963	677	0.4136	46	280	0.3799
FBgn0027108	FBpp0070965	367	0.2180	17	80	0.3002
FBgn0052736	FBpp0070967	79	0.6329	34	50	0.4223
FBgn0029929	FBpp0070969	209	0.6890	124	144	0.4770
FBgn0029931	FBpp0070970	252	0.7857	63	198	0.4846
FBgn0004143	FBpp0288840	213	0.7887	70	168	0.4659
FBgn0029932	FBpp0070973	525	0.2362	38	124	0.2887
FBgn0029937	FBpp0070975	185	0.6541	64	121	0.4525
FBgn0027342	FBpp0070976	705	0.4043	107	285	0.3489
FBgn0029936	FBpp0070978	418	0.6531	54	273	0.4469
FBgn0029935	FBpp0070979	313	0.2556	36	80	0.2830
FBgn0029930	FBpp0289984	263	0.5437	41	143	0.3904
FBgn0029928	FBpp0070991	431	0.7842	151	338	0.4655
FBgn0000330	FBpp0070992	415	0.3614	40	150	0.3666
FBgn0027106	FBpp0070994	438	0.2854	30	125	0.3312
FBgn0004646	FBpp0070995	362	0.2210	18	80	0.3147
FBgn0029925	FBpp0070997	238	0.4538	25	108	0.3956
FBgn0052732	FBpp0070998	537	0.4451	57	239	0.4039
FBgn0029915	FBpp0311823	214	0.5187	47	111	0.3949
FBgn0029913	FBpp0071000	432	0.3634	27	157	0.3556
FBgn0029911	FBpp0071001	303	0.5479	56	166	0.4292
FBgn0029939	FBpp0423187	1254	0.6786	146	851	0.4588
FBgn0029940	FBpp0071005	231	0.8571	94	198	0.5023
FBgn0029942	FBpp0071006	308	0.6071	48	187	0.4282
FBgn0029944	FBpp0071008	622	0.6961	101	433	0.4478
FBgn0029945	FBpp0071010	610	0.3016	43	184	0.3567
FBgn0026144	FBpp0302928	551	0.5299	67	292	0.4384
FBgn0029947	FBpp0071012	210	0.8619	143	181	0.5507
FBgn0029950	FBpp0071015	601	0.2013	33	121	0.2781
FBgn0040923	FBpp0071016	65	0.5846	38	38	0.3871
FBgn0052726	FBpp0071017	60	0.4500	27	27	0.3577
FBgn0040922	FBpp0071018	72	0.4167	30	30	0.4019
FBgn0029949	FBpp0071021	374	0.4545	36	170	0.3804
FBgn0029946	FBpp0071022	104	0.5481	17	57	0.4036
FBgn0029943	FBpp0071023	269	0.2788	13	75	0.3587
FBgn0025549	FBpp0071024	265	0.4226	21	112	0.3793
FBgn0029951	FBpp0071025	667	0.8066	256	538	0.5379
FBgn0004198	FBpp0071026	2175	0.6598	187	1435	0.4594
FBgn0022786	FBpp0071028	1047	0.4441	58	465	0.4008
FBgn0029957	FBpp0071029	555	0.5856	68	325	0.4158
FBgn0029959	FBpp0071030	218	0.3945	22	86	0.3702
FBgn0016041	FBpp0071031	344	0.2529	24	87	0.3589
FBgn0029961	FBpp0071032	614	0.2899	37	178	0.3283
FBgn0029958	FBpp0071033	475	0.4316	40	205	0.3802
FBgn0027553	FBpp0071034	594	0.3586	28	213	0.3643
FBgn0029955	FBpp0071035	552	0.6594	110	364	0.4661
FBgn0029952	FBpp0071037	185	0.8757	114	162	0.5199
FBgn0052720	FBpp0293410	336	0.8036	94	270	0.4711
FBgn0052719	FBpp0071039	1220	0.6607	163	806	0.4410
FBgn0052718	FBpp0304766	261	0.5785	54	151	0.4097
FBgn0029962	FBpp0289296	333	0.5676	62	189	0.4109
FBgn0029964	FBpp0271880	150	0.6933	57	104	0.4418
FBgn0029966	FBpp0071043	625	0.2544	22	159	0.3381
FBgn0029968	FBpp0428088	607	0.2257	44	137	0.3256
FBgn0040087	FBpp0071045	836	0.4187	60	350	0.3768
FBgn0010292	FBpp0071046	436	0.5183	51	226	0.3925
FBgn0029975	FBpp0071047	321	0.2212	20	71	0.3314
FBgn0029976	FBpp0071048	1117	0.4772	43	533	0.3805
FBgn0004403	FBpp0071050	151	0.4437	23	67	0.4029
FBgn0004404	FBpp0071052	151	0.4437	23	67	0.4029
FBgn0029987	FBpp0071055	181	0.6851	43	124	0.4499
FBgn0003447	FBpp0071057	512	0.4961	31	254	0.3943
FBgn0004657	FBpp0071061	846	0.5792	42	490	0.4084
FBgn0029993	FBpp0071062	651	0.6144	74	400	0.4355
FBgn0040319	FBpp0071063	717	0.6318	134	453	0.4270
FBgn0029997	FBpp0071065	801	0.5543	102	444	0.4134
FBgn0029996	FBpp0071067	183	0.5355	35	98	0.4155
FBgn0029995	FBpp0290950	324	0.3611	63	117	0.3758
FBgn0029994	FBpp0071071	320	0.2875	28	92	0.3302
FBgn0029992	FBpp0071072	1241	0.5093	111	632	0.4104
FBgn0004656	FBpp0305499	2046	0.5484	133	1122	0.4212
FBgn0029990	FBpp0071075	414	0.3333	25	138	0.3553
FBgn0029989	FBpp0071076	542	0.4059	43	220	0.3791
FBgn0003656	FBpp0071077	1425	0.4786	141	682	0.3954
FBgn0029986	FBpp0071079	571	0.4081	42	233	0.3853
FBgn0027280	FBpp0071081	664	0.5241	53	348	0.4022
FBgn0029980	FBpp0071083	300	0.4567	25	137	0.3858
FBgn0029979	FBpp0071084	945	0.5302	79	501	0.4044
FBgn0029977	FBpp0071085	486	0.3477	24	169	0.3495
FBgn0029974	FBpp0071086	340	0.5353	61	182	0.3926
FBgn0029971	FBpp0071092	56	0.5000	28	28	0.3307
FBgn0029970	FBpp0071094	735	0.6340	87	466	0.4410
FBgn0029969	FBpp0071095	410	0.2439	26	100	0.3308
FBgn0029965	FBpp0307900	655	0.2947	25	193	0.3412
FBgn0029963	FBpp0071101	397	0.3526	55	140	0.3532
FBgn0029999	FBpp0071102	637	0.5181	87	330	0.4006
FBgn0030003	FBpp0071103	598	0.6355	97	380	0.4432
FBgn0030004	FBpp0071104	743	0.7752	149	576	0.4657
FBgn0030005	FBpp0290136	315	0.6190	45	195	0.4365
FBgn0030008	FBpp0071106	465	0.6215	67	289	0.4276
FBgn0030009	FBpp0304003	159	0.8868	48	141	0.4667
FBgn0030010	FBpp0071108	443	0.6366	55	282	0.4316
FBgn0030012	FBpp0071109	469	0.6674	109	313	0.4614
FBgn0030013	FBpp0292509	217	0.4009	29	87	0.3741
FBgn0030014	FBpp0071111	405	0.5136	57	208	0.4034
FBgn0030025	FBpp0071114	165	0.7576	39	125	0.4628
FBgn0020653	FBpp0071116	596	0.3104	22	185	0.3480
FBgn0030027	FBpp0071118	1056	0.5265	101	556	0.4214
FBgn0030030	FBpp0071119	382	0.2513	24	96	0.3111
FBgn0030033	FBpp0071121	955	0.8482	387	810	0.5044
FBgn0030034	FBpp0071122	926	0.8024	167	743	0.5235
FBgn0030035	FBpp0071123	633	0.4013	31	254	0.3721
FBgn0015519	FBpp0288426	795	0.4314	37	343	0.3771
FBgn0030029	FBpp0071126	213	0.3850	16	82	0.3870
FBgn0030028	FBpp0071127	213	0.6995	62	149	0.4601
FBgn0017566	FBpp0071128	731	0.2640	27	193	0.3469
FBgn0030026	FBpp0071131	247	0.3077	24	76	0.3648
FBgn0030017	FBpp0303732	655	0.7267	104	476	0.4683
FBgn0030016	FBpp0071134	413	0.1961	24	81	0.3062
FBgn0030015	FBpp0071135	323	0.3467	30	112	0.3524
FBgn0030011	FBpp0071137	358	0.3212	35	115	0.3704
FBgn0030007	FBpp0071138	498	0.3574	31	178	0.3647
FBgn0030006	FBpp0071139	301	0.7608	52	229	0.4559
FBgn0025800	FBpp0071140	486	0.6708	83	326	0.4328
FBgn0030001	FBpp0071141	513	0.4951	40	254	0.3885
FBgn0030000	FBpp0071142	609	0.5567	95	339	0.4316
FBgn0030038	FBpp0308525	551	0.4773	56	263	0.4024
FBgn0023506	FBpp0071145	501	0.8862	108	444	0.4925
FBgn0014465	FBpp0071148	500	0.7260	76	363	0.4607
FBgn0014466	FBpp0071149	321	0.7757	129	249	0.4850
FBgn0000359	FBpp0071150	284	0.5704	69	162	0.3993
FBgn0000360	FBpp0071151	306	0.3170	31	97	0.3438
FBgn0053181	FBpp0112363	696	0.3161	72	220	0.3256
FBgn0030049	FBpp0071158	1001	0.5824	212	583	0.4549
FBgn0030052	FBpp0428081	706	0.5680	61	401	0.4192
FBgn0030053	FBpp0071164	403	0.3350	24	135	0.3546
FBgn0025864	FBpp0071165	1671	0.5165	107	863	0.4042
FBgn0030055	FBpp0071166	827	0.5695	100	471	0.4336
FBgn0030056	FBpp0071167	250	0.4960	48	124	0.4130
FBgn0027864	FBpp0071168	343	0.4286	22	147	0.3881
FBgn0030058	FBpp0071169	261	0.6475	41	169	0.4612
FBgn0030057	FBpp0071170	314	0.2166	27	68	0.3299
FBgn0030054	FBpp0071172	1183	0.8960	432	1060	0.5572
FBgn0040929	FBpp0304873	110	0.5909	54	65	0.4529
FBgn0030051	FBpp0071174	393	0.3461	35	136	0.3647
FBgn0030050	FBpp0071176	188	0.3404	25	64	0.3762
FBgn0030048	FBpp0071177	201	0.6418	43	129	0.4367
FBgn0026679	FBpp0071178	1022	0.3112	47	318	0.3558
FBgn0024943	FBpp0071179	1195	0.8661	220	1035	0.5246
FBgn0003023	FBpp0071181	853	0.6377	107	544	0.4498
FBgn0053223	FBpp0071182	184	0.6467	25	119	0.4216
FBgn0030041	FBpp0071183	273	0.3956	26	108	0.3735
FBgn0014032	FBpp0071184	261	0.4368	31	114	0.3852
FBgn0030040	FBpp0291662	229	0.4978	25	114	0.3664
FBgn0052713	FBpp0071186	184	0.6304	21	116	0.4116
FBgn0021767	FBpp0071187	699	0.6023	174	421	0.4419
FBgn0030039	FBpp0071188	218	0.3532	20	77	0.3789
FBgn0030037	FBpp0071189	525	0.3714	40	195	0.3746
FBgn0052712	FBpp0289615	183	0.0164	2	3	0.2403
FBgn0041629	FBpp0071192	622	0.4051	71	252	0.3743
FBgn0030061	FBpp0071193	478	0.9017	160	431	0.5335
FBgn0030063	FBpp0071194	237	0.8608	95	204	0.5543
FBgn0030065	FBpp0071196	1006	0.7932	267	798	0.5295
FBgn0030067	FBpp0071198	343	0.8717	110	299	0.4906
FBgn0030073	FBpp0071206	249	0.3534	29	88	0.3557
FBgn0030074	FBpp0423043	196	0.3827	26	75	0.3764
FBgn0030071	FBpp0071208	131	0.4962	34	65	0.4028
FBgn0011586	FBpp0071209	104	0.5962	23	62	0.4169
FBgn0030066	FBpp0071211	277	0.3899	30	108	0.3898
FBgn0011661	FBpp0071213	649	0.6857	155	445	0.4603
FBgn0026411	FBpp0071216	505	0.4871	86	246	0.4400
FBgn0027330	FBpp0071217	1008	0.3948	56	398	0.3775
FBgn0030060	FBpp0071218	425	0.4188	23	178	0.3784
FBgn0030082	FBpp0071221	240	0.7208	97	173	0.4739
FBgn0052707	FBpp0071222	775	0.3471	45	269	0.3621
FBgn0052708	FBpp0071223	239	0.8661	62	207	0.5057
FBgn0052706	FBpp0071224	230	0.7391	62	170	0.4567
FBgn0030085	FBpp0071225	233	0.7468	62	174	0.4591
FBgn0030086	FBpp0071226	535	0.2523	28	135	0.3474
FBgn0030088	FBpp0071229	200	0.3250	22	65	0.3585
FBgn0030089	FBpp0071232	982	0.3819	32	375	0.3694
FBgn0030091	FBpp0071234	1231	0.6791	167	836	0.4687
FBgn0030093	FBpp0071235	749	0.8144	120	610	0.4877
FBgn0040467	FBpp0305659	176	0.4375	59	77	0.4162
FBgn0026206	FBpp0423150	1310	0.5290	118	693	0.4230
FBgn0030098	FBpp0071239	219	0.4292	30	94	0.3792
FBgn0030099	FBpp0071240	287	0.3589	58	103	0.3566
FBgn0030100	FBpp0071241	211	0.2512	9	53	0.3561
FBgn0030103	FBpp0071242	163	0.4049	20	66	0.3526
FBgn0030104	FBpp0071243	162	0.6173	82	100	0.4658
FBgn0030105	FBpp0071244	122	0.3443	20	42	0.3527
FBgn0030107	FBpp0071245	370	0.7405	125	274	0.4603
FBgn0030108	FBpp0071246	385	0.1481	21	57	0.2780
FBgn0010269	FBpp0071248	396	0.4419	29	175	0.3847
FBgn0030114	FBpp0071249	654	0.3165	28	207	0.3488
FBgn0028292	FBpp0071252	573	0.4974	46	285	0.4138
FBgn0030122	FBpp0308972	466	0.3498	33	163	0.3656
FBgn0002576	FBpp0071255	826	0.5061	58	418	0.3934
FBgn0040234	FBpp0306949	1403	0.5025	74	705	0.3993
FBgn0040235	FBpp0071259	259	0.7799	89	202	0.4920
FBgn0040236	FBpp0071261	1742	0.2933	31	511	0.3544
FBgn0030121	FBpp0071262	663	0.7949	124	527	0.4973
FBgn0030120	FBpp0071263	366	0.8224	104	301	0.5339
FBgn0052703	FBpp0071264	916	0.6758	171	619	0.4700
FBgn0000077	FBpp0071266	284	0.4437	42	126	0.3689
FBgn0052704	FBpp0071268	936	0.3483	78	326	0.3613
FBgn0030109	FBpp0071269	738	0.5014	88	370	0.3794
FBgn0030102	FBpp0071271	500	0.5000	35	250	0.4094
FBgn0030101	FBpp0071274	284	0.4894	39	139	0.3893
FBgn0030097	FBpp0071276	263	0.2205	24	58	0.3285
FBgn0030096	FBpp0071277	457	0.6565	46	300	0.4346
FBgn0040931	FBpp0071278	77	0.3896	11	30	0.3298
FBgn0014868	FBpp0071279	449	0.2339	25	105	0.3383
FBgn0030092	FBpp0071283	190	0.3579	22	68	0.3786
FBgn0030090	FBpp0071284	321	0.4237	43	136	0.3686
FBgn0004856	FBpp0071285	547	0.6819	105	373	0.4739
FBgn0030087	FBpp0301190	1358	0.4271	104	580	0.3779
FBgn0030081	FBpp0071288	602	0.4203	32	253	0.3884
FBgn0030078	FBpp0071291	103	0.2913	13	30	0.3310
FBgn0030077	FBpp0308736	828	0.7585	128	628	0.5030
FBgn0026149	FBpp0071293	154	0.8766	71	135	0.4988
FBgn0030136	FBpp0071295	65	0.6615	23	43	0.4356
FBgn0001186	FBpp0071296	541	0.2828	42	153	0.3515
FBgn0030141	FBpp0071298	660	0.6076	111	401	0.4186
FBgn0027084	FBpp0071302	607	0.5305	84	322	0.4072
FBgn0052699	FBpp0110147	533	0.3246	36	173	0.3557
FBgn0052702	FBpp0271945	3750	0.4621	62	1733	0.3930
FBgn0030137	FBpp0071306	193	0.6736	34	130	0.4317
FBgn0028327	FBpp0071307	302	0.4338	52	131	0.3888
FBgn0000233	FBpp0071314	644	0.6646	110	428	0.4557
FBgn0020378	FBpp0303753	726	0.5028	67	365	0.4179
FBgn0052698	FBpp0071321	327	0.3884	70	127	0.3782
FBgn0026415	FBpp0071328	442	0.3710	42	164	0.3643
FBgn0030148	FBpp0071338	742	0.2951	59	219	0.3251
FBgn0030164	FBpp0307845	338	0.3609	23	122	0.3719
FBgn0052694	FBpp0071345	364	0.6016	78	219	0.4470
FBgn0004045	FBpp0071354	439	0.5581	96	245	0.4236
FBgn0052693	FBpp0071355	341	0.1701	24	58	0.2620
FBgn0030174	FBpp0301158	464	0.5733	80	266	0.4245
FBgn0005391	FBpp0071359	442	0.6538	91	289	0.4640
FBgn0030167	FBpp0300229	587	0.5213	64	306	0.3998
FBgn0030163	FBpp0071364	334	0.4311	33	144	0.3801
FBgn0030177	FBpp0071365	472	0.6801	81	321	0.4713
FBgn0030181	FBpp0111886	206	0.6214	104	128	0.4130
FBgn0028342	FBpp0071373	157	0.3185	17	50	0.3437
FBgn0030189	FBpp0071376	505	0.3822	29	193	0.3744
FBgn0028480	FBpp0071379	429	0.2914	45	125	0.3224
FBgn0030195	FBpp0071380	351	0.5584	123	196	0.4396
FBgn0000711	FBpp0071381	461	0.4056	58	187	0.3742
FBgn0030200	FBpp0071383	195	0.3692	20	72	0.3704
FBgn0030206	FBpp0071385	581	0.5301	73	308	0.4235
FBgn0030208	FBpp0071386	609	0.8046	161	490	0.5100
FBgn0052687	FBpp0071392	377	0.3714	45	140	0.3752
FBgn0030207	FBpp0071393	342	0.5263	68	180	0.4141
FBgn0030204	FBpp0071396	392	0.1505	19	59	0.2812
FBgn0052683	FBpp0071397	804	0.5933	99	477	0.4421
FBgn0030202	FBpp0071398	115	0.8348	63	96	0.5368
FBgn0030196	FBpp0071399	212	0.5802	60	123	0.4259
FBgn0052681	FBpp0071400	1506	0.8758	263	1319	0.5297
FBgn0052686	FBpp0071402	1082	0.8494	110	919	0.5121
FBgn0052679	FBpp0071403	254	0.3425	34	87	0.3580
FBgn0028331	FBpp0428426	628	0.4220	45	265	0.3757
FBgn0030191	FBpp0071405	357	0.6863	177	245	0.4660
FBgn0011770	FBpp0071406	264	0.2652	15	70	0.3418
FBgn0040942	FBpp0071410	77	0.7403	30	57	0.4582
FBgn0030187	FBpp0071413	349	0.1060	22	37	0.3113
FBgn0040941	FBpp0289350	95	0.0211	1	2	0.2802
FBgn0030186	FBpp0071415	376	0.0691	8	26	0.2989
FBgn0030183	FBpp0071416	114	0.3421	15	39	0.3687
FBgn0030178	FBpp0288673	230	0.2043	13	47	0.3326
FBgn0052685	FBpp0300807	1885	0.7873	286	1484	0.4956
FBgn0067052	FBpp0071419	197	0.4416	24	87	0.3912
FBgn0030217	FBpp0071420	629	0.4229	34	266	0.3721
FBgn0030223	FBpp0071421	931	0.4651	37	433	0.3847
FBgn0052677	FBpp0071422	2139	0.6985	176	1494	0.4818
FBgn0003204	FBpp0423162	590	0.3966	35	234	0.3685
FBgn0030228	FBpp0071426	722	0.3920	74	283	0.3937
FBgn0052672	FBpp0071427	121	0.3802	33	46	0.4001
FBgn0052675	FBpp0071429	530	0.5019	107	266	0.3914
FBgn0030230	FBpp0071431	638	0.6254	82	399	0.4411
FBgn0052676	FBpp0071432	1122	0.5918	77	664	0.4316
FBgn0030224	FBpp0071433	292	0.2979	35	87	0.3472
FBgn0052673	FBpp0071434	197	0.4416	24	87	0.3885
FBgn0030222	FBpp0071435	911	0.3568	42	325	0.3642
FBgn0030221	FBpp0071436	197	0.4518	20	89	0.3969
FBgn0030218	FBpp0071439	459	0.4009	84	184	0.3779
FBgn0001206	FBpp0071440	1413	0.6525	120	922	0.4432
FBgn0030215	FBpp0071441	169	0.5799	33	98	0.4150
FBgn0034551	FBpp0309630	225	0.7600	67	171	0.5047
FBgn0034554	FBpp0307272	295	0.3390	35	100	0.3716
FBgn0050295	FBpp0112280	716	0.4302	62	308	0.4097
FBgn0034558	FBpp0293260	189	0.5397	71	102	0.3949
FBgn0034560	FBpp0071446	332	0.3825	42	127	0.3611
FBgn0020617	FBpp0309625	904	0.6571	80	594	0.4525
FBgn0034564	FBpp0071449	79	0.4810	13	38	0.3798
FBgn0034570	FBpp0428125	1666	0.7233	179	1205	0.4922
FBgn0034572	FBpp0071455	957	0.7116	243	681	0.4857
FBgn0050296	FBpp0071457	505	0.6891	102	348	0.4412
FBgn0034576	FBpp0071459	170	0.2059	15	35	0.3192
FBgn0034579	FBpp0071462	132	0.5909	34	78	0.4244
FBgn0034580	FBpp0071463	476	0.3992	40	190	0.3658
FBgn0003748	FBpp0071468	596	0.5117	54	305	0.4002
FBgn0034583	FBpp0071470	296	0.2331	22	69	0.3413
FBgn0034582	FBpp0071471	368	0.2772	20	102	0.3442
FBgn0022700	FBpp0071472	462	0.2316	22	107	0.3377
FBgn0050293	FBpp0071473	470	0.3128	38	147	0.3589
FBgn0034578	FBpp0071474	170	0.6000	61	102	0.4192
FBgn0003391	FBpp0071475	1507	0.5156	69	777	0.3938
FBgn0034573	FBpp0071476	432	0.4352	59	188	0.3912
FBgn0001133	FBpp0071477	570	0.6351	110	362	0.4235
FBgn0050291	FBpp0071478	509	0.5462	98	278	0.4130
FBgn0034569	FBpp0271922	565	0.4956	38	280	0.4087
FBgn0034568	FBpp0271904	1161	0.3867	47	449	0.3616
FBgn0034567	FBpp0071482	572	0.4755	47	272	0.3969
FBgn0034565	FBpp0071483	145	0.4138	28	60	0.3525
FBgn0008636	FBpp0071485	409	0.6406	63	262	0.4478
FBgn0015524	FBpp0309637	416	0.5649	94	235	0.4442
FBgn0040653	FBpp0071487	42	0.4048	17	17	0.2947
FBgn0034553	FBpp0071488	543	0.3094	26	168	0.3524
FBgn0034552	FBpp0071489	545	0.2606	28	142	0.3485
FBgn0011674	FBpp0071490	859	0.6286	183	540	0.4405
FBgn0016984	FBpp0071491	792	0.6742	108	534	0.4535
FBgn0034588	FBpp0071495	679	0.3741	34	254	0.3715
FBgn0002736	FBpp0071497	147	0.4762	28	70	0.3850
FBgn0034592	FBpp0071498	186	0.4946	41	92	0.4115
FBgn0021872	FBpp0301746	498	0.5944	141	296	0.4280
FBgn0026582	FBpp0071501	376	0.8298	141	312	0.4942
FBgn0034599	FBpp0071502	315	0.7460	104	235	0.4713
FBgn0003162	FBpp0071507	324	0.5648	48	183	0.4064
FBgn0003891	FBpp0071508	2515	0.5046	164	1269	0.4151
FBgn0034602	FBpp0071509	343	0.4315	42	148	0.3716
FBgn0034611	FBpp0071516	566	0.2385	56	135	0.2897
FBgn0016726	FBpp0071518	76	0.9605	40	73	0.5773
FBgn0020306	FBpp0309691	3233	0.6929	116	2240	0.4525
FBgn0034622	FBpp0289682	957	0.3908	69	374	0.3904
FBgn0034628	FBpp0071532	677	0.4343	58	294	0.3824
FBgn0034629	FBpp0071533	677	0.3870	28	262	0.3694
FBgn0034627	FBpp0071534	511	0.3914	31	200	0.3713
FBgn0034626	FBpp0423125	203	0.2463	17	50	0.2878
FBgn0000395	FBpp0071536	751	0.6405	87	481	0.4332
FBgn0034624	FBpp0071537	259	0.2741	28	71	0.3382
FBgn0034623	FBpp0071538	263	0.3992	31	105	0.3799
FBgn0050394	FBpp0071540	831	0.4729	111	393	0.3632
FBgn0034617	FBpp0071541	541	0.7800	93	422	0.4856
FBgn0034614	FBpp0071542	343	0.3090	21	106	0.3657
FBgn0050390	FBpp0071543	289	0.5675	44	164	0.4056
FBgn0050392	FBpp0071544	223	0.3946	31	88	0.3740
FBgn0034612	FBpp0071545	1312	0.3262	72	428	0.3353
FBgn0050393	FBpp0071546	354	0.5763	119	204	0.4241
FBgn0050391	FBpp0071547	338	0.5385	111	182	0.4116
FBgn0034606	FBpp0071549	1069	0.6894	118	737	0.4662
FBgn0034605	FBpp0071550	530	0.2264	17	120	0.3248
FBgn0027073	FBpp0071551	532	0.2707	25	144	0.3441
FBgn0034601	FBpp0071552	219	0.5936	56	130	0.4308
FBgn0034598	FBpp0112013	1306	0.6386	160	834	0.4650
FBgn0050389	FBpp0303268	1037	0.6500	182	674	0.4587
FBgn0034595	FBpp0071558	113	0.2212	13	25	0.2848
FBgn0034590	FBpp0071559	1202	0.5890	89	708	0.4302
FBgn0020312	FBpp0071560	926	0.3067	41	284	0.3457
FBgn0011824	FBpp0071562	237	0.2194	19	52	0.3317
FBgn0034585	FBpp0071563	647	0.9011	102	583	0.5137
FBgn0026369	FBpp0071564	1343	0.5510	123	740	0.4298
FBgn0003731	FBpp0071571	1426	0.4719	55	673	0.3975
FBgn0050222	FBpp0309699	375	0.7467	68	280	0.4556
FBgn0053225	FBpp0309700	307	0.3257	40	100	0.3544
FBgn0034641	FBpp0071575	1544	0.4462	87	689	0.3922
FBgn0034642	FBpp0071576	445	0.4494	39	200	0.3674
FBgn0034643	FBpp0303261	855	0.6351	112	543	0.4390
FBgn0034644	FBpp0071578	902	0.6885	128	621	0.4446
FBgn0034645	FBpp0071580	110	0.4636	28	51	0.3531
FBgn0034650	FBpp0071583	341	0.6481	57	221	0.4306
FBgn0034651	FBpp0071585	182	0.3077	21	56	0.3738
FBgn0050263	FBpp0271816	1870	0.8465	384	1583	0.5082
FBgn0034654	FBpp0071587	222	0.4009	16	89	0.3788
FBgn0034655	FBpp0071588	341	0.4399	53	150	0.3928
FBgn0050290	FBpp0071589	191	0.2356	18	45	0.3375
FBgn0010228	FBpp0071590	111	0.9910	104	110	0.5662
FBgn0027360	FBpp0071594	92	0.5217	20	48	0.4065
FBgn0050285	FBpp0071595	112	0.5982	38	67	0.3769
FBgn0034649	FBpp0071597	466	0.1438	31	67	0.2898
FBgn0034647	FBpp0071599	197	0.6904	67	136	0.4686
FBgn0034646	FBpp0071600	346	0.5318	40	184	0.3997
FBgn0050284	FBpp0071601	353	0.7110	187	251	0.4668
FBgn0016641	FBpp0071603	1377	0.6674	142	919	0.4526
FBgn0000326	FBpp0071604	562	0.3559	39	200	0.3785
FBgn0042180	FBpp0071605	335	0.4537	34	152	0.3768
FBgn0034639	FBpp0309701	204	0.4902	40	100	0.3754
FBgn0034638	FBpp0071607	127	0.2598	11	33	0.3422
FBgn0034636	FBpp0300865	367	0.4632	77	170	0.4050
FBgn0260477	FBpp0290172	273	0.2125	53	58	0.3245
FBgn0069056	FBpp0300809	292	0.2808	18	82	0.3448
FBgn0050287	FBpp0071612	284	0.3944	33	112	0.3520
FBgn0050286	FBpp0290173	277	0.3466	22	96	0.3486
FBgn0050289	FBpp0071614	316	0.2278	25	72	0.3433
FBgn0050288	FBpp0112279	282	0.2234	33	63	0.3391
FBgn0034634	FBpp0071617	523	0.7094	55	371	0.4486
FBgn0034631	FBpp0071618	842	0.5772	74	486	0.4369
FBgn0010470	FBpp0297155	220	0.5545	46	122	0.4005
FBgn0010415	FBpp0309695	495	0.6687	113	331	0.4584
FBgn0004362	FBpp0071625	112	0.9375	36	105	0.5031
FBgn0050398	FBpp0071627	267	0.4757	34	127	0.3972
FBgn0034657	FBpp0071630	741	0.4912	179	364	0.3895
FBgn0034658	FBpp0071631	116	0.3448	9	40	0.3844
FBgn0050395	FBpp0289463	906	0.8753	423	793	0.5168
FBgn0034659	FBpp0071633	319	0.6959	68	222	0.4563
FBgn0034666	FBpp0071636	352	0.4432	40	156	0.3898
FBgn0034670	FBpp0309741	234	0.6325	72	148	0.4094
FBgn0034674	FBpp0071642	637	0.3218	28	205	0.3422
FBgn0041237	FBpp0071643	412	0.1748	19	72	0.2870
FBgn0041239	FBpp0071644	395	0.1848	20	73	0.3025
FBgn0050401	FBpp0071647	275	0.6982	51	192	0.4393
FBgn0041238	FBpp0071648	408	0.1814	33	74	0.2859
FBgn0034671	FBpp0071649	120	0.2000	24	24	0.2006
FBgn0025573	FBpp0071650	324	0.2716	22	88	0.3480
FBgn0034667	FBpp0071651	600	0.7300	120	438	0.4707
FBgn0034665	FBpp0071652	397	0.4584	61	182	0.3644
FBgn0034664	FBpp0071653	231	0.4242	37	98	0.3779
FBgn0034663	FBpp0071654	199	0.4874	35	97	0.3789
FBgn0034662	FBpp0291634	2979	0.5270	54	1570	0.3999
FBgn0034661	FBpp0071657	372	0.5323	69	198	0.4054
FBgn0042098	FBpp0071658	364	0.4451	39	162	0.3760
FBgn0034660	FBpp0071659	511	0.2661	23	136	0.3423
FBgn0050404	FBpp0071660	277	0.6859	42	190	0.4439
FBgn0050403	FBpp0113015	302	0.5199	42	157	0.4071
FBgn0034681	FBpp0071663	203	0.1626	9	33	0.2942
FBgn0067102	FBpp0071669	440	0.1182	20	52	0.2817
FBgn0034691	FBpp0071670	1218	0.4392	130	535	0.3982
FBgn0034694	FBpp0071672	720	0.5208	80	375	0.4161
FBgn0050281	FBpp0071674	291	0.3814	31	111	0.3726
FBgn0002715	FBpp0071675	401	0.8828	95	354	0.5185
FBgn0029147	FBpp0071676	585	0.3915	31	229	0.3532
FBgn0034700	FBpp0071679	107	0.3271	20	35	0.2902
FBgn0029084	FBpp0071680	305	0.7344	94	224	0.5295
FBgn0034704	FBpp0071681	667	0.4408	61	294	0.3954
FBgn0034706	FBpp0071683	417	0.2926	18	122	0.3435
FBgn0034707	FBpp0071684	818	0.2873	19	235	0.3526
FBgn0034708	FBpp0071685	822	0.3345	42	275	0.3691
FBgn0034713	FBpp0071687	308	0.2630	14	81	0.3417
FBgn0025186	FBpp0071688	509	0.5206	56	265	0.3972
FBgn0020307	FBpp0071689	1024	0.6123	194	627	0.4456
FBgn0034716	FBpp0071690	789	0.3828	86	302	0.3575
FBgn0034715	FBpp0312420	680	0.2588	29	176	0.3096
FBgn0050277	FBpp0071692	684	0.3070	45	210	0.3251
FBgn0050278	FBpp0071693	275	0.7782	40	214	0.4754
FBgn0034712	FBpp0071694	533	0.3734	49	199	0.3661
FBgn0034710	FBpp0071696	543	0.3831	48	208	0.3690
FBgn0034709	FBpp0071697	431	0.4408	56	190	0.3827
FBgn0034705	FBpp0071699	348	0.2069	38	72	0.3280
FBgn0034703	FBpp0071700	499	0.6653	92	332	0.4270
FBgn0034697	FBpp0071703	795	0.8893	132	707	0.4950
FBgn0034693	FBpp0071710	1056	0.7973	146	842	0.5048
FBgn0034692	FBpp0071712	410	0.5878	70	241	0.4500
FBgn0034689	FBpp0071713	478	0.4038	40	193	0.3944
FBgn0034688	FBpp0071715	436	0.3784	42	165	0.3623
FBgn0034687	FBpp0071716	464	0.4009	29	186	0.3669
FBgn0034684	FBpp0071717	413	0.3850	40	159	0.3670
FBgn0034683	FBpp0071718	404	0.2327	23	94	0.3020
FBgn0005778	FBpp0071719	346	0.3092	31	107	0.3552
FBgn0034717	FBpp0071724	915	0.5432	130	497	0.4214
FBgn0013272	FBpp0071729	1076	0.4991	85	537	0.4088
FBgn0016053	FBpp0111431	71	0.4789	27	34	0.4275
FBgn0034721	FBpp0071730	152	0.8947	76	136	0.5143
FBgn0034722	FBpp0071731	775	0.8361	157	648	0.5386
FBgn0004784	FBpp0086196	700	0.3886	63	272	0.3745
FBgn0003091	FBpp0086197	679	0.4610	53	313	0.3943
FBgn0034168	FBpp0086199	469	0.3262	41	153	0.3368
FBgn0034172	FBpp0086203	349	0.5673	56	198	0.4105
FBgn0004580	FBpp0086204	310	0.4355	26	135	0.3994
FBgn0034177	FBpp0086205	460	0.4826	39	222	0.4013
FBgn0026402	FBpp0086206	383	0.5822	62	223	0.4141
FBgn0034176	FBpp0086207	451	0.2018	23	91	0.2959
FBgn0034175	FBpp0086208	447	0.1946	21	87	0.2605
FBgn0034173	FBpp0086215	343	0.1603	10	55	0.3292
FBgn0025833	FBpp0086219	608	0.7730	102	470	0.4837
FBgn0014870	FBpp0086222	797	0.6085	64	485	0.4294
FBgn0025832	FBpp0086223	385	0.4519	79	174	0.3958
FBgn0026754	FBpp0428417	525	0.3086	31	162	0.3375
FBgn0034159	FBpp0289779	363	0.5620	73	204	0.4068
FBgn0010213	FBpp0086226	217	0.4286	38	93	0.4039
FBgn0015584	FBpp0086228	120	0.3833	16	46	0.3618
FBgn0034153	FBpp0086229	132	0.2348	9	31	0.3403
FBgn0034152	FBpp0086230	121	0.0248	2	3	0.2832
FBgn0034151	FBpp0086231	222	0.5991	102	133	0.4456
FBgn0053458	FBpp0086233	281	0.1530	18	43	0.3107
FBgn0034132	FBpp0086235	534	0.2360	29	126	0.3388
FBgn0011260	FBpp0086237	724	0.4834	64	350	0.4004
FBgn0034135	FBpp0086244	519	0.4470	55	232	0.3811
FBgn0034137	FBpp0086246	577	0.5927	92	342	0.4317
FBgn0016131	FBpp0086249	317	0.3880	51	123	0.3828
FBgn0003274	FBpp0086252	113	0.3186	23	36	0.3592
FBgn0034144	FBpp0086253	436	0.9083	203	396	0.5502
FBgn0034145	FBpp0086254	625	0.3664	48	229	0.3700
FBgn0024232	FBpp0086255	1302	0.7358	245	958	0.4845
FBgn0013763	FBpp0086257	452	0.3960	26	179	0.3697
FBgn0050463	FBpp0086258	650	0.4185	68	272	0.3893
FBgn0024315	FBpp0086261	529	0.2684	43	142	0.3032
FBgn0024319	FBpp0401613	553	0.3183	41	176	0.3633
FBgn0020506	FBpp0086263	493	0.3266	34	161	0.3556
FBgn0040505	FBpp0086264	1701	0.4997	94	850	0.3979
FBgn0034143	FBpp0309070	543	0.3867	34	210	0.3489
FBgn0034142	FBpp0086266	516	0.3450	33	178	0.3474
FBgn0034141	FBpp0086267	503	0.1312	48	66	0.2499
FBgn0034140	FBpp0297147	152	0.6513	37	99	0.4412
FBgn0034138	FBpp0086269	148	0.5878	50	87	0.4337
FBgn0034136	FBpp0303037	644	0.1786	30	115	0.2735
FBgn0034131	FBpp0086273	214	0.3832	52	82	0.3633
FBgn0034094	FBpp0086274	714	0.3880	46	277	0.3596
FBgn0034095	FBpp0086275	1051	0.6917	235	727	0.4760
FBgn0034097	FBpp0086276	143	0.5105	35	73	0.3907
FBgn0053017	FBpp0086279	1630	0.9043	301	1474	0.5610
FBgn0034103	FBpp0086280	51	0.2157	11	11	0.2134
FBgn0034104	FBpp0086281	104	0.8942	39	93	0.5334
FBgn0034106	FBpp0086282	1227	0.3619	79	444	0.3693
FBgn0028424	FBpp0086283	439	0.4852	34	213	0.3857
FBgn0050100	FBpp0086284	146	0.7466	48	109	0.4889
FBgn0034110	FBpp0302990	852	0.4284	62	365	0.3632
FBgn0034114	FBpp0086288	652	0.7071	103	461	0.4631
FBgn0010611	FBpp0086289	465	0.3957	39	184	0.3735
FBgn0034118	FBpp0086294	394	0.5736	60	226	0.4198
FBgn0034126	FBpp0086301	233	0.4936	24	115	0.3940
FBgn0034128	FBpp0111998	276	0.2609	31	72	0.3498
FBgn0034129	FBpp0086303	359	0.3593	47	129	0.3702
FBgn0034127	FBpp0086304	633	0.3823	45	242	0.3623
FBgn0034122	FBpp0086311	186	0.3065	14	57	0.3544
FBgn0034120	FBpp0086313	265	0.5660	42	150	0.4115
FBgn0034117	FBpp0086315	417	0.3429	24	143	0.3525
FBgn0050096	FBpp0288433	219	0.6438	93	141	0.4445
FBgn0034113	FBpp0086322	1189	0.5071	179	603	0.4141
FBgn0034109	FBpp0086323	517	0.6344	69	328	0.4399
FBgn0050099	FBpp0086324	217	0.6498	69	141	0.4522
FBgn0050324	FBpp0086325	164	0.6159	74	101	0.4307
FBgn0034105	FBpp0086326	378	0.1984	11	75	0.3484
FBgn0024249	FBpp0086327	189	0.6138	65	116	0.4523
FBgn0001308	FBpp0086328	975	0.7292	139	711	0.4594
FBgn0025519	FBpp0086329	595	0.7227	175	430	0.4560
FBgn0034099	FBpp0086332	250	0.6560	39	164	0.4375
FBgn0034098	FBpp0086333	746	0.5389	67	402	0.4054
FBgn0034096	FBpp0086334	192	0.4792	51	92	0.4184
FBgn0034093	FBpp0086335	539	0.1725	36	93	0.2701
FBgn0034092	FBpp0086336	148	0.3581	17	53	0.3723
FBgn0034091	FBpp0111997	346	0.7312	63	253	0.4488
FBgn0050093	FBpp0086341	94	0.4894	29	46	0.3695
FBgn0034059	FBpp0086344	174	0.3333	30	58	0.3526
FBgn0034060	FBpp0086345	1567	0.5265	176	825	0.4189
FBgn0034063	FBpp0086346	471	0.1805	29	85	0.2739
FBgn0034065	FBpp0086348	296	0.1824	17	54	0.3306
FBgn0034067	FBpp0309032	656	0.3277	28	215	0.3295
FBgn0034069	FBpp0290414	314	0.2739	27	86	0.3318
FBgn0034070	FBpp0086351	1361	0.5033	135	685	0.4213
FBgn0014020	FBpp0086354	192	0.4375	28	84	0.3912
FBgn0034075	FBpp0307715	991	0.7023	117	696	0.4565
FBgn0034076	FBpp0086361	559	0.1843	12	103	0.3328
FBgn0010052	FBpp0086362	579	0.2090	16	121	0.3381
FBgn0050095	FBpp0086363	214	0.4953	30	106	0.3796
FBgn0001124	FBpp0086370	437	0.3295	34	144	0.3642
FBgn0050094	FBpp0086372	161	0.7950	62	128	0.4888
FBgn0027091	FBpp0086373	741	0.5142	96	381	0.4022
FBgn0034083	FBpp0291294	1252	0.5495	50	688	0.4117
FBgn0015754	FBpp0086375	411	0.4063	50	167	0.3821
FBgn0034087	FBpp0086380	1448	0.4648	92	673	0.4032
FBgn0015295	FBpp0086382	939	0.4931	109	463	0.3994
FBgn0034086	FBpp0086385	253	0.9328	155	236	0.5904
FBgn0034085	FBpp0288423	1433	0.5206	95	746	0.4048
FBgn0034084	FBpp0086387	333	0.8498	163	283	0.5114
FBgn0034082	FBpp0086388	368	0.8668	88	319	0.5299
FBgn0034073	FBpp0086393	995	0.6191	166	616	0.4380
FBgn0034068	FBpp0086397	695	0.6633	75	461	0.4413
FBgn0034066	FBpp0086399	245	0.5306	38	130	0.3957
FBgn0010590	FBpp0086400	224	0.2812	23	63	0.3496
FBgn0034062	FBpp0086401	572	0.6066	68	347	0.4376
FBgn0034061	FBpp0086402	164	0.5000	50	82	0.3876
FBgn0020236	FBpp0289823	1112	0.3040	26	338	0.3454
FBgn0034058	FBpp0086405	241	0.2407	19	58	0.3271
FBgn0034057	FBpp0086406	293	0.3481	24	102	0.3277
FBgn0050091	FBpp0086415	526	0.1654	26	87	0.3266
FBgn0050090	FBpp0086417	291	0.2405	15	70	0.3312
FBgn0050088	FBpp0271804	281	0.2420	19	68	0.3377
FBgn0050089	FBpp0086421	1263	0.6857	149	866	0.4635
FBgn0034046	FBpp0086423	205	0.4780	28	98	0.3918
FBgn0034047	FBpp0300973	378	0.5265	47	199	0.4119
FBgn0034050	FBpp0086426	295	0.4237	25	125	0.3507
FBgn0034052	FBpp0086427	260	0.0885	5	23	0.2875
FBgn0034051	FBpp0089346	376	0.7128	137	268	0.4577
FBgn0015247	FBpp0086431	498	0.3755	35	187	0.3722
FBgn0034049	FBpp0086433	1331	0.5319	118	708	0.3888
FBgn0050085	FBpp0086441	1416	0.5042	131	714	0.4040
FBgn0022160	FBpp0086442	724	0.3232	51	234	0.3656
FBgn0034045	FBpp0086445	521	0.2975	58	155	0.3113
FBgn0003130	FBpp0086446	425	0.5247	87	223	0.4140
FBgn0050083	FBpp0289610	279	0.3262	28	91	0.3488
FBgn0050080	FBpp0086453	116	0.2069	20	24	0.2829
FBgn0050082	FBpp0292043	280	0.3607	20	101	0.3574
FBgn0034023	FBpp0271810	599	0.3456	36	207	0.3485
FBgn0050469	FBpp0271858	596	0.3473	80	207	0.3376
FBgn0050468	FBpp0086462	599	0.3172	30	190	0.3487
FBgn0050464	FBpp0271852	594	0.3300	27	196	0.3549
FBgn0034025	FBpp0086464	601	0.4576	37	275	0.3893
FBgn0050471	FBpp0302986	735	0.2435	17	179	0.3085
FBgn0050467	FBpp0086467	521	0.3167	49	165	0.3552
FBgn0022097	FBpp0086468	246	0.3659	33	90	0.3803
FBgn0034029	FBpp0086469	455	0.2835	40	129	0.3648
FBgn0034031	FBpp0297524	213	0.6995	48	149	0.4206
FBgn0050466	FBpp0309023	405	0.4123	31	167	0.3770
FBgn0034035	FBpp0086475	438	0.2831	30	124	0.3522
FBgn0023441	FBpp0086479	967	0.3485	51	337	0.3624
FBgn0034033	FBpp0086482	143	0.5664	30	81	0.4130
FBgn0013762	FBpp0086483	294	0.2891	19	85	0.3485
FBgn0024754	FBpp0086485	430	0.4279	81	184	0.3918
FBgn0034032	FBpp0086486	449	0.2361	38	106	0.3035
FBgn0034030	FBpp0086487	431	0.8724	166	376	0.5237
FBgn0034027	FBpp0086488	376	0.5293	55	199	0.4062
FBgn0019968	FBpp0302989	1957	0.6704	139	1312	0.4496
FBgn0034022	FBpp0309021	1129	0.7892	231	891	0.5019
FBgn0034021	FBpp0309022	594	0.5269	46	313	0.3928
FBgn0050472	FBpp0304670	212	0.3821	29	81	0.3642
FBgn0013467	FBpp0086494	240	0.7250	45	174	0.4573
FBgn0033996	FBpp0086496	491	0.4705	29	231	0.3907
FBgn0050081	FBpp0086497	597	0.2261	19	135	0.3273
FBgn0034000	FBpp0086498	219	0.8219	120	180	0.6097
FBgn0034002	FBpp0086500	601	0.6356	94	382	0.4643
FBgn0034005	FBpp0086503	1069	0.4602	43	492	0.3873
FBgn0004698	FBpp0086505	1294	0.7674	266	993	0.4909
FBgn0013750	FBpp0086507	175	0.3029	29	53	0.3639
FBgn0034012	FBpp0112948	582	0.4914	82	286	0.4091
FBgn0034013	FBpp0086514	1072	0.4002	46	429	0.3755
FBgn0014865	FBpp0086518	52	0.5000	26	26	0.3725
FBgn0000996	FBpp0086519	743	0.7550	102	561	0.4758
FBgn0011660	FBpp0086520	899	0.6496	129	584	0.4433
FBgn0034011	FBpp0086521	212	0.3396	22	72	0.3471
FBgn0034010	FBpp0086522	113	0.0000	0	0	0.2407
FBgn0034008	FBpp0086524	336	0.7083	63	238	0.4571
FBgn0034007	FBpp0086526	481	0.3971	59	191	0.3604
FBgn0001187	FBpp0086530	454	0.2863	50	130	0.3403
FBgn0034001	FBpp0086531	166	0.5482	36	91	0.4321
FBgn0033999	FBpp0086532	398	0.2588	30	103	0.3440
FBgn0033998	FBpp0302971	1301	0.6141	127	799	0.4302
FBgn0033995	FBpp0086535	455	0.1626	31	74	0.2821
FBgn0033982	FBpp0086536	518	0.4189	39	217	0.3644
FBgn0040747	FBpp0086537	54	0.9444	34	51	0.5347
FBgn0033984	FBpp0086538	849	0.6031	99	512	0.4321
FBgn0033985	FBpp0086539	228	0.4605	36	105	0.4041
FBgn0033987	FBpp0086540	924	0.6472	72	598	0.4262
FBgn0033988	FBpp0290722	477	0.8008	126	382	0.4671
FBgn0015371	FBpp0293744	1286	0.6454	98	830	0.4495
FBgn0033994	FBpp0086548	305	0.6689	58	204	0.4326
FBgn0033993	FBpp0086549	624	0.6955	101	434	0.4607
FBgn0033990	FBpp0086552	340	0.7853	87	267	0.5022
FBgn0033989	FBpp0086555	443	0.3567	96	158	0.3620
FBgn0033983	FBpp0086558	631	0.4041	37	255	0.3857
FBgn0027596	FBpp0111842	1339	0.7371	193	987	0.4750
FBgn0033951	FBpp0086563	224	0.6652	70	149	0.4514
FBgn0033955	FBpp0309002	859	0.4785	172	411	0.3690
FBgn0010388	FBpp0086566	64	0.4375	24	28	0.3691
FBgn0012042	FBpp0086567	221	0.3801	26	84	0.3703
FBgn0041581	FBpp0086568	218	0.3716	26	81	0.3727
FBgn0050476	FBpp0086569	106	0.7170	28	76	0.4689
FBgn0033961	FBpp0086570	113	0.6372	38	72	0.4284
FBgn0015602	FBpp0086571	283	0.6608	40	187	0.4425
FBgn0033968	FBpp0086574	202	0.5545	37	112	0.4166
FBgn0033970	FBpp0086577	224	0.6964	77	156	0.4319
FBgn0028434	FBpp0086578	259	0.4788	40	124	0.4016
FBgn0033973	FBpp0086579	596	0.2651	59	158	0.3391
FBgn0013773	FBpp0086580	499	0.3166	28	158	0.3473
FBgn0015714	FBpp0086581	501	0.4331	56	217	0.3672
FBgn0033978	FBpp0086582	502	0.4163	38	209	0.3664
FBgn0033979	FBpp0086583	503	0.4076	40	205	0.3547
FBgn0033980	FBpp0289404	501	0.3932	28	197	0.3629
FBgn0013772	FBpp0086585	506	0.4032	31	204	0.3668
FBgn0013771	FBpp0289405	504	0.3552	43	179	0.3648
FBgn0033972	FBpp0086590	335	0.3373	28	113	0.3805
FBgn0027783	FBpp0086591	1179	0.7099	255	837	0.4571
FBgn0033971	FBpp0302918	530	0.7849	83	416	0.4952
FBgn0016684	FBpp0086593	524	0.2920	59	153	0.3061
FBgn0033969	FBpp0086594	628	0.3615	47	227	0.3641
FBgn0001319	FBpp0111722	689	0.5414	43	373	0.4030
FBgn0020767	FBpp0302915	519	0.4663	89	242	0.4033
FBgn0033963	FBpp0086598	440	0.4364	46	192	0.3806
FBgn0033960	FBpp0288372	680	0.7088	106	482	0.4561
FBgn0028689	FBpp0086603	439	0.4396	76	193	0.3846
FBgn0033958	FBpp0086605	762	0.3110	66	237	0.3196
FBgn0020269	FBpp0086606	601	0.6356	86	382	0.4373
FBgn0050480	FBpp0086607	920	0.7033	59	647	0.4501
FBgn0050479	FBpp0086608	107	0.3738	23	40	0.3672
FBgn0033954	FBpp0086609	316	0.7911	93	250	0.4873
FBgn0033953	FBpp0086610	239	0.7364	49	176	0.4514
FBgn0033952	FBpp0086611	539	0.4471	54	241	0.3880
FBgn0033950	FBpp0086613	107	0.3364	10	36	0.3699
FBgn0033932	FBpp0086614	504	0.2996	62	151	0.3267
FBgn0033933	FBpp0086615	404	0.2574	29	104	0.3459
FBgn0033935	FBpp0086616	569	0.6485	107	369	0.4408
FBgn0033936	FBpp0086617	867	0.7428	129	644	0.4673
FBgn0050197	FBpp0086623	113	0.5575	25	63	0.3799
FBgn0033943	FBpp0428129	839	0.4350	64	365	0.3834
FBgn0050077	FBpp0290948	147	0.6395	36	94	0.4569
FBgn0010638	FBpp0086627	100	0.5100	51	51	0.3963
FBgn0033949	FBpp0086628	315	0.4889	38	154	0.3721
FBgn0033948	FBpp0086629	437	0.6407	60	280	0.4320
FBgn0026427	FBpp0086630	3257	0.8901	251	2899	0.5307
FBgn0053468	FBpp0086632	172	0.7674	41	132	0.4354
FBgn0053469	FBpp0086633	160	0.5875	35	94	0.4284
FBgn0033945	FBpp0290949	167	0.6108	34	102	0.4206
FBgn0019938	FBpp0086640	1642	0.4196	67	689	0.3849
FBgn0010397	FBpp0305369	640	0.7219	175	462	0.4646
FBgn0050076	FBpp0423411	475	0.7937	129	377	0.4853
FBgn0033942	FBpp0086643	144	0.4653	56	67	0.4209
FBgn0013725	FBpp0086645	400	0.7975	117	319	0.4843
FBgn0033934	FBpp0086646	278	0.6115	47	170	0.4333
FBgn0033899	FBpp0086648	443	0.2777	49	123	0.3206
FBgn0033901	FBpp0086649	402	0.4552	32	183	0.3984
FBgn0033903	FBpp0086650	303	0.1452	12	44	0.3052
FBgn0033904	FBpp0086651	304	0.0724	6	22	0.2861
FBgn0033905	FBpp0086652	307	0.1238	10	38	0.3113
FBgn0033906	FBpp0086654	178	0.2472	29	44	0.2915
FBgn0000289	FBpp0308983	837	0.4994	60	418	0.4077
FBgn0033913	FBpp0086661	678	0.4395	118	298	0.3357
FBgn0033916	FBpp0086664	975	0.6308	113	615	0.4448
FBgn0033917	FBpp0086665	513	0.5068	46	260	0.4072
FBgn0033918	FBpp0086667	545	0.4752	50	259	0.4029
FBgn0027538	FBpp0086668	403	0.4566	41	184	0.3845
FBgn0033924	FBpp0086674	808	0.4134	84	334	0.3808
FBgn0033928	FBpp0086675	193	0.6321	38	122	0.4299
FBgn0033929	FBpp0086676	585	0.5932	76	347	0.4327
FBgn0050073	FBpp0292335	238	0.2479	39	59	0.3297
FBgn0050074	FBpp0086682	173	0.3121	24	54	0.3488
FBgn0050075	FBpp0086683	195	0.5897	43	115	0.4246
FBgn0033931	FBpp0086684	196	0.5357	35	105	0.3857
FBgn0050067	FBpp0089300	200	0.4750	44	95	0.3772
FBgn0033926	FBpp0086687	254	0.5315	61	135	0.4267
FBgn0033925	FBpp0086688	280	0.8393	75	235	0.4723
FBgn0033921	FBpp0086689	559	0.5367	79	300	0.4268
FBgn0033919	FBpp0308989	618	0.9013	203	557	0.5255
FBgn0001220	FBpp0086694	686	0.5466	131	375	0.4063
FBgn0033915	FBpp0086695	860	0.6186	258	532	0.4542
FBgn0033912	FBpp0308991	143	0.5315	36	76	0.4103
FBgn0005613	FBpp0086702	784	0.6990	152	548	0.4560
FBgn0033907	FBpp0086704	129	0.5116	26	66	0.4040
FBgn0033902	FBpp0086705	387	0.4367	56	169	0.3815
FBgn0033900	FBpp0086706	558	0.4659	39	260	0.3931
FBgn0040751	FBpp0086707	79	0.6456	44	51	0.4379
FBgn0033897	FBpp0302789	1131	0.7003	133	792	0.4371
FBgn0013770	FBpp0086719	371	0.4205	38	156	0.3899
FBgn0033891	FBpp0086721	333	0.4204	34	140	0.3765
FBgn0002643	FBpp0086722	1594	0.6932	171	1105	0.4872
FBgn0033893	FBpp0086725	110	0.4909	29	54	0.4059
FBgn0040752	FBpp0086727	1871	0.6537	111	1223	0.4480
FBgn0020620	FBpp0086731	571	0.5779	69	330	0.3989
FBgn0033890	FBpp0086732	895	0.3732	54	334	0.3694
FBgn0033889	FBpp0308979	1333	0.6309	89	841	0.4283
FBgn0033888	FBpp0086734	334	0.8743	111	292	0.5143
FBgn0033887	FBpp0086735	346	0.5925	41	205	0.4203
FBgn0033886	FBpp0308980	424	0.6368	59	270	0.4567
FBgn0033885	FBpp0086741	217	0.1982	15	43	0.3332
FBgn0013733	FBpp0086747	8805	0.6452	245	5681	0.4391
FBgn0033883	FBpp0086748	357	0.2969	26	106	0.3651
FBgn0033859	FBpp0086749	883	0.5300	49	468	0.4083
FBgn0033860	FBpp0086750	549	0.3097	30	170	0.3425
FBgn0000633	FBpp0308965	822	0.5657	60	465	0.4305
FBgn0033863	FBpp0086752	680	0.8897	211	605	0.5562
FBgn0033864	FBpp0086753	1154	0.8562	282	988	0.4974
FBgn0033866	FBpp0086754	1093	0.7575	122	828	0.4617
FBgn0033867	FBpp0086755	815	0.7043	85	574	0.4442
FBgn0033869	FBpp0086756	178	0.5056	50	90	0.3984
FBgn0033871	FBpp0086758	152	0.8487	82	129	0.5161
FBgn0033872	FBpp0086759	155	0.4387	43	68	0.3625
FBgn0033874	FBpp0086763	352	0.4091	43	144	0.3768
FBgn0033875	FBpp0086764	439	0.7654	59	336	0.4881
FBgn0050484	FBpp0303800	912	0.9090	279	829	0.5300
FBgn0050485	FBpp0086766	975	0.9292	218	906	0.5139
FBgn0033880	FBpp0086768	319	0.3950	51	126	0.3654
FBgn0033879	FBpp0086770	295	0.3797	44	112	0.3738
FBgn0033876	FBpp0086771	241	0.2531	41	61	0.3025
FBgn0033873	FBpp0086772	340	0.3618	30	123	0.3638
FBgn0000662	FBpp0086773	536	0.7836	89	420	0.4746
FBgn0033868	FBpp0086775	527	0.2505	23	132	0.3289
FBgn0033865	FBpp0086776	359	0.6267	95	225	0.4622
FBgn0033862	FBpp0086777	607	0.9110	360	553	0.5378
FBgn0033861	FBpp0086778	125	0.8400	56	105	0.4893
FBgn0041579	FBpp0297062	241	0.4606	31	111	0.3806
FBgn0053470	FBpp0086782	257	0.7626	51	196	0.4253
FBgn0050065	FBpp0086784	83	0.8434	57	70	0.4858
FBgn0019928	FBpp0086785	260	0.1923	12	50	0.3299
FBgn0040477	FBpp0086787	225	0.7644	146	172	0.5231
FBgn0033845	FBpp0086788	921	0.8610	123	793	0.5035
FBgn0033846	FBpp0290602	952	0.6786	112	646	0.4501
FBgn0024556	FBpp0086790	489	0.3640	36	178	0.3779
FBgn0033848	FBpp0086791	611	0.9051	203	553	0.5564
FBgn0033850	FBpp0086793	375	0.7627	81	286	0.4722
FBgn0033851	FBpp0086794	141	0.8156	43	115	0.4822
FBgn0014877	FBpp0086795	213	0.6291	77	134	0.4473
FBgn0033855	FBpp0086796	389	0.6427	61	250	0.4235
FBgn0033856	FBpp0086797	361	0.2825	40	102	0.3428
FBgn0027581	FBpp0303468	746	0.6086	62	454	0.4524
FBgn0053156	FBpp0086803	490	0.3857	64	189	0.3699
FBgn0033853	FBpp0086806	548	0.5109	102	280	0.4016
FBgn0004638	FBpp0086813	211	0.5166	25	109	0.3990
FBgn0033844	FBpp0086819	417	0.1871	40	78	0.3003
FBgn0033842	FBpp0086820	423	0.2695	29	114	0.3472
FBgn0000119	FBpp0086821	1678	0.4279	137	718	0.3896
FBgn0050062	FBpp0292257	171	0.2807	13	48	0.3354
FBgn0260475	FBpp0086832	492	0.4187	46	206	0.3748
FBgn0033836	FBpp0086833	492	0.4146	46	204	0.3736
FBgn0033834	FBpp0086834	1503	0.7937	201	1193	0.4960
FBgn0033830	FBpp0086837	402	0.4104	39	165	0.3810
FBgn0033828	FBpp0086838	124	0.2903	21	36	0.3305
FBgn0033792	FBpp0086839	697	0.1966	37	137	0.2907
FBgn0020391	FBpp0086841	724	0.3854	67	279	0.3593
FBgn0053138	FBpp0086845	685	0.3577	55	245	0.3724
FBgn0027079	FBpp0305353	1055	0.4076	46	430	0.3758
FBgn0033806	FBpp0086849	844	0.8211	298	693	0.5029
FBgn0033808	FBpp0086851	204	0.4020	44	82	0.3605
FBgn0040754	FBpp0086852	71	0.1831	12	13	0.3604
FBgn0011763	FBpp0086853	445	0.7393	97	329	0.4512
FBgn0033813	FBpp0086855	312	0.4263	26	133	0.3802
FBgn0033815	FBpp0086856	284	0.1690	19	48	0.2730
FBgn0033817	FBpp0086857	232	0.3621	33	84	0.3613
FBgn0033820	FBpp0086860	223	0.8027	81	179	0.4784
FBgn0033821	FBpp0086861	166	0.7048	96	117	0.4788
FBgn0033827	FBpp0086866	392	0.4566	31	179	0.3857
FBgn0033826	FBpp0086867	325	0.2554	25	83	0.3524
FBgn0033819	FBpp0086869	732	0.7268	148	532	0.4563
FBgn0033818	FBpp0086870	674	0.7166	111	483	0.4657
FBgn0033816	FBpp0086872	652	0.4509	81	294	0.3961
FBgn0033814	FBpp0086873	637	0.4553	43	290	0.3849
FBgn0033812	FBpp0086874	440	0.4114	39	181	0.3733
FBgn0043010	FBpp0086876	255	0.3490	23	89	0.3549
FBgn0050058	FBpp0290853	142	0.0000	0	0	0.1177
FBgn0005654	FBpp0086881	721	0.3939	62	284	0.3768
FBgn0053182	FBpp0302636	717	0.6332	125	454	0.4505
FBgn0033802	FBpp0308599	542	0.6624	106	359	0.4778
FBgn0033799	FBpp0086885	212	0.4434	33	94	0.3784
FBgn0033798	FBpp0289894	123	0.1626	13	20	0.3231
FBgn0020370	FBpp0086887	1441	0.4469	53	644	0.3924
FBgn0033794	FBpp0086892	867	0.2895	32	251	0.3578
FBgn0033793	FBpp0086893	201	0.3284	28	66	0.3541
FBgn0028963	FBpp0086894	375	0.1200	24	45	0.2817
FBgn0000181	FBpp0086895	169	0.6982	55	118	0.4297
FBgn0002069	FBpp0086897	531	0.4256	42	226	0.3856
FBgn0003975	FBpp0086898	453	0.3996	54	181	0.3720
FBgn0033782	FBpp0086902	384	0.7214	118	277	0.4564
FBgn0033785	FBpp0086903	516	0.5659	98	292	0.4285
FBgn0033787	FBpp0086905	286	0.1154	8	33	0.3249
FBgn0033791	FBpp0086907	648	0.4198	81	272	0.3697
FBgn0033789	FBpp0086909	112	0.4464	28	50	0.3665
FBgn0033788	FBpp0086910	112	0.4911	28	55	0.3684
FBgn0005624	FBpp0086911	1601	0.8182	237	1310	0.4944
FBgn0004512	FBpp0086914	1302	0.3441	101	448	0.3454
FBgn0050487	FBpp0086915	198	0.6515	38	129	0.4333
FBgn0033784	FBpp0086918	334	0.5599	43	187	0.4093
FBgn0033783	FBpp0086919	700	0.6771	70	474	0.4577
FBgn0025692	FBpp0086926	244	0.0820	6	20	0.2144
FBgn0033778	FBpp0086928	604	0.2616	35	158	0.2892
FBgn0033777	FBpp0297538	175	0.6857	60	120	0.4133
FBgn0050486	FBpp0086930	263	0.2319	19	61	0.3259
FBgn0050488	FBpp0297539	272	0.3676	19	100	0.3647
FBgn0033775	FBpp0086933	518	0.3610	37	187	0.3507
FBgn0011592	FBpp0086935	1526	0.6540	112	998	0.4402
FBgn0033753	FBpp0086937	553	0.4629	49	256	0.3827
FBgn0003527	FBpp0086938	321	0.7508	44	241	0.4479
FBgn0033755	FBpp0086939	813	0.2940	62	239	0.3202
FBgn0027356	FBpp0086941	602	0.7625	146	459	0.4849
FBgn0004435	FBpp0305314	396	0.3561	39	141	0.3863
FBgn0050054	FBpp0291583	353	0.3541	38	125	0.3817
FBgn0033756	FBpp0110121	353	0.4901	33	173	0.3982
FBgn0028683	FBpp0086953	116	0.5345	28	62	0.4141
FBgn0011604	FBpp0086954	1027	0.6650	74	683	0.4489
FBgn0033762	FBpp0086957	660	0.4985	87	329	0.3796
FBgn0033763	FBpp0290455	562	0.3754	36	211	0.3657
FBgn0033767	FBpp0086960	370	0.7676	71	284	0.4672
FBgn0033770	FBpp0086962	136	0.8971	87	122	0.5292
FBgn0026741	FBpp0086965	186	0.8387	50	156	0.4805
FBgn0020930	FBpp0086966	534	0.3408	41	182	0.3568
FBgn0033774	FBpp0086967	422	0.3057	25	129	0.3514
FBgn0003326	FBpp0086968	799	0.6383	137	510	0.4355
FBgn0040755	FBpp0086970	73	0.4795	34	35	0.4004
FBgn0011227	FBpp0086974	55	0.2545	9	14	0.3213
FBgn0026619	FBpp0086975	378	0.4074	69	154	0.3876
FBgn0033773	FBpp0086978	364	0.4231	43	154	0.3764
FBgn0033769	FBpp0086984	302	0.3841	38	116	0.3654
FBgn0050052	FBpp0086985	212	0.6934	37	147	0.4259
FBgn0050053	FBpp0086986	335	0.3910	32	131	0.3641
FBgn0033766	FBpp0297623	1866	0.3232	81	603	0.3568
FBgn0033761	FBpp0086993	299	0.2375	18	71	0.3381
FBgn0033760	FBpp0086995	474	0.1751	57	83	0.2618
FBgn0033757	FBpp0086998	853	0.4936	97	421	0.4028
FBgn0022764	FBpp0293225	2066	0.5934	75	1226	0.4236
FBgn0033754	FBpp0087004	175	0.5714	25	100	0.4153
FBgn0033710	FBpp0087006	873	0.6312	127	551	0.4275
FBgn0050203	FBpp0271811	924	0.7262	152	671	0.4604
FBgn0050046	FBpp0087008	839	0.6687	98	561	0.4532
FBgn0033715	FBpp0087012	211	0.7204	54	152	0.4806
FBgn0033716	FBpp0291088	249	0.3735	44	93	0.3964
FBgn0050047	FBpp0087016	879	0.2105	30	185	0.3019
FBgn0050049	FBpp0087017	878	0.2198	25	193	0.3041
FBgn0050043	FBpp0087018	878	0.2870	30	252	0.3095
FBgn0053012	FBpp0304543	912	0.2500	39	228	0.3200
FBgn0033720	FBpp0304544	875	0.2080	26	182	0.2903
FBgn0033721	FBpp0087023	76	0.7105	54	54	0.4595
FBgn0050045	FBpp0112271	144	0.7778	60	112	0.4306
FBgn0050042	FBpp0087025	259	0.5212	31	135	0.3716
FBgn0033724	FBpp0087026	152	0.4868	36	74	0.3604
FBgn0033725	FBpp0087027	324	0.6420	80	208	0.4545
FBgn0033727	FBpp0087029	396	0.2096	29	83	0.3147
FBgn0033728	FBpp0087031	134	0.6866	45	92	0.4135
FBgn0033729	FBpp0087032	126	0.5397	23	68	0.3854
FBgn0033730	FBpp0087033	134	0.5896	29	79	0.3878
FBgn0050050	FBpp0288432	192	0.3698	28	71	0.3581
FBgn0033731	FBpp0087035	190	0.8368	66	159	0.4627
FBgn0033732	FBpp0087036	467	0.7195	106	336	0.4480
FBgn0033734	FBpp0087037	458	0.4585	38	210	0.3879
FBgn0033735	FBpp0087038	347	0.2219	36	77	0.3278
FBgn0050051	FBpp0113013	151	0.3444	32	52	0.3554
FBgn0010238	FBpp0087044	359	0.4485	28	161	0.3846
FBgn0033741	FBpp0087045	891	0.6902	206	615	0.5020
FBgn0033742	FBpp0087046	633	0.4929	40	312	0.3917
FBgn0033744	FBpp0111988	476	0.2626	40	125	0.3185
FBgn0050044	FBpp0112270	536	0.5784	62	310	0.4300
FBgn0033750	FBpp0087050	604	0.5033	46	304	0.4103
FBgn0033752	FBpp0087051	608	0.5016	63	305	0.4187
FBgn0033751	FBpp0087052	429	0.5221	80	224	0.4013
FBgn0033749	FBpp0087053	555	0.7225	119	401	0.4563
FBgn0033748	FBpp0087056	524	0.7118	119	373	0.4519
FBgn0045063	FBpp0087058	673	0.3908	45	263	0.3740
FBgn0033740	FBpp0087059	685	0.6102	118	418	0.4346
FBgn0050334	FBpp0087060	130	0.2462	13	32	0.3486
FBgn0033738	FBpp0087061	852	0.5340	61	455	0.4023
FBgn0033737	FBpp0087063	610	0.4377	47	267	0.3868
FBgn0033736	FBpp0087064	246	0.5732	42	141	0.4295
FBgn0033733	FBpp0087065	535	0.2710	32	145	0.3508
FBgn0033726	FBpp0087066	166	0.4819	47	80	0.3846
FBgn0033723	FBpp0087067	236	0.6314	49	149	0.4317
FBgn0033717	FBpp0087070	529	0.2836	25	150	0.3527
FBgn0033713	FBpp0087072	837	0.4325	175	362	0.3891
FBgn0033708	FBpp0087080	629	0.1653	32	104	0.2631
FBgn0033677	FBpp0087083	207	0.4734	56	98	0.3633
FBgn0024732	FBpp0303479	306	0.6601	50	202	0.4339
FBgn0028407	FBpp0087087	266	0.7368	47	196	0.4501
FBgn0033680	FBpp0087089	143	0.7413	43	106	0.4646
FBgn0033683	FBpp0087090	99	0.1818	16	18	0.2368
FBgn0027495	FBpp0087091	573	0.3839	46	220	0.3755
FBgn0033686	FBpp0087092	391	0.5294	46	207	0.4114
FBgn0033687	FBpp0087093	104	0.4423	27	46	0.3436
FBgn0023167	FBpp0087094	151	0.3775	28	57	0.3791
FBgn0010621	FBpp0087095	542	0.2897	57	157	0.3543
FBgn0033692	FBpp0087097	499	0.5631	80	281	0.4261
FBgn0025454	FBpp0087100	524	0.4027	26	211	0.3695
FBgn0033697	FBpp0087101	501	0.3533	31	177	0.3618
FBgn0033701	FBpp0087103	106	0.4151	34	44	0.3821
FBgn0033703	FBpp0087104	117	0.6496	45	76	0.4095
FBgn0033705	FBpp0087106	360	0.7028	88	253	0.4713
FBgn0033706	FBpp0087108	373	0.6086	187	227	0.4715
FBgn0000253	FBpp0087109	149	0.5503	21	82	0.4077
FBgn0033702	FBpp0113054	392	0.5918	100	232	0.4418
FBgn0020377	FBpp0087112	599	0.5426	108	325	0.4015
FBgn0033699	FBpp0087115	155	0.6323	39	98	0.4394
FBgn0033698	FBpp0087116	1890	0.4005	70	757	0.3824
FBgn0033696	FBpp0087117	519	0.3796	29	197	0.3588
FBgn0000426	FBpp0087118	88	0.2159	7	19	0.3653
FBgn0033691	FBpp0087119	68	0.2794	19	19	0.2918
FBgn0014184	FBpp0087122	270	0.5704	31	154	0.4160
FBgn0033688	FBpp0087124	2396	0.4891	66	1172	0.4033
FBgn0027504	FBpp0087125	1004	0.7430	195	746	0.4904
FBgn0033685	FBpp0428202	327	0.3976	57	130	0.3960
FBgn0026176	FBpp0087127	161	0.4783	27	77	0.4106
FBgn0033679	FBpp0087129	388	0.3093	47	120	0.3375
FBgn0050039	FBpp0087130	147	0.7959	91	117	0.5299
FBgn0004839	FBpp0087135	1033	0.5266	78	544	0.4159
FBgn0033650	FBpp0087136	189	0.5026	21	95	0.4019
FBgn0033653	FBpp0087138	323	0.2663	23	86	0.3489
FBgn0033657	FBpp0087139	855	0.4012	69	343	0.3394
FBgn0013756	FBpp0087140	2346	0.8700	293	2041	0.5048
FBgn0033665	FBpp0087144	341	0.2346	41	80	0.2836
FBgn0033668	FBpp0087145	1025	0.7093	85	727	0.4570
FBgn0026573	FBpp0087148	1199	0.7740	199	928	0.4881
FBgn0033673	FBpp0087149	596	0.3339	34	199	0.3595
FBgn0033672	FBpp0087151	351	0.2678	36	94	0.3087
FBgn0011704	FBpp0087152	393	0.4300	84	169	0.3712
FBgn0053145	FBpp0087154	466	0.4099	41	191	0.3772
FBgn0050037	FBpp0087155	420	0.3643	40	153	0.3599
FBgn0050036	FBpp0087156	388	0.3119	25	121	0.3558
FBgn0033669	FBpp0087157	270	0.5667	51	153	0.4090
FBgn0033667	FBpp0087160	431	0.6705	40	289	0.4494
FBgn0033663	FBpp0087164	489	0.5603	45	274	0.4046
FBgn0033661	FBpp0302006	5526	0.5299	411	2928	0.4208
FBgn0033659	FBpp0087167	255	0.6863	61	175	0.4474
FBgn0033658	FBpp0087168	198	0.7374	70	146	0.4660
FBgn0033656	FBpp0087169	508	0.1969	46	100	0.2931
FBgn0033654	FBpp0087170	813	0.7478	161	608	0.4840
FBgn0033651	FBpp0087171	561	0.3708	46	208	0.3476
FBgn0033640	FBpp0087177	180	0.3944	30	71	0.3685
FBgn0050035	FBpp0087178	857	0.5111	151	438	0.3732
FBgn0033644	FBpp0087180	488	0.1680	57	82	0.2595
FBgn0040491	FBpp0087182	299	0.4314	41	129	0.3728
FBgn0062449	FBpp0087183	343	0.6939	192	238	0.5020
FBgn0033649	FBpp0111983	766	0.7010	195	537	0.4978
FBgn0033648	FBpp0087185	600	0.1217	19	73	0.3089
FBgn0010516	FBpp0087186	330	0.2030	29	67	0.3220
FBgn0033645	FBpp0087188	555	0.3892	55	216	0.3803
FBgn0044020	FBpp0087189	113	0.4071	23	46	0.3753
FBgn0033639	FBpp0111980	651	0.4762	107	310	0.4155
FBgn0033638	FBpp0428181	1338	0.6039	95	808	0.4301
FBgn0033636	FBpp0111979	3131	0.6401	199	2004	0.4500
FBgn0003396	FBpp0303470	2587	0.7932	186	2052	0.4836
FBgn0037084	FBpp0087203	339	0.7021	159	238	0.4281
FBgn0033584	FBpp0308562	543	0.4494	37	244	0.3850
FBgn0033588	FBpp0087207	135	0.0815	9	11	0.1942
FBgn0033589	FBpp0087208	120	0.5583	56	67	0.3870
FBgn0033594	FBpp0087209	237	0.3882	31	92	0.3656
FBgn0026386	FBpp0087212	385	0.1610	28	62	0.2900
FBgn0033598	FBpp0087213	214	0.5841	58	125	0.4195
FBgn0033599	FBpp0087214	527	0.1252	52	66	0.2707
FBgn0033602	FBpp0087215	369	0.8266	108	305	0.5351
FBgn0041174	FBpp0087216	178	0.6067	64	108	0.4207
FBgn0033608	FBpp0087217	153	0.1242	7	19	0.2842
FBgn0050033	FBpp0087218	60	0.0000	0	0	0.2046
FBgn0033615	FBpp0087219	545	0.3872	43	211	0.3899
FBgn0033616	FBpp0087220	506	0.8063	172	408	0.4915
FBgn0003382	FBpp0271851	1633	0.7520	260	1228	0.4720
FBgn0043470	FBpp0087222	272	0.3346	29	91	0.3483
FBgn0010357	FBpp0087223	253	0.2767	35	70	0.3218
FBgn0050031	FBpp0087224	253	0.2095	14	53	0.3106
FBgn0010358	FBpp0087225	253	0.2095	14	53	0.3106
FBgn0015001	FBpp0087226	252	0.1190	5	30	0.2959
FBgn0024188	FBpp0087227	184	0.4674	55	86	0.3983
FBgn0041241	FBpp0087228	414	0.1498	31	62	0.2897
FBgn0033627	FBpp0087229	605	0.5421	89	328	0.4151
FBgn0033635	FBpp0293611	270	0.1815	35	49	0.2652
FBgn0000581	FBpp0303473	2097	0.6972	84	1462	0.4598
FBgn0082585	FBpp0087243	634	0.8091	128	513	0.5202
FBgn0050022	FBpp0288428	279	0.4373	42	122	0.3831
FBgn0033629	FBpp0087248	239	0.1883	22	45	0.2633
FBgn0021795	FBpp0087250	166	0.2711	18	45	0.3111
FBgn0001276	FBpp0087251	188	0.6117	49	115	0.4437
FBgn0033624	FBpp0087252	96	0.6042	31	58	0.4360
FBgn0033623	FBpp0087253	81	0.8025	20	65	0.4495
FBgn0050025	FBpp0087254	253	0.2095	14	53	0.3112
FBgn0010359	FBpp0087255	253	0.2095	14	53	0.3106
FBgn0010425	FBpp0087256	256	0.2383	21	61	0.3207
FBgn0003863	FBpp0087257	256	0.2578	23	66	0.3188
FBgn0011555	FBpp0087258	262	0.2557	18	67	0.3287
FBgn0011554	FBpp0087259	262	0.2328	28	61	0.3279
FBgn0011556	FBpp0087260	280	0.1607	21	45	0.3114
FBgn0043471	FBpp0304273	263	0.2281	25	60	0.3209
FBgn0026385	FBpp0087262	412	0.1117	18	46	0.2882
FBgn0025373	FBpp0087266	419	0.4940	45	207	0.3838
FBgn0033614	FBpp0087267	199	0.4573	43	91	0.4019
FBgn0040763	FBpp0087271	94	0.2340	11	22	0.3636
FBgn0015582	FBpp0087272	466	0.3991	42	186	0.3735
FBgn0033610	FBpp0087273	323	0.5046	38	163	0.3959
FBgn0033609	FBpp0087274	720	0.5819	106	419	0.4306
FBgn0033607	FBpp0304695	680	0.4824	33	328	0.4065
FBgn0033605	FBpp0087278	138	0.2899	14	40	0.3473
FBgn0010423	FBpp0087280	155	0.4516	15	70	0.3912
FBgn0033603	FBpp0291858	612	0.2042	41	125	0.2991
FBgn0033601	FBpp0087284	127	0.3937	12	50	0.3589
FBgn0033600	FBpp0087285	131	0.4275	12	56	0.3612
FBgn0033597	FBpp0087286	135	0.4889	26	66	0.3718
FBgn0033593	FBpp0087287	121	0.1818	11	22	0.2651
FBgn0033592	FBpp0087288	116	0.4138	22	48	0.3493
FBgn0033591	FBpp0087289	258	0.3217	22	83	0.3639
FBgn0033590	FBpp0087290	113	0.1858	19	21	0.2401
FBgn0033587	FBpp0087291	146	0.0959	8	14	0.2142
FBgn0050021	FBpp0087292	595	0.4975	99	296	0.4003
FBgn0033582	FBpp0303485	281	0.3879	52	109	0.3750
FBgn0033572	FBpp0087294	460	0.1783	23	82	0.2584
FBgn0033573	FBpp0087295	165	0.6182	56	102	0.4141
FBgn0033578	FBpp0087297	486	0.4897	29	238	0.3954
FBgn0033580	FBpp0087298	100	0.1600	15	16	0.2769
FBgn0040764	FBpp0087299	72	0.0278	1	2	0.2745
FBgn0033581	FBpp0087300	587	0.7922	137	465	0.5048
FBgn0033579	FBpp0087301	414	0.3068	37	127	0.3148
FBgn0040765	FBpp0087305	570	0.8018	89	457	0.5090
FBgn0033574	FBpp0087306	382	0.4372	31	167	0.3951
FBgn0033542	FBpp0087310	527	0.4896	51	258	0.3927
FBgn0033544	FBpp0087313	190	0.7316	82	139	0.4742
FBgn0050018	FBpp0293249	440	0.2432	25	107	0.2974
FBgn0033547	FBpp0087316	231	0.4156	23	96	0.3623
FBgn0033549	FBpp0087317	309	0.5922	25	183	0.4184
FBgn0033551	FBpp0087318	205	0.4976	31	102	0.4024
FBgn0029134	FBpp0087319	282	0.3794	22	107	0.3536
FBgn0033555	FBpp0087321	130	0.2923	19	38	0.3450
FBgn0033557	FBpp0087322	949	0.4426	91	420	0.3904
FBgn0050020	FBpp0087330	1309	0.6073	67	795	0.4205
FBgn0033569	FBpp0087331	686	0.6924	115	475	0.4468
FBgn0033571	FBpp0087332	210	0.5381	22	113	0.4074
FBgn0033570	FBpp0087333	124	0.6210	35	77	0.4200
FBgn0017414	FBpp0087334	225	0.7956	38	179	0.4671
FBgn0010356	FBpp0087335	704	0.4261	56	300	0.3851
FBgn0050016	FBpp0087336	113	0.2389	13	27	0.3531
FBgn0050015	FBpp0112268	1510	0.8768	183	1324	0.5145
FBgn0027525	FBpp0087340	493	0.7525	77	371	0.4912
FBgn0033558	FBpp0087341	449	0.3875	47	174	0.3416
FBgn0033556	FBpp0087342	226	0.9027	74	204	0.5029
FBgn0033554	FBpp0087343	141	0.5177	49	73	0.4268
FBgn0033550	FBpp0087346	128	0.0000	0	0	0.2330
FBgn0033548	FBpp0087347	64	0.8438	52	54	0.4956
FBgn0027499	FBpp0087348	1420	0.8556	308	1215	0.5134
FBgn0053144	FBpp0087349	1102	0.5436	101	599	0.4130
FBgn0024956	FBpp0087350	320	0.6937	71	222	0.4551
FBgn0033543	FBpp0087351	335	0.3851	27	129	0.3657
FBgn0005586	FBpp0087352	220	0.4000	24	88	0.3812
FBgn0033518	FBpp0087354	220	0.4409	21	97	0.3819
FBgn0053474	FBpp0087355	201	0.2040	27	41	0.3134
FBgn0033520	FBpp0087356	220	0.4409	21	97	0.3841
FBgn0001122	FBpp0087359	354	0.5565	25	197	0.4014
FBgn0033527	FBpp0087366	161	0.4161	41	67	0.3618
FBgn0033529	FBpp0087367	199	0.5276	33	105	0.3980
FBgn0033528	FBpp0087398	235	0.3574	27	84	0.3708
FBgn0033526	FBpp0087402	747	0.5515	157	412	0.4578
FBgn0033524	FBpp0087403	589	0.4686	53	276	0.3920
FBgn0033523	FBpp0087405	156	0.7244	39	113	0.4533
FBgn0033521	FBpp0087406	220	0.4045	21	89	0.3814
FBgn0033519	FBpp0302903	136	0.4779	46	65	0.3864
FBgn0053475	FBpp0087409	147	0.4354	10	64	0.3828
FBgn0053477	FBpp0087411	198	0.1970	15	39	0.3267
FBgn0033516	FBpp0087412	156	0.2628	7	41	0.3596
FBgn0033515	FBpp0087414	593	0.3558	33	211	0.3476
FBgn0033490	FBpp0288726	356	0.2640	30	94	0.3458
FBgn0026388	FBpp0089408	384	0.1432	17	55	0.2857
FBgn0033491	FBpp0087421	985	0.6142	108	605	0.4297
FBgn0005619	FBpp0087422	847	0.4522	100	383	0.3957
FBgn0033499	FBpp0087423	255	0.1412	16	36	0.2734
FBgn0033500	FBpp0087424	540	0.4204	36	227	0.3812
FBgn0033501	FBpp0308538	410	0.7805	168	320	0.4663
FBgn0033502	FBpp0087426	466	0.2854	42	133	0.3418
FBgn0033504	FBpp0428212	2568	0.8851	217	2273	0.5281
FBgn0033507	FBpp0087437	281	0.7402	69	208	0.4655
FBgn0026403	FBpp0087438	1350	0.3793	80	512	0.3847
FBgn0033512	FBpp0087445	64	0.5781	21	37	0.3960
FBgn0033508	FBpp0087448	198	0.5152	53	102	0.3994
FBgn0028426	FBpp0087449	766	0.4399	48	337	0.3949
FBgn0003660	FBpp0271782	152	0.7105	58	108	0.4444
FBgn0033498	FBpp0087452	285	0.2175	46	62	0.2149
FBgn0033497	FBpp0087453	112	0.8750	66	98	0.5832
FBgn0000448	FBpp0402891	871	0.5844	120	509	0.4316
FBgn0033494	FBpp0290659	993	0.5337	123	530	0.4005
FBgn0033454	FBpp0087461	787	0.3215	26	253	0.3649
FBgn0050010	FBpp0428215	215	0.6372	35	137	0.4313
FBgn0033457	FBpp0087463	276	0.5145	71	142	0.4122
FBgn0033458	FBpp0087464	487	0.7782	82	379	0.4624
FBgn0033459	FBpp0087465	160	0.6438	49	103	0.4218
FBgn0033461	FBpp0087467	323	0.6285	66	203	0.4238
FBgn0050008	FBpp0087468	266	0.1466	20	39	0.2956
FBgn0000715	FBpp0087471	347	0.8646	210	300	0.4597
FBgn0033469	FBpp0308511	340	0.4706	40	160	0.3791
FBgn0027619	FBpp0087475	236	0.7415	89	175	0.4672
FBgn0033471	FBpp0087476	411	0.5255	35	216	0.4075
FBgn0000606	FBpp0087478	376	0.6383	103	240	0.4222
FBgn0033473	FBpp0087481	485	0.5959	79	289	0.4337
FBgn0033475	FBpp0087483	352	0.5000	53	176	0.4126
FBgn0040773	FBpp0087484	66	0.0909	3	6	0.3171
FBgn0033480	FBpp0087491	124	0.6694	73	83	0.4419
FBgn0033481	FBpp0087492	372	0.5968	65	222	0.4162
FBgn0033483	FBpp0087493	415	0.6723	133	279	0.4401
FBgn0033484	FBpp0087497	783	0.6667	102	522	0.4657
FBgn0001291	FBpp0303456	372	0.7070	64	263	0.4633
FBgn0003071	FBpp0087506	950	0.3463	36	329	0.3636
FBgn0033486	FBpp0087509	603	0.6086	137	367	0.4507
FBgn0010531	FBpp0290166	264	0.2917	23	77	0.3559
FBgn0033485	FBpp0087511	256	0.6328	44	162	0.4350
FBgn0033482	FBpp0087514	1199	0.4737	44	568	0.3919
FBgn0013435	FBpp0087515	387	0.4548	34	176	0.3765
FBgn0033479	FBpp0087517	894	0.2036	25	182	0.3077
FBgn0010385	FBpp0087518	92	0.2283	21	21	0.2925
FBgn0033476	FBpp0087520	722	0.3989	73	288	0.3560
FBgn0033474	FBpp0308508	452	0.4314	72	195	0.3560
FBgn0022382	FBpp0087523	377	0.4509	53	170	0.3899
FBgn0033468	FBpp0087526	193	0.3368	27	65	0.2987
FBgn0033467	FBpp0087527	132	0.8485	37	112	0.4714
FBgn0011656	FBpp0303551	606	0.7211	72	437	0.4643
FBgn0033464	FBpp0087533	517	0.2766	26	143	0.3316
FBgn0033463	FBpp0087535	784	0.5166	40	405	0.4016
FBgn0033460	FBpp0087536	1184	0.5262	88	623	0.4106
FBgn0027580	FBpp0087539	1197	0.3459	28	414	0.3682
FBgn0050000	FBpp0087548	228	0.5219	29	119	0.3996
FBgn0050005	FBpp0087549	228	0.4430	24	101	0.3855
FBgn0260474	FBpp0291260	311	0.2572	26	80	0.3390
FBgn0033439	FBpp0087551	317	0.2681	23	85	0.3449
FBgn0033440	FBpp0087552	322	0.2547	13	82	0.3413
FBgn0005614	FBpp0087555	1124	0.4893	165	550	0.3903
FBgn0033443	FBpp0087558	654	0.2217	51	145	0.2860
FBgn0040092	FBpp0290920	322	0.3820	26	123	0.3705
FBgn0040093	FBpp0087560	328	0.5396	87	177	0.4145
FBgn0033449	FBpp0087561	387	0.7209	62	279	0.4479
FBgn0033451	FBpp0087562	340	0.4206	32	143	0.3830
FBgn0023180	FBpp0087566	257	0.6226	81	160	0.4328
FBgn0033450	FBpp0087569	256	0.6836	63	175	0.4677
FBgn0033448	FBpp0087570	456	0.9101	83	415	0.4880
FBgn0033447	FBpp0301614	1155	0.8978	251	1037	0.5080
FBgn0050001	FBpp0087576	386	0.2668	19	103	0.3530
FBgn0033446	FBpp0087578	232	0.6336	67	147	0.4530
FBgn0027589	FBpp0087579	918	0.4728	57	434	0.3862
FBgn0033442	FBpp0087580	132	0.7348	76	97	0.4525
FBgn0023143	FBpp0087583	1191	0.4492	90	535	0.3929
FBgn0033438	FBpp0087585	758	0.5686	225	431	0.4815
FBgn0033437	FBpp0087586	313	0.4856	32	152	0.3895
FBgn0016970	FBpp0087589	221	0.5158	45	114	0.4041
FBgn0041087	FBpp0087590	350	0.3400	55	119	0.3391
FBgn0033413	FBpp0305218	236	0.5127	44	121	0.4052
FBgn0017558	FBpp0111805	422	0.3981	49	168	0.3720
FBgn0004360	FBpp0087596	352	0.5085	40	179	0.3898
FBgn0033422	FBpp0087602	396	0.1894	24	75	0.3016
FBgn0033423	FBpp0087603	515	0.3476	49	179	0.3682
FBgn0033426	FBpp0087605	548	0.4799	40	263	0.3909
FBgn0033428	FBpp0087607	356	0.2921	27	104	0.3505
FBgn0033431	FBpp0308484	393	0.3791	62	149	0.3543
FBgn0010342	FBpp0087613	440	0.7591	132	334	0.4795
FBgn0033434	FBpp0087614	312	0.4071	38	127	0.3830
FBgn0050338	FBpp0087616	288	0.5486	61	158	0.4172
FBgn0050339	FBpp0087617	308	0.6104	43	188	0.4091
FBgn0050340	FBpp0087618	396	0.3056	36	121	0.3179
FBgn0033429	FBpp0087624	142	0.2324	23	33	0.2944
FBgn0033427	FBpp0087625	751	0.4154	58	312	0.3911
FBgn0033421	FBpp0087630	372	0.6613	58	246	0.4484
FBgn0029092	FBpp0297720	533	0.7692	71	410	0.4590
FBgn0033412	FBpp0087634	326	0.8528	80	278	0.4799
FBgn0016078	FBpp0087635	379	0.3562	77	135	0.3693
FBgn0028473	FBpp0087637	652	0.5951	61	388	0.4256
FBgn0033408	FBpp0087638	188	0.4574	31	86	0.4096
FBgn0033405	FBpp0305211	775	0.7161	128	555	0.4612
FBgn0011746	FBpp0289728	477	0.7966	153	380	0.4944
FBgn0025709	FBpp0087643	603	0.2206	53	133	0.2820
FBgn0033371	FBpp0289410	590	0.1559	44	92	0.2566
FBgn0010220	FBpp0087645	521	0.5202	136	271	0.4160
FBgn0033376	FBpp0087646	1233	0.3350	41	413	0.3625
FBgn0015838	FBpp0303474	608	0.5576	95	339	0.4022
FBgn0033378	FBpp0087648	165	0.6182	50	102	0.4453
FBgn0003612	FBpp0087651	640	0.6312	107	404	0.4456
FBgn0033381	FBpp0087660	226	0.3982	34	90	0.3584
FBgn0033382	FBpp0087661	525	0.2476	45	130	0.3442
FBgn0028955	FBpp0087662	80	0.8000	62	64	0.4869
FBgn0050342	FBpp0087663	330	0.7212	169	238	0.5192
FBgn0050344	FBpp0087664	507	0.1440	27	73	0.2873
FBgn0050345	FBpp0293860	496	0.1875	28	93	0.2909
FBgn0033389	FBpp0290742	336	0.4107	30	138	0.3730
FBgn0015561	FBpp0087667	485	0.6619	133	321	0.4493
FBgn0033395	FBpp0087672	520	0.3462	32	180	0.3602
FBgn0015037	FBpp0087673	513	0.3821	43	196	0.3644
FBgn0033397	FBpp0087674	515	0.4350	32	224	0.3875
FBgn0050343	FBpp0087675	170	0.3235	26	55	0.3585
FBgn0033401	FBpp0087676	630	0.4048	38	255	0.3827
FBgn0028408	FBpp0111843	549	0.4444	43	244	0.3896
FBgn0033402	FBpp0087679	537	0.6778	156	364	0.4416
FBgn0026326	FBpp0087680	730	0.7329	82	535	0.4646
FBgn0033400	FBpp0087681	325	0.8615	132	280	0.5272
FBgn0020621	FBpp0111810	1501	0.6289	118	944	0.4390
FBgn0033392	FBpp0087690	666	0.4940	82	329	0.3967
FBgn0033391	FBpp0291674	322	0.3043	18	98	0.3423
FBgn0015477	FBpp0087699	2408	0.4282	97	1031	0.3880
FBgn0033388	FBpp0087701	519	0.2563	42	133	0.2984
FBgn0033387	FBpp0113090	566	0.1996	24	113	0.3020
FBgn0027561	FBpp0087707	908	0.5804	111	527	0.4273
FBgn0033379	FBpp0087709	712	0.5871	119	418	0.4380
FBgn0033377	FBpp0087711	623	0.3917	62	244	0.3804
FBgn0033375	FBpp0087712	343	0.3848	30	132	0.3811
FBgn0033374	FBpp0087713	367	0.7711	101	283	0.4697
FBgn0033373	FBpp0087714	413	0.5593	59	231	0.3954
FBgn0033372	FBpp0301832	729	0.2140	30	156	0.3211
FBgn0024189	FBpp0110338	1542	0.5642	65	870	0.4171
FBgn0050350	FBpp0087717	369	0.4390	41	162	0.3883
FBgn0011286	FBpp0293114	5134	0.4236	102	2175	0.3829
FBgn0021825	FBpp0087722	380	0.6737	50	256	0.4353
FBgn0033339	FBpp0311417	1260	0.5651	85	712	0.4238
FBgn0033340	FBpp0087725	77	0.9091	43	70	0.5071
FBgn0004921	FBpp0087726	70	0.9429	34	66	0.4740
FBgn0050349	FBpp0087731	620	0.4903	93	304	0.3996
FBgn0002552	FBpp0087732	858	0.4196	49	360	0.3826
FBgn0033349	FBpp0087733	517	0.6654	70	344	0.4392
FBgn0033350	FBpp0087734	325	0.2800	28	91	0.3440
FBgn0033352	FBpp0087735	1241	0.5383	60	668	0.4128
FBgn0033353	FBpp0428453	251	0.3546	16	89	0.3674
FBgn0033355	FBpp0087737	113	0.3805	23	43	0.3323
FBgn0033357	FBpp0087738	54	0.0185	1	1	0.2400
FBgn0011300	FBpp0087739	622	0.4309	28	268	0.3788
FBgn0033364	FBpp0087741	222	0.0766	7	17	0.2350
FBgn0033369	FBpp0087742	387	0.2222	26	86	0.3520
FBgn0033368	FBpp0087743	528	0.2348	54	124	0.3023
FBgn0033367	FBpp0087744	684	0.4649	45	318	0.4011
FBgn0033366	FBpp0087745	609	0.4844	55	295	0.3833
FBgn0033365	FBpp0087746	855	0.5322	66	455	0.4152
FBgn0033363	FBpp0087747	389	0.3085	46	120	0.3436
FBgn0033362	FBpp0290411	561	0.4189	84	235	0.3819
FBgn0033358	FBpp0087752	245	0.3673	25	90	0.3633
FBgn0033356	FBpp0288717	335	0.8358	90	280	0.4812
FBgn0027607	FBpp0087755	699	0.2747	22	192	0.3433
FBgn0033354	FBpp0087756	1481	0.4625	186	685	0.4062
FBgn0033351	FBpp0087757	323	0.4396	30	142	0.4041
FBgn0033348	FBpp0288472	591	0.4010	85	237	0.3849
FBgn0033347	FBpp0087759	227	0.5683	60	129	0.4373
FBgn0003074	FBpp0087760	558	0.3638	31	203	0.3635
FBgn0033344	FBpp0087763	292	0.2911	25	85	0.3708
FBgn0033341	FBpp0087765	201	0.6915	117	139	0.4948
FBgn0027513	FBpp0087766	420	0.8738	118	367	0.4911
FBgn0033337	FBpp0303279	710	0.2718	44	193	0.3503
FBgn0053199	FBpp0087769	79	0.4937	22	39	0.4067
FBgn0033304	FBpp0087770	493	0.4097	27	202	0.3788
FBgn0033307	FBpp0087771	112	0.0000	0	0	0.2738
FBgn0033313	FBpp0302596	1711	0.5558	110	951	0.4107
FBgn0022027	FBpp0087774	174	0.5230	29	91	0.4071
FBgn0033316	FBpp0087775	677	0.5451	96	369	0.4370
FBgn0050354	FBpp0087782	86	0.4884	33	42	0.3846
FBgn0001285	FBpp0087783	271	0.2251	16	61	0.3227
FBgn0033321	FBpp0087784	459	0.5076	58	233	0.3943
FBgn0033323	FBpp0087785	617	0.1588	67	98	0.2792
FBgn0043576	FBpp0087786	185	0.1784	8	33	0.3194
FBgn0033327	FBpp0087787	185	0.1784	8	33	0.3194
FBgn0043575	FBpp0087788	184	0.2772	20	51	0.3294
FBgn0005695	FBpp0087789	569	0.4710	55	268	0.3941
FBgn0033330	FBpp0087793	329	0.8906	99	293	0.5089
FBgn0050356	FBpp0087796	149	0.7315	43	109	0.4303
FBgn0040777	FBpp0087798	432	0.4375	38	189	0.3518
FBgn0050357	FBpp0087800	451	0.4169	24	188	0.3790
FBgn0033326	FBpp0297866	611	0.1555	24	95	0.2625
FBgn0033324	FBpp0297867	620	0.2113	97	131	0.2893
FBgn0033322	FBpp0087803	293	0.1911	18	56	0.3354
FBgn0033320	FBpp0087804	444	0.5023	49	223	0.3901
FBgn0050355	FBpp0087805	186	0.6720	44	125	0.4271
FBgn0033317	FBpp0087806	404	0.6609	98	267	0.4644
FBgn0033315	FBpp0087807	382	0.4162	33	159	0.3880
FBgn0033312	FBpp0302640	429	0.5291	78	227	0.4101
FBgn0033309	FBpp0087809	387	0.6951	102	269	0.4420
FBgn0033308	FBpp0288719	163	0.6258	63	102	0.4598
FBgn0033302	FBpp0311645	509	0.4224	31	215	0.3689
FBgn0033301	FBpp0087815	100	0.4800	19	48	0.3916
FBgn0033283	FBpp0087818	286	0.8112	57	232	0.5089
FBgn0033287	FBpp0087819	246	0.8171	40	201	0.4688
FBgn0028836	FBpp0087821	278	0.5360	81	149	0.4063
FBgn0002534	FBpp0087822	112	0.2411	22	27	0.3199
FBgn0002535	FBpp0087823	112	0.2679	25	30	0.3344
FBgn0014469	FBpp0087824	526	0.4639	28	244	0.3845
FBgn0015034	FBpp0087825	531	0.4501	35	239	0.3806
FBgn0002569	FBpp0087826	567	0.4039	48	229	0.3724
FBgn0033294	FBpp0087827	579	0.4145	51	240	0.3824
FBgn0050359	FBpp0087828	630	0.4270	42	269	0.3875
FBgn0050360	FBpp0312227	601	0.4376	75	263	0.3699
FBgn0033297	FBpp0087831	588	0.5289	52	311	0.4082
FBgn0050361	FBpp0303458	1472	0.4586	107	675	0.3890
FBgn0033296	FBpp0087836	599	0.4073	48	244	0.3712
FBgn0002571	FBpp0087837	574	0.3136	33	180	0.3593
FBgn0002570	FBpp0087838	577	0.4211	46	243	0.3880
FBgn0033292	FBpp0087839	516	0.3527	32	182	0.3678
FBgn0002533	FBpp0087840	126	0.3492	13	44	0.3496
FBgn0002531	FBpp0087841	130	0.3462	13	45	0.3588
FBgn0033289	FBpp0288563	536	0.2220	28	119	0.2872
FBgn0033286	FBpp0087843	305	0.7180	101	219	0.4785
FBgn0050362	FBpp0087847	255	0.7961	62	203	0.4755
FBgn0050363	FBpp0087848	259	0.8340	79	216	0.4797
FBgn0050366	FBpp0087849	284	0.7711	78	219	0.4617
FBgn0050364	FBpp0087850	291	0.7457	77	217	0.4433
FBgn0050365	FBpp0087851	469	0.8038	172	377	0.4977
FBgn0028563	FBpp0087855	507	0.1992	31	101	0.2583
FBgn0028562	FBpp0087856	491	0.1507	42	74	0.2698
FBgn0028561	FBpp0087857	476	0.1870	40	89	0.2577
FBgn0033257	FBpp0087858	395	0.3772	80	149	0.3506
FBgn0033259	FBpp0087859	760	0.3513	54	267	0.3379
FBgn0033261	FBpp0087860	159	0.7673	39	122	0.4731
FBgn0033264	FBpp0087861	564	0.7323	109	413	0.4687
FBgn0033266	FBpp0087862	342	0.7047	46	241	0.4551
FBgn0005648	FBpp0087863	224	0.6250	67	140	0.4408
FBgn0021995	FBpp0087865	782	0.6304	159	493	0.4465
FBgn0033273	FBpp0087866	461	0.3124	25	144	0.3446
FBgn0011659	FBpp0087867	664	0.5271	118	350	0.4084
FBgn0053087	FBpp0311204	4752	0.4320	83	2053	0.3858
FBgn0013726	FBpp0087869	539	0.6122	130	330	0.4401
FBgn0033277	FBpp0087871	529	0.4329	53	229	0.3887
FBgn0050369	FBpp0087872	87	0.5747	36	50	0.4206
FBgn0033278	FBpp0087873	126	0.6905	45	87	0.4449
FBgn0050371	FBpp0087874	399	0.3885	27	155	0.3712
FBgn0050375	FBpp0087875	398	0.3166	25	126	0.3696
FBgn0050376	FBpp0087876	226	0.8982	138	203	0.5114
FBgn0033280	FBpp0087877	109	0.8257	64	90	0.5147
FBgn0033279	FBpp0087878	111	0.7207	61	80	0.4575
FBgn0010109	FBpp0087879	435	0.7471	70	325	0.4469
FBgn0033275	FBpp0087880	236	0.8686	165	205	0.5502
FBgn0033274	FBpp0087881	163	0.6687	41	109	0.4492
FBgn0050373	FBpp0087882	158	0.5886	30	93	0.3997
FBgn0033272	FBpp0087883	385	0.3896	30	150	0.3751
FBgn0033271	FBpp0087885	450	0.4844	90	218	0.4253
FBgn0010504	FBpp0087887	336	0.4405	57	148	0.4094
FBgn0033268	FBpp0087892	143	0.3636	24	52	0.3584
FBgn0033260	FBpp0087897	821	0.5335	55	438	0.4112
FBgn0033258	FBpp0087898	417	0.7338	162	306	0.4769
FBgn0025469	FBpp0087900	226	0.0531	7	12	0.2532
FBgn0021814	FBpp0087901	210	0.4571	23	96	0.4034
FBgn0040778	FBpp0087902	92	0.3370	16	31	0.3716
FBgn0033252	FBpp0308390	713	0.6662	61	475	0.4457
FBgn0033221	FBpp0087905	144	0.1667	21	24	0.2305
FBgn0033222	FBpp0111963	142	0.0845	11	12	0.2099
FBgn0002891	FBpp0087907	2130	0.5394	370	1149	0.4277
FBgn0003317	FBpp0300982	582	0.4278	101	249	0.3815
FBgn0033226	FBpp0087910	454	0.4736	58	215	0.3853
FBgn0003082	FBpp0087914	555	0.3748	56	208	0.3859
FBgn0033229	FBpp0087917	412	0.6019	86	248	0.4241
FBgn0040780	FBpp0112243	172	0.3605	36	62	0.3835
FBgn0050377	FBpp0087920	897	0.6745	56	605	0.4353
FBgn0015509	FBpp0087921	774	0.6085	51	471	0.4285
FBgn0033234	FBpp0087925	477	0.1992	35	95	0.2889
FBgn0026722	FBpp0087926	1327	0.6579	189	873	0.4461
FBgn0050379	FBpp0293655	295	0.1763	37	52	0.2753
FBgn0033238	FBpp0087929	148	0.4797	32	71	0.4050
FBgn0050378	FBpp0087930	148	0.6216	34	92	0.4089
FBgn0033240	FBpp0111965	456	0.5088	44	232	0.3891
FBgn0027548	FBpp0087934	793	0.6318	80	501	0.4462
FBgn0027054	FBpp0087935	407	0.3907	21	159	0.3785
FBgn0033247	FBpp0087936	354	0.4407	34	156	0.3708
FBgn0013307	FBpp0087939	394	0.2817	24	111	0.3361
FBgn0013308	FBpp0087940	393	0.2748	36	108	0.3410
FBgn0033249	FBpp0087944	303	0.7360	84	223	0.4832
FBgn0027788	FBpp0087945	425	0.7718	119	328	0.4826
FBgn0033248	FBpp0087946	287	0.2439	23	70	0.3313
FBgn0033246	FBpp0087947	2482	0.4339	53	1077	0.3831
FBgn0033244	FBpp0087950	646	0.5031	70	325	0.4117
FBgn0033243	FBpp0087951	189	0.5608	53	106	0.4458
FBgn0026361	FBpp0087953	422	0.5900	78	249	0.4298
FBgn0033241	FBpp0087954	453	0.4547	52	206	0.3872
FBgn0033236	FBpp0087956	437	0.4622	57	202	0.3885
FBgn0050380	FBpp0087957	101	0.3168	21	32	0.3469
FBgn0033235	FBpp0087958	556	0.3759	28	209	0.3671
FBgn0023171	FBpp0087959	333	0.5616	49	187	0.4173
FBgn0050381	FBpp0308274	243	0.3539	34	86	0.3721
FBgn0033233	FBpp0087961	495	0.6384	63	316	0.4316
FBgn0026393	FBpp0087962	403	0.2084	15	84	0.2951
FBgn0033232	FBpp0087963	202	0.4455	23	90	0.3611
FBgn0050382	FBpp0087968	244	0.3893	23	95	0.3853
FBgn0029093	FBpp0087972	392	0.2117	20	83	0.3272
FBgn0033225	FBpp0087973	626	0.3594	19	225	0.3764
FBgn0033224	FBpp0087975	834	0.7542	96	629	0.4760
FBgn0033187	FBpp0087978	927	0.1866	37	173	0.2915
FBgn0033190	FBpp0087981	713	0.3366	61	240	0.3638
FBgn0033192	FBpp0087983	1397	0.5605	113	783	0.4147
FBgn0033194	FBpp0087984	3321	0.4502	54	1495	0.3875
FBgn0050491	FBpp0087993	331	0.5045	34	167	0.3864
FBgn0050495	FBpp0307928	331	0.2870	51	95	0.3486
FBgn0033203	FBpp0087995	325	0.3231	22	105	0.3558
FBgn0033204	FBpp0087996	300	0.4933	26	148	0.3961
FBgn0033205	FBpp0087997	330	0.3303	26	109	0.3604
FBgn0033209	FBpp0087998	135	0.2889	32	39	0.2712
FBgn0050493	FBpp0087999	326	0.4693	31	153	0.3926
FBgn0050496	FBpp0088000	635	0.3370	25	214	0.3587
FBgn0033214	FBpp0088001	352	0.3409	22	120	0.3458
FBgn0033215	FBpp0088002	352	0.2528	18	89	0.3376
FBgn0033216	FBpp0088003	349	0.3782	20	132	0.3588
FBgn0015614	FBpp0088004	170	0.2706	12	46	0.3623
FBgn0000337	FBpp0311059	465	0.2753	25	128	0.3490
FBgn0042135	FBpp0088009	540	0.4981	55	269	0.3914
FBgn0003733	FBpp0088012	923	0.4496	80	415	0.3943
FBgn0033212	FBpp0305131	1486	0.4980	145	740	0.4053
FBgn0033210	FBpp0088015	265	0.6000	49	159	0.4228
FBgn0033208	FBpp0088016	126	0.8016	43	101	0.4695
FBgn0033207	FBpp0088017	130	0.5769	26	75	0.3916
FBgn0033206	FBpp0088018	514	0.6518	74	335	0.4377
FBgn0033202	FBpp0312485	420	0.1476	20	62	0.2732
FBgn0033199	FBpp0088020	271	0.4945	37	134	0.3888
FBgn0028687	FBpp0088021	433	0.4411	66	191	0.3890
FBgn0033196	FBpp0088024	482	0.1950	29	94	0.2780
FBgn0004133	FBpp0088026	644	0.6770	116	436	0.4377
FBgn0004132	FBpp0088027	180	0.7278	54	131	0.4516
FBgn0050499	FBpp0088028	221	0.2262	10	50	0.3336
FBgn0033191	FBpp0088029	336	0.3333	32	112	0.3729
FBgn0033188	FBpp0088031	434	0.3940	55	171	0.3679
FBgn0033186	FBpp0088034	577	0.4922	67	284	0.4148
FBgn0003174	FBpp0304734	1363	0.7007	132	955	0.4658
FBgn0033158	FBpp0088037	329	0.7660	144	252	0.4819
FBgn0033160	FBpp0088040	729	0.4815	52	351	0.3944
FBgn0033164	FBpp0111960	197	0.6954	77	137	0.4737
FBgn0033165	FBpp0111961	138	0.4275	23	59	0.3650
FBgn0003460	FBpp0089177	416	0.5120	152	213	0.4220
FBgn0033169	FBpp0088044	665	0.4602	58	306	0.3887
FBgn0033174	FBpp0088047	388	0.8943	103	347	0.5146
FBgn0033178	FBpp0088048	449	0.4143	29	186	0.3719
FBgn0033185	FBpp0088052	586	0.5341	47	313	0.4082
FBgn0025185	FBpp0088053	593	0.5734	58	340	0.4234
FBgn0033184	FBpp0088054	456	0.3355	21	153	0.3657
FBgn0015929	FBpp0088055	866	0.5393	66	467	0.4082
FBgn0033183	FBpp0088056	586	0.7867	95	461	0.4790
FBgn0010548	FBpp0300518	564	0.4574	83	258	0.3865
FBgn0033179	FBpp0088069	407	0.5823	46	237	0.4216
FBgn0033177	FBpp0088070	710	0.4803	48	341	0.3980
FBgn0050502	FBpp0290181	355	0.2986	52	106	0.3523
FBgn0040513	FBpp0088074	201	0.5124	31	103	0.3965
FBgn0050503	FBpp0088075	173	0.3353	14	58	0.3477
FBgn0033168	FBpp0088076	149	0.2685	17	40	0.3252
FBgn0033167	FBpp0305210	134	0.4104	21	55	0.3693
FBgn0033166	FBpp0088078	504	0.8373	101	422	0.5130
FBgn0041243	FBpp0311196	453	0.2340	37	106	0.3022
FBgn0000352	FBpp0088087	1201	0.6661	151	800	0.4408
FBgn0033159	FBpp0297683	2038	0.5736	199	1169	0.4225
FBgn0033127	FBpp0088094	220	0.3273	38	72	0.2901
FBgn0033128	FBpp0088095	218	0.2385	17	52	0.2561
FBgn0033129	FBpp0088097	231	0.2078	19	48	0.2680
FBgn0033130	FBpp0088099	229	0.2489	29	57	0.2422
FBgn0033132	FBpp0088101	227	0.2467	27	56	0.2973
FBgn0033133	FBpp0088102	215	0.2093	15	45	0.2713
FBgn0033134	FBpp0088103	217	0.2028	25	44	0.2537
FBgn0016032	FBpp0088104	208	0.1154	12	24	0.2515
FBgn0033135	FBpp0088105	218	0.2156	22	47	0.2608
FBgn0033136	FBpp0088106	219	0.1735	9	38	0.2696
FBgn0033139	FBpp0088107	211	0.2417	20	51	0.2644
FBgn0033140	FBpp0312484	174	0.7184	69	125	0.4438
FBgn0024294	FBpp0088112	390	0.4487	66	175	0.3769
FBgn0003090	FBpp0088115	1299	0.6297	200	818	0.4432
FBgn0033149	FBpp0088116	706	0.6955	75	491	0.4448
FBgn0053140	FBpp0088117	720	0.5597	121	403	0.4128
FBgn0050385	FBpp0088118	536	0.6325	66	339	0.4183
FBgn0050384	FBpp0088119	708	0.6737	62	477	0.4520
FBgn0033153	FBpp0088120	163	0.1779	11	29	0.3418
FBgn0026602	FBpp0088121	366	0.2787	24	102	0.3478
FBgn0026389	FBpp0088122	376	0.1330	19	50	0.2869
FBgn0002930	FBpp0088123	476	0.4979	104	237	0.4055
FBgn0044011	FBpp0088124	407	0.2432	27	99	0.3369
FBgn0015039	FBpp0088126	505	0.4634	30	234	0.3784
FBgn0015038	FBpp0088127	505	0.4238	29	214	0.3796
FBgn0033141	FBpp0289340	259	0.7027	63	182	0.4412
FBgn0033138	FBpp0088129	219	0.0822	7	18	0.2623
FBgn0027558	FBpp0088130	667	0.4333	37	289	0.3817
FBgn0033137	FBpp0088131	250	0.2720	29	68	0.3120
FBgn0016126	FBpp0088138	405	0.5383	66	218	0.4109
FBgn0040324	FBpp0088144	652	0.5890	76	384	0.4196
FBgn0039911	FBpp0088148	606	0.4142	37	251	0.3845
FBgn0024728	FBpp0088159	767	0.7836	194	601	0.4712
FBgn0039920	FBpp0088160	628	0.6338	57	398	0.4310
FBgn0026199	FBpp0088161	598	0.6421	78	384	0.4304
FBgn0039916	FBpp0110206	899	0.3215	40	289	0.3600
FBgn0028996	FBpp0088173	1081	0.7021	80	759	0.4507
FBgn0039909	FBpp0088174	468	0.3184	27	149	0.3497
FBgn0026869	FBpp0088175	1738	0.7100	155	1234	0.4652
FBgn0039908	FBpp0289571	1349	0.6501	89	877	0.4443
FBgn0026262	FBpp0088179	1406	0.7212	164	1014	0.4696
FBgn0039907	FBpp0088180	1469	0.7304	217	1073	0.4679
FBgn0024811	FBpp0088181	271	0.6052	51	164	0.4211
FBgn0039896	FBpp0088184	463	0.4665	42	216	0.3898
FBgn0039897	FBpp0300430	905	0.8818	185	798	0.4896
FBgn0026777	FBpp0088191	414	0.7029	75	291	0.4602
FBgn0052850	FBpp0088192	147	0.3878	54	57	0.4011
FBgn0039904	FBpp0088194	1500	0.5953	58	893	0.4254
FBgn0039902	FBpp0309503	297	0.1987	20	59	0.2768
FBgn0042696	FBpp0088208	766	0.7637	131	585	0.4694
FBgn0053481	FBpp0306511	312	0.4295	23	134	0.3744
FBgn0051999	FBpp0088211	917	0.4864	91	446	0.3964
FBgn0051998	FBpp0088212	1459	0.6285	200	917	0.4222
FBgn0039890	FBpp0088215	730	0.3219	63	235	0.3567
FBgn0039889	FBpp0300568	313	0.4824	58	151	0.4053
FBgn0051997	FBpp0088221	148	0.4459	19	66	0.3849
FBgn0052006	FBpp0088237	443	0.8488	224	376	0.4974
FBgn0011747	FBpp0088240	1549	0.2912	35	451	0.3494
FBgn0017545	FBpp0088242	268	0.5448	35	146	0.4062
FBgn0004859	FBpp0088245	1397	0.7588	192	1060	0.4521
FBgn0025740	FBpp0088246	2051	0.4110	82	843	0.3823
FBgn0019985	FBpp0088248	976	0.4232	47	413	0.3732
FBgn0019650	FBpp0428126	655	0.7053	82	462	0.4595
FBgn0010217	FBpp0305828	511	0.1840	22	94	0.3274
FBgn0013749	FBpp0088256	180	0.2944	26	53	0.3635
FBgn0002521	FBpp0088268	520	0.7385	66	384	0.4545
FBgn0052017	FBpp0290214	482	0.8589	112	414	0.4995
FBgn0039928	FBpp0305853	979	0.5587	71	547	0.4074
FBgn0024913	FBpp0088273	946	0.6987	189	661	0.4429
FBgn0011642	FBpp0088275	585	0.6615	168	387	0.4384
FBgn0039929	FBpp0088285	279	0.7025	81	196	0.4536
FBgn0039930	FBpp0088286	168	0.1726	20	29	0.2996
FBgn0039932	FBpp0290550	770	0.7013	82	540	0.4436
FBgn0052016	FBpp0088293	1010	0.8535	146	862	0.5005
FBgn0023213	FBpp0111817	1919	0.7405	208	1421	0.4682
FBgn0039936	FBpp0290107	1574	0.7243	137	1140	0.4748
FBgn0039937	FBpp0088311	599	0.6344	65	380	0.4388
FBgn0039938	FBpp0100057	618	0.7492	102	463	0.4576
FBgn0039923	FBpp0088314	1483	0.7782	119	1154	0.4776
FBgn0024698	FBpp0089163	1455	0.3347	57	487	0.3629
FBgn0030538	FBpp0088324	261	0.7739	76	202	0.4868
FBgn0010473	FBpp0312489	1536	0.6504	197	999	0.4380
FBgn0003386	FBpp0288427	619	0.4120	54	255	0.3614
FBgn0051481	FBpp0088333	782	0.6957	129	544	0.4573
FBgn0004577	FBpp0088343	690	0.4478	28	309	0.3823
FBgn0010453	FBpp0088345	539	0.4954	63	267	0.4105
FBgn0010549	FBpp0291666	1374	0.3988	98	548	0.3638
FBgn0014342	FBpp0088355	589	0.5127	80	302	0.3961
FBgn0032721	FBpp0312552	684	0.3304	27	226	0.3705
FBgn0032720	FBpp0088360	178	0.4775	32	85	0.4054
FBgn0036290	FBpp0088362	317	0.3344	25	106	0.3653
FBgn0036362	FBpp0089010	269	0.3123	34	84	0.3584
FBgn0002565	FBpp0088363	701	0.2254	33	158	0.3479
FBgn0036255	FBpp0289288	111	0.3514	18	39	0.3903
FBgn0025885	FBpp0088368	565	0.4619	35	261	0.3888
FBgn0014018	FBpp0088971	971	0.5839	114	567	0.4284
FBgn0038282	FBpp0088403	602	0.6279	56	378	0.4207
FBgn0040796	FBpp0088999	87	0.1264	2	11	0.2895
FBgn0016047	FBpp0088405	1557	0.7046	128	1097	0.4483
FBgn0030151	FBpp0423137	427	0.4145	26	177	0.3755
FBgn0032851	FBpp0088927	205	0.6341	102	130	0.4384
FBgn0039817	FBpp0288640	521	0.2246	59	117	0.3018
FBgn0003141	FBpp0088417	168	0.6905	30	116	0.4270
FBgn0036039	FBpp0089006	276	0.2319	23	64	0.3519
FBgn0038535	FBpp0088433	874	0.8719	129	762	0.5294
FBgn0053503	FBpp0088436	521	0.5624	55	293	0.4133
FBgn0050489	FBpp0088437	521	0.5605	55	292	0.4116
FBgn0000109	FBpp0088438	182	0.2033	16	37	0.3016
FBgn0039757	FBpp0088970	194	0.5052	35	98	0.4110
FBgn0042173	FBpp0088442	330	0.5000	86	165	0.4202
FBgn0003892	FBpp0088443	1286	0.3865	155	497	0.3494
FBgn0005278	FBpp0088446	408	0.3382	27	138	0.3554
FBgn0052000	FBpp0112329	1451	0.4597	78	667	0.3693
FBgn0021760	FBpp0088469	1491	0.4990	86	744	0.4128
FBgn0036640	FBpp0088483	841	0.3769	42	317	0.3738
FBgn0067783	FBpp0088485	365	0.4575	30	167	0.3757
FBgn0035981	FBpp0088493	390	0.6872	92	268	0.4799
FBgn0001098	FBpp0088988	562	0.4235	65	238	0.3789
FBgn0002174	FBpp0088955	520	0.5538	55	288	0.4135
FBgn0017418	FBpp0088499	503	0.5427	53	273	0.4072
FBgn0002921	FBpp0088502	1041	0.3650	50	380	0.3450
FBgn0000083	FBpp0088985	324	0.3333	39	108	0.3651
FBgn0011672	FBpp0303079	639	0.2175	36	139	0.2857
FBgn0036414	FBpp0302810	834	0.3237	68	270	0.3450
FBgn0053489	FBpp0088510	497	0.6258	86	311	0.4275
FBgn0053490	FBpp0089011	530	0.7415	76	393	0.4593
FBgn0036544	FBpp0088511	861	0.6400	216	551	0.4404
FBgn0034274	FBpp0088514	345	0.3826	38	132	0.3742
FBgn0034275	FBpp0088515	595	0.1815	41	108	0.2866
FBgn0022740	FBpp0088516	242	0.7893	69	191	0.4749
FBgn0027572	FBpp0088517	669	0.2840	35	190	0.3565
FBgn0026309	FBpp0088518	700	0.4471	55	313	0.3887
FBgn0028744	FBpp0088519	784	0.6620	166	519	0.4519
FBgn0028743	FBpp0290365	274	0.7190	52	197	0.4347
FBgn0026316	FBpp0088522	154	0.7727	37	119	0.4673
FBgn0028740	FBpp0088524	624	0.8462	143	528	0.4881
FBgn0034279	FBpp0088525	649	0.4268	80	277	0.3689
FBgn0034278	FBpp0088526	134	0.7090	35	95	0.4484
FBgn0034277	FBpp0088527	634	0.3644	40	231	0.3528
FBgn0034276	FBpp0088528	894	0.3221	28	288	0.3613
FBgn0035917	FBpp0088529	430	0.7535	128	324	0.4706
FBgn0036101	FBpp0089001	245	0.4531	55	111	0.3723
FBgn0032388	FBpp0088537	970	0.8402	180	815	0.5370
FBgn0030887	FBpp0088539	949	0.5564	91	528	0.4248
FBgn0030892	FBpp0089022	404	0.6238	97	252	0.4409
FBgn0020429	FBpp0088541	913	0.3812	60	348	0.3620
FBgn0036790	FBpp0088997	483	0.3954	81	191	0.3589
FBgn0036689	FBpp0088545	581	0.3339	46	194	0.3596
FBgn0010424	FBpp0088546	155	0.4323	12	67	0.3908
FBgn0036911	FBpp0428238	358	0.4022	46	144	0.3700
FBgn0036900	FBpp0088554	690	0.7536	110	520	0.4857
FBgn0015721	FBpp0309666	469	0.6546	109	307	0.4433
FBgn0053493	FBpp0089000	102	0.5196	36	53	0.3758
FBgn0053494	FBpp0088966	86	0.6279	54	54	0.3871
FBgn0040227	FBpp0088565	560	0.6732	85	377	0.4361
FBgn0025790	FBpp0088567	531	0.6723	61	357	0.4581
FBgn0032699	FBpp0088571	784	0.4694	60	368	0.3977
FBgn0036302	FBpp0290110	780	0.7038	117	549	0.4693
FBgn0034289	FBpp0088573	623	0.8234	439	513	0.4973
FBgn0016034	FBpp0088574	462	0.5498	56	254	0.4074
FBgn0031883	FBpp0088583	594	0.5791	197	344	0.4667
FBgn0031835	FBpp0309854	940	0.4011	71	377	0.3782
FBgn0031115	FBpp0088585	513	0.5984	75	307	0.4376
FBgn0039313	FBpp0088587	439	0.3804	32	167	0.3672
FBgn0000286	FBpp0422630	537	0.6089	66	327	0.4570
FBgn0028425	FBpp0088598	500	0.1560	22	78	0.2746
FBgn0003380	FBpp0088599	655	0.5282	80	346	0.4070
FBgn0037153	FBpp0290707	760	0.4921	48	374	0.3901
FBgn0038448	FBpp0428222	493	0.1582	48	78	0.2549
FBgn0036681	FBpp0112090	259	0.4440	61	115	0.3875
FBgn0061197	FBpp0088611	832	0.8305	197	691	0.4963
FBgn0027780	FBpp0088615	1012	0.3034	30	307	0.3558
FBgn0028560	FBpp0088616	444	0.1644	21	73	0.2209
FBgn0003464	FBpp0088620	1594	0.5282	76	842	0.4176
FBgn0023023	FBpp0112945	594	0.3300	38	196	0.3544
FBgn0037222	FBpp0088629	392	0.4413	64	173	0.4030
FBgn0037836	FBpp0312494	2851	0.8629	452	2460	0.5242
FBgn0037986	FBpp0290937	473	0.5856	56	277	0.4244
FBgn0038440	FBpp0088637	362	0.1713	28	62	0.2710
FBgn0020371	FBpp0088641	176	0.2102	15	37	0.2983
FBgn0030657	FBpp0088643	230	0.6043	48	139	0.4337
FBgn0043070	FBpp0088646	485	0.4969	75	241	0.3996
FBgn0029941	FBpp0088653	1000	0.8260	214	826	0.5352
FBgn0036574	FBpp0088654	1162	0.7642	140	888	0.4776
FBgn0003118	FBpp0088658	718	0.6100	147	438	0.4464
FBgn0004595	FBpp0293146	1835	0.7488	156	1374	0.5030
FBgn0016038	FBpp0088667	200	0.6700	42	134	0.4528
FBgn0033566	FBpp0088669	297	0.7980	83	237	0.4662
FBgn0033285	FBpp0088673	159	0.8113	127	129	0.5410
FBgn0003189	FBpp0088675	2224	0.3498	38	778	0.3665
FBgn0032202	FBpp0088679	118	0.8983	67	106	0.5513
FBgn0002773	FBpp0088688	222	0.4144	32	92	0.4072
FBgn0037455	FBpp0088689	322	0.3634	52	117	0.3768
FBgn0031450	FBpp0088691	760	0.8145	148	619	0.4942
FBgn0050011	FBpp0088699	932	0.6298	115	587	0.4483
FBgn0050159	FBpp0088701	239	0.4184	24	100	0.3895
FBgn0061435	FBpp0423059	146	0.3288	24	48	0.3566
FBgn0050423	FBpp0312189	126	0.1190	15	15	0.2289
FBgn0038194	FBpp0088707	508	0.4311	29	219	0.3742
FBgn0051665	FBpp0088727	1157	0.6621	206	766	0.4376
FBgn0051720	FBpp0291183	718	0.3538	59	254	0.3480
FBgn0005666	FBpp0290554	8933	0.6962	461	6219	0.4453
FBgn0052206	FBpp0303609	1278	0.4937	63	631	0.3914
FBgn0052442	FBpp0088739	238	0.2059	22	49	0.2926
FBgn0052495	FBpp0290197	562	0.2794	34	157	0.3558
FBgn0052568	FBpp0290265	325	0.3200	24	104	0.3750
FBgn0052656	FBpp0309609	1552	0.3679	183	571	0.4091
FBgn0031518	FBpp0112952	789	0.5526	94	436	0.4105
FBgn0023531	FBpp0300642	1264	0.7634	240	965	0.4749
FBgn0053170	FBpp0088777	98	0.6224	31	61	0.4381
FBgn0053198	FBpp0088783	101	0.2772	14	28	0.2893
FBgn0035802	FBpp0088791	1904	0.6239	82	1188	0.4436
FBgn0032120	FBpp0088794	1517	0.4773	112	724	0.3766
FBgn0041723	FBpp0088796	1429	0.5731	91	819	0.4056
FBgn0053459	FBpp0088798	284	0.2148	33	61	0.3301
FBgn0053467	FBpp0309011	188	0.3883	23	73	0.3596
FBgn0052311	FBpp0304429	3664	0.7434	383	2724	0.4734
FBgn0003016	FBpp0290711	1566	0.8206	111	1285	0.4923
FBgn0035028	FBpp0088807	583	0.4717	50	275	0.3686
FBgn0015925	FBpp0088810	610	0.4377	41	267	0.3845
FBgn0013305	FBpp0088814	324	0.3395	79	110	0.3020
FBgn0021761	FBpp0088820	1365	0.4007	75	547	0.3769
FBgn0038474	FBpp0088833	200	0.4450	28	89	0.4025
FBgn0025456	FBpp0088835	211	0.4882	54	103	0.3920
FBgn0026379	FBpp0088839	514	0.6518	140	335	0.4519
FBgn0039207	FBpp0088845	1402	0.3388	59	475	0.3453
FBgn0032455	FBpp0290386	1094	0.8702	375	952	0.5456
FBgn0038886	FBpp0306935	526	0.2281	18	120	0.3204
FBgn0039215	FBpp0088855	961	0.8033	324	772	0.5641
FBgn0039714	FBpp0088863	355	0.2648	25	94	0.3048
FBgn0039711	FBpp0088866	352	0.4517	117	159	0.4360
FBgn0002567	FBpp0088870	686	0.7522	359	516	0.4963
FBgn0032001	FBpp0088874	158	0.1203	5	19	0.3428
FBgn0031548	FBpp0088876	663	0.4178	31	277	0.3729
FBgn0025682	FBpp0088881	329	0.5714	37	188	0.4153
FBgn0032907	FBpp0088883	388	0.6624	48	257	0.4276
FBgn0031813	FBpp0113095	724	0.3854	42	279	0.3770
FBgn0026620	FBpp0291772	1322	0.8079	185	1068	0.4811
FBgn0003721	FBpp0088904	711	0.8073	153	574	0.5186
FBgn0034405	FBpp0088908	463	0.2678	33	124	0.3525
FBgn0039915	FBpp0088910	636	0.2060	38	131	0.2737
FBgn0020445	FBpp0088917	1017	0.4376	52	445	0.3885
FBgn0004509	FBpp0307777	1478	0.6583	199	973	0.4521
FBgn0000117	FBpp0089034	843	0.3084	56	260	0.3642
FBgn0022361	FBpp0089038	275	0.7091	35	195	0.4345
FBgn0023175	FBpp0089041	253	0.2767	21	70	0.3521
FBgn0010329	FBpp0089042	670	0.4567	56	306	0.3987
FBgn0011754	FBpp0290715	560	0.5679	42	318	0.4114
FBgn0001991	FBpp0428119	2705	0.4340	97	1174	0.3744
FBgn0032456	FBpp0089056	1549	0.3189	53	494	0.3398
FBgn0067782	FBpp0089077	197	0.4061	38	80	0.3776
FBgn0034053	FBpp0113050	510	0.3059	47	156	0.3659
FBgn0034054	FBpp0086343	455	0.3802	36	173	0.3732
FBgn0050069	FBpp0086659	4012	0.9706	2521	3894	0.5880
FBgn0039114	FBpp0083846	431	0.5012	33	216	0.4110
FBgn0039116	FBpp0083849	254	0.9055	84	230	0.5375
FBgn0015513	FBpp0293271	2008	0.5125	256	1029	0.4095
FBgn0039120	FBpp0083851	1960	0.4867	176	954	0.4040
FBgn0039118	FBpp0083852	276	0.4058	42	112	0.3623
FBgn0039117	FBpp0083853	1197	0.4378	48	524	0.3868
FBgn0039115	FBpp0083854	211	0.4218	14	89	0.3668
FBgn0039113	FBpp0083856	619	0.4023	32	249	0.3725
FBgn0035477	FBpp0073020	773	0.7814	139	604	0.4802
FBgn0035478	FBpp0073021	155	0.1677	16	26	0.2990
FBgn0004880	FBpp0073022	653	0.6784	80	443	0.4717
FBgn0035482	FBpp0288415	241	0.4398	44	106	0.3931
FBgn0004895	FBpp0073048	365	0.6521	72	238	0.4385
FBgn0035483	FBpp0073049	338	0.3964	43	134	0.3702
FBgn0045479	FBpp0073050	456	0.3465	48	158	0.3289
FBgn0045478	FBpp0073051	406	0.1650	17	67	0.2905
FBgn0045477	FBpp0073052	419	0.1862	21	78	0.2915
FBgn0052255	FBpp0073057	469	0.3625	71	170	0.3469
FBgn0035484	FBpp0073140	548	0.2974	45	163	0.3486
FBgn0035481	FBpp0073023	619	0.7415	99	459	0.4781
FBgn0035480	FBpp0288663	115	0.5913	35	68	0.4079
FBgn0035479	FBpp0073027	163	0.4847	55	79	0.4011
FBgn0027552	FBpp0073028	316	0.5095	25	161	0.3963
FBgn0035476	FBpp0073029	320	0.3031	19	97	0.3575
FBgn0035475	FBpp0073030	224	0.1205	20	27	0.2762
FBgn0030545	FBpp0073716	198	0.6010	43	119	0.4284
FBgn0026713	FBpp0073717	1222	0.6007	331	734	0.4451
FBgn0030552	FBpp0073719	416	0.5361	89	223	0.4168
FBgn0030554	FBpp0073720	473	0.3763	42	178	0.3660
FBgn0260482	FBpp0073721	317	0.7319	60	232	0.4393
FBgn0030558	FBpp0073725	501	0.3533	67	177	0.3771
FBgn0002917	FBpp0311138	2233	0.3363	68	751	0.3364
FBgn0030562	FBpp0073737	308	0.5584	56	172	0.3937
FBgn0030559	FBpp0288818	154	0.4416	40	68	0.3769
FBgn0030556	FBpp0073739	649	0.5562	54	361	0.4187
FBgn0030555	FBpp0073740	669	0.3572	41	239	0.3688
FBgn0030551	FBpp0073743	344	0.3372	20	116	0.3603
FBgn0040153	FBpp0305619	338	0.6509	65	220	0.4479
FBgn0003053	FBpp0070648	1894	0.6822	163	1292	0.4657
FBgn0025739	FBpp0070649	670	0.8701	135	583	0.5106
FBgn0029718	FBpp0070650	180	0.7833	69	141	0.4540
FBgn0022942	FBpp0070651	800	0.3700	60	296	0.3799
FBgn0029720	FBpp0070656	342	0.4094	38	140	0.3804
FBgn0029719	FBpp0070657	714	0.6905	92	493	0.4547
FBgn0025615	FBpp0070658	340	0.3471	29	118	0.3598
FBgn0011277	FBpp0303590	191	0.4869	62	93	0.4181
FBgn0025612	FBpp0070660	252	0.8373	134	211	0.5061
FBgn0025613	FBpp0070661	583	0.5146	63	300	0.4032
FBgn0029717	FBpp0070665	231	0.6494	107	150	0.4519
FBgn0023395	FBpp0074766	892	0.5404	111	482	0.4193
FBgn0052214	FBpp0271919	116	0.0000	0	0	0.2097
FBgn0036872	FBpp0074699	131	0.0000	0	0	0.2167
FBgn0052213	FBpp0271917	129	0.0000	0	0	0.2181
FBgn0052212	FBpp0074701	111	0.0811	9	9	0.2457
FBgn0036879	FBpp0074702	198	0.3485	48	69	0.3298
FBgn0036878	FBpp0074745	204	0.5637	50	115	0.4087
FBgn0036877	FBpp0074746	422	0.5782	37	244	0.4074
FBgn0036876	FBpp0074747	410	0.5390	36	221	0.4004
FBgn0036875	FBpp0288483	404	0.6436	43	260	0.4180
FBgn0036874	FBpp0074750	728	0.3146	39	229	0.3218
FBgn0036873	FBpp0074752	141	0.0000	0	0	0.2058
FBgn0052208	FBpp0271914	129	0.0000	0	0	0.2122
FBgn0036871	FBpp0074754	122	0.0000	0	0	0.2252
FBgn0036870	FBpp0074755	162	0.0000	0	0	0.2109
FBgn0053062	FBpp0292017	124	0.3710	27	46	0.3631
FBgn0031126	FBpp0076968	520	0.3385	26	176	0.3610
FBgn0031127	FBpp0076969	152	0.8487	69	129	0.4759
FBgn0031128	FBpp0076986	302	0.9205	153	278	0.5193
FBgn0019929	FBpp0071322	397	0.4332	58	172	0.3797
FBgn0030157	FBpp0071323	206	0.7961	104	164	0.5115
FBgn0030158	FBpp0071324	162	0.4444	25	72	0.3674
FBgn0030159	FBpp0071325	173	0.6474	52	112	0.4551
FBgn0030160	FBpp0071327	121	0.5950	35	72	0.3885
FBgn0030162	FBpp0071330	404	0.3663	83	148	0.3770
FBgn0030161	FBpp0309784	187	0.6684	71	125	0.4551
FBgn0030156	FBpp0071332	355	0.8704	162	309	0.5544
FBgn0052695	FBpp0071333	79	0.4430	19	35	0.3447
FBgn0024807	FBpp0077065	410	0.6146	69	252	0.4368
FBgn0053502	FBpp0070054	283	0.4558	39	129	0.3936
FBgn0052819	FBpp0070049	601	0.6722	91	404	0.4474
FBgn0040028	FBpp0070056	601	0.6822	91	410	0.4484
FBgn0052820	FBpp0070052	601	0.6722	91	404	0.4474
FBgn0027588	FBpp0070057	924	0.3810	44	352	0.3745
FBgn0052230	FBpp0070039	83	0.5783	45	48	0.4380
FBgn0010215	FBpp0070037	917	0.5224	57	479	0.4054
FBgn0039530	FBpp0307232	1433	0.6113	134	876	0.4437
FBgn0039532	FBpp0084562	195	0.4103	33	80	0.3929
FBgn0027494	FBpp0084564	163	0.6074	28	99	0.4154
FBgn0039536	FBpp0303144	3332	0.5252	129	1750	0.4123
FBgn0039537	FBpp0084585	412	0.2379	10	98	0.3556
FBgn0039538	FBpp0084586	157	0.6433	27	101	0.4233
FBgn0046258	FBpp0084587	330	0.6000	49	198	0.4138
FBgn0045862	FBpp0303118	806	0.9007	350	726	0.5534
FBgn0039543	FBpp0084608	618	0.5065	43	313	0.3895
FBgn0051055	FBpp0084612	436	0.6353	55	277	0.4488
FBgn0003330	FBpp0084614	435	0.7287	91	317	0.4634
FBgn0002772	FBpp0084566	155	0.3548	44	55	0.3698
FBgn0039531	FBpp0084569	326	0.4632	50	151	0.3829
FBgn0039529	FBpp0084570	428	0.5187	94	222	0.3945
FBgn0260484	FBpp0070575	377	0.4536	67	171	0.4307
FBgn0021738	FBpp0070574	114	0.6053	28	69	0.4648
FBgn0029679	FBpp0070578	649	0.3806	58	247	0.3440
FBgn0031644	FBpp0077082	349	0.5702	37	199	0.4093
FBgn0031645	FBpp0077083	493	0.2089	33	103	0.2860
FBgn0003372	FBpp0077084	1286	0.9603	1212	1235	0.6915
FBgn0031650	FBpp0078629	378	0.5370	68	203	0.4079
FBgn0039331	FBpp0271773	523	0.4704	133	246	0.3789
FBgn0051437	FBpp0084209	265	0.6340	98	168	0.4462
FBgn0039332	FBpp0084220	471	0.3312	21	156	0.3547
FBgn0032859	FBpp0080890	301	0.5714	32	172	0.4182
FBgn0051687	FBpp0305184	351	0.2963	30	104	0.3543
FBgn0032863	FBpp0080894	678	0.4513	151	306	0.3889
FBgn0032864	FBpp0080895	475	0.2905	43	138	0.3420
FBgn0042175	FBpp0080896	421	0.4584	30	193	0.3793
FBgn0051683	FBpp0080897	421	0.4584	30	193	0.3789
FBgn0032860	FBpp0297862	117	0.4786	32	56	0.3537
FBgn0032858	FBpp0080899	459	0.6580	56	302	0.4678
FBgn0031688	FBpp0078697	501	0.4611	26	231	0.3760
FBgn0031692	FBpp0078699	149	0.3356	21	50	0.3630
FBgn0031690	FBpp0078725	509	0.3320	32	169	0.3495
FBgn0033538	FBpp0111976	792	0.4760	59	377	0.3852
FBgn0033540	FBpp0087307	794	0.3879	47	308	0.3734
FBgn0033541	FBpp0087308	237	0.8439	172	200	0.5105
FBgn0033539	FBpp0087353	731	0.5622	144	411	0.4163
FBgn0031195	FBpp0305863	603	0.6086	92	367	0.4221
FBgn0031197	FBpp0077053	220	0.8273	56	182	0.4809
FBgn0031196	FBpp0077055	530	0.5887	50	312	0.4193
FBgn0031194	FBpp0077056	651	0.5177	52	337	0.4135
FBgn0010316	FBpp0087553	245	0.7510	104	184	0.4846
FBgn0043530	FBpp0086551	117	0.3846	14	45	0.3419
FBgn0033633	FBpp0087232	660	0.3985	38	263	0.3881
FBgn0040503	FBpp0423086	232	0.5647	59	131	0.3995
FBgn0015872	FBpp0303808	278	0.0324	6	9	0.2090
FBgn0050026	FBpp0290144	228	0.7281	153	166	0.4950
FBgn0033015	FBpp0085418	497	0.6559	72	326	0.4454
FBgn0033019	FBpp0312507	281	0.9146	85	257	0.5209
FBgn0033020	FBpp0085425	176	0.5398	41	95	0.3819
FBgn0033021	FBpp0085427	662	0.6465	156	428	0.4476
FBgn0050441	FBpp0289150	131	0.6412	67	84	0.4370
FBgn0033017	FBpp0085430	301	0.4950	78	149	0.4088
FBgn0052133	FBpp0075526	2294	0.7720	500	1771	0.5327
FBgn0053196	FBpp0304622	22949	0.6060	3368	13908	0.4425
FBgn0040849	FBpp0307916	648	0.1960	22	127	0.3192
FBgn0033005	FBpp0085414	1034	0.4836	90	500	0.4038
FBgn0033010	FBpp0085417	741	0.7949	120	589	0.4921
FBgn0026238	FBpp0301580	279	0.4194	40	117	0.3747
FBgn0013348	FBpp0085438	154	0.1753	20	27	0.3437
FBgn0032949	FBpp0085251	318	0.5283	67	168	0.4102
FBgn0030715	FBpp0073938	418	0.2871	34	120	0.3219
FBgn0030717	FBpp0073939	421	0.3848	51	162	0.3644
FBgn0000611	FBpp0073942	376	0.7101	65	267	0.4467
FBgn0030720	FBpp0073943	817	0.6720	149	549	0.4667
FBgn0030721	FBpp0073944	580	0.5759	74	334	0.4239
FBgn0030723	FBpp0073986	519	0.6686	102	347	0.4330
FBgn0030725	FBpp0073987	621	0.5588	76	347	0.4156
FBgn0028397	FBpp0074033	564	0.6348	114	358	0.4420
FBgn0030724	FBpp0074036	273	0.6484	45	177	0.4271
FBgn0030722	FBpp0074037	254	0.6535	41	166	0.4396
FBgn0003969	FBpp0089148	954	0.4497	43	429	0.3815
FBgn0030719	FBpp0089137	464	0.5560	77	258	0.4217
FBgn0030718	FBpp0073950	221	0.3213	26	71	0.3544
FBgn0030716	FBpp0073952	1246	0.8042	134	1002	0.4776
FBgn0053236	FBpp0289362	172	0.3372	19	58	0.3782
FBgn0053237	FBpp0289363	172	0.3372	19	58	0.3781
FBgn0053238	FBpp0289364	172	0.3023	19	52	0.3728
FBgn0053239	FBpp0289365	172	0.3372	19	58	0.3789
FBgn0053240	FBpp0289366	172	0.3372	19	58	0.3782
FBgn0053241	FBpp0289367	172	0.3372	19	58	0.3789
FBgn0053242	FBpp0289368	171	0.4327	32	74	0.3889
FBgn0053243	FBpp0289369	172	0.3198	19	55	0.3774
FBgn0053244	FBpp0289370	172	0.3372	19	58	0.3782
FBgn0053245	FBpp0289371	172	0.3372	19	58	0.3782
FBgn0053246	FBpp0289372	172	0.3198	19	55	0.3727
FBgn0053247	FBpp0289373	172	0.3198	19	55	0.3737
FBgn0029174	FBpp0079468	439	0.6173	63	271	0.4196
FBgn0032153	FBpp0111944	97	0.6598	49	64	0.4584
FBgn0010520	FBpp0079470	200	0.4400	63	88	0.4079
FBgn0024285	FBpp0079471	513	0.7407	235	380	0.5468
FBgn0040064	FBpp0079472	398	0.2186	40	87	0.3272
FBgn0032160	FBpp0079473	281	0.4769	27	134	0.3866
FBgn0032161	FBpp0079474	280	0.3643	56	102	0.3628
FBgn0032162	FBpp0079475	287	0.2822	20	81	0.3477
FBgn0032166	FBpp0079479	570	0.4018	32	229	0.3780
FBgn0032167	FBpp0079489	689	0.3237	57	223	0.3421
FBgn0051712	FBpp0079491	290	0.9931	288	288	0.6509
FBgn0051876	FBpp0079492	146	0.1575	20	23	0.2993
FBgn0032163	FBpp0079493	566	0.5972	77	338	0.4241
FBgn0025700	FBpp0079495	190	0.4263	45	81	0.3689
FBgn0032156	FBpp0079497	510	0.5176	58	264	0.4098
FBgn0053300	FBpp0296937	1702	0.9642	1553	1641	0.7259
FBgn0004867	FBpp0079500	267	0.3933	40	105	0.3762
FBgn0032154	FBpp0079501	613	0.4763	29	292	0.3976
FBgn0031089	FBpp0070005	441	0.4263	21	188	0.3672
FBgn0031092	FBpp0070006	312	0.3333	42	104	0.3542
FBgn0031094	FBpp0070007	272	0.4191	57	114	0.3949
FBgn0031097	FBpp0077026	237	0.4810	44	114	0.3992
FBgn0022770	FBpp0077027	230	0.2609	16	60	0.3458
FBgn0015789	FBpp0077029	204	0.5784	43	118	0.3964
FBgn0031099	FBpp0290783	431	0.2645	42	114	0.3366
FBgn0031098	FBpp0077033	694	0.2219	35	154	0.3476
FBgn0003654	FBpp0088428	663	0.5732	72	380	0.4246
FBgn0053499	FBpp0423400	554	0.5162	44	286	0.4054
FBgn0052823	FBpp0312288	533	0.4916	44	262	0.4015
FBgn0053497	FBpp0089016	543	0.5101	44	277	0.4055
FBgn0067861	FBpp0088559	517	0.5919	44	306	0.4270
FBgn0000084	FBpp0291143	321	0.3458	22	111	0.3622
FBgn0031093	FBpp0070025	545	0.4477	36	244	0.3897
FBgn0031091	FBpp0070026	520	0.5423	153	282	0.4197
FBgn0031090	FBpp0070027	201	0.5323	36	107	0.4001
FBgn0030759	FBpp0074057	232	0.1034	16	24	0.2573
FBgn0061200	FBpp0309144	1929	0.7475	148	1442	0.4674
FBgn0025743	FBpp0074060	639	0.6135	122	392	0.4344
FBgn0030764	FBpp0074062	413	0.8668	143	358	0.5044
FBgn0030763	FBpp0074063	226	0.8230	170	186	0.4956
FBgn0030761	FBpp0303435	519	0.5511	78	286	0.4147
FBgn0015615	FBpp0074065	1200	0.7292	174	875	0.4810
FBgn0011826	FBpp0074069	570	0.4982	45	284	0.4034
FBgn0011742	FBpp0302793	399	0.2707	35	108	0.3523
FBgn0030757	FBpp0074071	1137	0.5532	92	629	0.4188
FBgn0030756	FBpp0074072	454	0.1167	16	53	0.2643
FBgn0034478	FBpp0085641	114	0.5614	23	64	0.4297
FBgn0040775	FBpp0087640	61	0.5574	34	34	0.4290
FBgn0031201	FBpp0077035	709	0.4443	52	315	0.3547
FBgn0041150	FBpp0077087	846	0.3570	51	302	0.3174
FBgn0034548	FBpp0085552	436	0.8073	172	352	0.4960
FBgn0033404	FBpp0087587	378	0.1878	25	71	0.3023
FBgn0033403	FBpp0087641	875	0.6446	73	564	0.4436
FBgn0033250	FBpp0293292	498	0.3715	33	185	0.3656
FBgn0034072	FBpp0297348	1262	0.6704	126	846	0.4413
FBgn0033155	FBpp0088092	1430	0.5895	128	843	0.4333
FBgn0025360	FBpp0302920	492	0.6016	164	296	0.4271
FBgn0033154	FBpp0088093	681	0.8223	141	560	0.4861
FBgn0031646	FBpp0077094	255	0.7176	133	183	0.4742
FBgn0015000	FBpp0078630	395	0.2987	24	118	0.3447
FBgn0031655	FBpp0078631	755	0.5258	112	397	0.4216
FBgn0031657	FBpp0078633	333	0.3514	49	117	0.3707
FBgn0031662	FBpp0078636	252	0.0913	19	23	0.2673
FBgn0033911	FBpp0086703	549	0.2605	42	143	0.2949
FBgn0034071	FBpp0086352	960	0.3844	61	369	0.3611
FBgn0034479	FBpp0085642	502	0.2530	40	127	0.2894
FBgn0031651	FBpp0078694	247	0.7328	76	181	0.4760
FBgn0031654	FBpp0078691	276	0.1268	24	35	0.3177
FBgn0031653	FBpp0078692	258	0.1473	11	38	0.3021
FBgn0031652	FBpp0078693	319	0.2476	25	79	0.3304
FBgn0015834	FBpp0078689	326	0.4294	31	140	0.3887
FBgn0031661	FBpp0078685	395	0.4608	36	182	0.4075
FBgn0031663	FBpp0078684	191	0.4031	30	77	0.3854
FBgn0031664	FBpp0078681	496	0.6270	127	311	0.4293
FBgn0031659	FBpp0078634	600	0.4650	25	279	0.3939
FBgn0037028	FBpp0077929	759	0.5863	103	445	0.4238
FBgn0031660	FBpp0078635	302	0.6987	33	211	0.4384
FBgn0061515	FBpp0099872	119	0.9412	73	112	0.5181
FBgn0052580	FBpp0073985	16223	0.9644	2325	15646	0.5766
FBgn0051961	FBpp0077173	355	0.5859	65	208	0.4353
FBgn0053505	FBpp0090943	484	0.4897	67	237	0.4101
FBgn0053506	FBpp0090944	320	0.3187	35	102	0.3496
FBgn0053508	FBpp0081034	460	0.4565	37	210	0.3812
FBgn0053509	FBpp0090945	389	0.3676	30	143	0.3610
FBgn0053510	FBpp0289589	426	0.3991	26	170	0.3822
FBgn0053511	FBpp0312336	415	0.4482	52	186	0.3981
FBgn0053512	FBpp0289718	323	0.4675	46	151	0.3869
FBgn0053513	FBpp0070276	1083	0.3934	57	426	0.3644
FBgn0053514	FBpp0073145	311	0.5048	45	157	0.4018
FBgn0053516	FBpp0289895	522	0.4291	31	224	0.3843
FBgn0053519	FBpp0112375	4218	0.5979	246	2522	0.4207
FBgn0053523	FBpp0303152	654	0.4862	49	318	0.3751
FBgn0053527	FBpp0293592	72	0.2639	13	19	0.3142
FBgn0053530	FBpp0100040	124	0.0484	6	6	0.3059
FBgn0053531	FBpp0311099	1054	0.4203	64	443	0.3772
FBgn0053532	FBpp0099709	186	0.4785	18	89	0.3787
FBgn0053533	FBpp0099538	150	0.4600	27	69	0.3652
FBgn0053542	FBpp0112376	401	0.7406	105	297	0.4732
FBgn0053543	FBpp0301209	468	0.4615	39	216	0.3941
FBgn0053526	FBpp0077687	1135	0.7040	176	799	0.4813
FBgn0053547	FBpp0293553	2798	0.6119	174	1712	0.4439
FBgn0032789	FBpp0080783	316	0.6361	60	201	0.4235
FBgn0002183	FBpp0072743	1122	0.6275	200	704	0.4511
FBgn0030018	FBpp0292850	1155	0.6597	185	762	0.4632
FBgn0010263	FBpp0303246	684	0.6316	97	432	0.4495
FBgn0052484	FBpp0072854	661	0.4614	55	305	0.3850
FBgn0004648	FBpp0089126	1439	0.4288	60	617	0.3814
FBgn0020493	FBpp0428153	665	0.5880	84	391	0.4371
FBgn0029723	FBpp0070682	545	0.4826	110	263	0.3671
FBgn0001301	FBpp0080596	1477	0.4990	125	737	0.4141
FBgn0035331	FBpp0303220	556	0.3903	54	217	0.3506
FBgn0031689	FBpp0078698	502	0.4303	24	216	0.3737
FBgn0053548	FBpp0070406	462	0.3810	36	176	0.3870
FBgn0053552	FBpp0090973	157	0.6561	67	103	0.4306
FBgn0040726	FBpp0099910	367	0.3896	48	143	0.3549
FBgn0038643	FBpp0099682	94	0.2553	9	24	0.2826
FBgn0053554	FBpp0292385	3790	0.3546	49	1344	0.3687
FBgn0029518	FBpp0305205	204	0.0490	10	10	0.2614
FBgn0053556	FBpp0112380	1717	0.7228	302	1241	0.4872
FBgn0053557	FBpp0090974	150	0.7667	66	115	0.4788
FBgn0000575	FBpp0072477	199	0.5930	78	118	0.4542
FBgn0038087	FBpp0291562	300	0.4100	43	123	0.3537
FBgn0010317	FBpp0072987	386	0.5155	49	199	0.3944
FBgn0003231	FBpp0080794	599	0.7346	130	440	0.4825
FBgn0000625	FBpp0075711	670	0.5851	156	392	0.4322
FBgn0003984	FBpp0076790	623	0.7705	147	480	0.5070
FBgn0010894	FBpp0076842	247	0.2348	32	58	0.2945
FBgn0003429	FBpp0303318	1217	0.3344	38	407	0.3490
FBgn0004587	FBpp0300515	355	0.8028	159	285	0.5725
FBgn0004882	FBpp0083776	915	0.5541	95	507	0.4241
FBgn0003015	FBpp0081435	606	0.6733	149	408	0.4428
FBgn0005561	FBpp0088366	844	0.6825	121	576	0.4569
FBgn0033170	FBpp0099484	186	0.4355	37	81	0.3648
FBgn0039927	FBpp0088259	910	0.4099	33	373	0.3683
FBgn0027339	FBpp0303109	938	0.6588	110	618	0.4537
FBgn0034990	FBpp0099523	396	0.3990	42	158	0.3721
FBgn0015770	FBpp0081104	965	0.4207	37	406	0.3762
FBgn0041164	FBpp0100102	1188	0.4663	57	554	0.3935
FBgn0037313	FBpp0078431	227	0.4714	64	107	0.3713
FBgn0041707	FBpp0100150	276	0.2790	25	77	0.3488
FBgn0002774	FBpp0085367	1293	0.4331	54	560	0.3859
FBgn0002873	FBpp0300646	2567	0.8064	311	2070	0.4709
FBgn0004102	FBpp0423136	664	0.6099	104	405	0.4477
FBgn0033807	FBpp0086879	276	0.1268	15	35	0.2431
FBgn0003124	FBpp0074608	576	0.5278	45	304	0.3991
FBgn0000303	FBpp0088397	721	0.4521	50	326	0.3946
FBgn0002440	FBpp0076770	653	0.4686	47	306	0.3964
FBgn0041242	FBpp0292248	361	0.1579	20	57	0.2965
FBgn0004606	FBpp0303607	1206	0.7852	136	947	0.4857
FBgn0033195	FBpp0088025	276	0.8986	118	248	0.5242
FBgn0003720	FBpp0085071	452	0.3894	45	176	0.3834
FBgn0028572	FBpp0078651	721	0.7947	105	573	0.4811
FBgn0038651	FBpp0271890	2455	0.3348	64	822	0.3678
FBgn0004607	FBpp0088139	3005	0.7438	141	2235	0.4682
FBgn0005558	FBpp0099810	898	0.5891	79	529	0.4325
FBgn0037317	FBpp0099852	337	0.5490	41	185	0.4083
FBgn0003950	FBpp0099828	1386	0.7229	196	1002	0.4578
FBgn0023416	FBpp0085252	1167	0.3316	53	387	0.3369
FBgn0000259	FBpp0089135	235	0.4596	29	108	0.4066
FBgn0003741	FBpp0075123	197	0.9442	141	186	0.6437
FBgn0040097	FBpp0079415	223	0.5919	47	132	0.4086
FBgn0028841	FBpp0099678	297	0.3838	25	114	0.3716
FBgn0000241	FBpp0072026	675	0.3052	50	206	0.3298
FBgn0004907	FBpp0087502	248	0.5605	45	139	0.4295
FBgn0039914	FBpp0088172	701	0.6990	143	490	0.4595
FBgn0019828	FBpp0088683	248	0.8145	135	202	0.5288
FBgn0004369	FBpp0292247	1397	0.5304	62	741	0.4044
FBgn0010114	FBpp0087688	958	0.6608	155	633	0.4548
FBgn0000427	FBpp0071097	1590	0.8050	418	1280	0.5115
FBgn0040107	FBpp0077663	269	0.4572	43	123	0.3917
FBgn0029676	FBpp0070573	377	0.4536	67	171	0.4307
FBgn0050048	FBpp0428421	1334	0.4228	50	564	0.3792
FBgn0026059	FBpp0082685	2194	0.6285	140	1379	0.4376
FBgn0005427	FBpp0300529	843	0.6014	85	507	0.4319
FBgn0051266	FBpp0289337	282	0.1738	28	49	0.3228
FBgn0051439	FBpp0084219	881	0.8638	685	761	0.6248
FBgn0000053	FBpp0079059	1353	0.2151	41	291	0.3289
FBgn0000567	FBpp0074967	883	0.7123	122	629	0.4630
FBgn0052333	FBpp0304247	1499	0.5577	127	836	0.4291
FBgn0041605	FBpp0307585	157	0.6369	96	100	0.4970
FBgn0052576	FBpp0100008	140	0.1000	5	14	0.1899
FBgn0052602	FBpp0423273	3321	0.9883	3278	3282	0.6180
FBgn0053111	FBpp0099717	515	0.8000	132	412	0.4909
FBgn0039396	FBpp0428160	521	0.3071	59	160	0.3383
FBgn0053558	FBpp0291734	2028	0.8161	294	1655	0.4994
FBgn0001148	FBpp0072349	427	0.6464	65	276	0.4374
FBgn0014141	FBpp0428261	2577	0.4622	78	1191	0.3992
FBgn0010382	FBpp0294012	712	0.5632	98	401	0.4196
FBgn0004575	FBpp0099901	1041	0.6657	177	693	0.4525
FBgn0000042	FBpp0070788	376	0.3271	25	123	0.3607
FBgn0034976	FBpp0072192	1669	0.6860	212	1145	0.4638
FBgn0034982	FBpp0072187	784	0.4196	59	329	0.3742
FBgn0020385	FBpp0081741	968	0.2603	27	252	0.3395
FBgn0037822	FBpp0081744	356	0.3596	47	128	0.3675
FBgn0038295	FBpp0110261	1097	0.4813	92	528	0.3931
FBgn0004227	FBpp0074012	742	0.7776	166	577	0.5047
FBgn0015546	FBpp0080203	917	0.3588	33	329	0.3679
FBgn0016917	FBpp0306651	818	0.4560	78	373	0.3932
FBgn0032117	FBpp0079411	444	0.5946	40	264	0.4100
FBgn0014135	FBpp0083206	770	0.8039	196	619	0.5166
FBgn0033809	FBpp0305355	582	0.2096	39	122	0.2809
FBgn0033810	FBpp0086877	163	0.6810	46	111	0.4291
FBgn0035964	FBpp0099973	235	0.2255	21	53	0.3205
FBgn0039348	FBpp0084267	652	0.4816	41	314	0.3915
FBgn0039349	FBpp0084265	509	0.2495	57	127	0.3527
FBgn0002789	FBpp0311634	189	0.4497	24	85	0.3906
FBgn0037719	FBpp0099982	399	0.7995	160	319	0.4802
FBgn0027375	FBpp0075458	1058	0.6919	367	732	0.4645
FBgn0005677	FBpp0080433	1081	0.5745	95	621	0.4267
FBgn0035956	FBpp0076274	469	0.5416	97	254	0.4236
FBgn0038950	FBpp0083630	299	0.4247	51	127	0.3923
FBgn0011225	FBpp0290582	1268	0.5371	132	681	0.4183
FBgn0003701	FBpp0086004	1379	0.4866	63	671	0.4028
FBgn0038872	FBpp0303402	1264	0.7967	159	1007	0.4948
FBgn0036180	FBpp0271813	659	0.8376	154	552	0.4891
FBgn0004924	FBpp0073822	974	0.8029	184	782	0.5153
FBgn0004903	FBpp0099744	471	0.6985	135	329	0.4732
FBgn0001168	FBpp0076296	337	0.7448	82	251	0.4703
FBgn0032369	FBpp0079851	1058	0.4849	98	513	0.4064
FBgn0003145	FBpp0079882	613	0.6574	95	403	0.4398
FBgn0000008	FBpp0071678	1329	0.7494	180	996	0.4785
FBgn0000261	FBpp0074825	506	0.5059	44	256	0.3963
FBgn0004169	FBpp0073682	397	0.9496	196	377	0.6100
FBgn0023076	FBpp0099478	1027	0.7147	123	734	0.4922
FBgn0001208	FBpp0076523	452	0.4425	54	200	0.3842
FBgn0036165	FBpp0099774	299	0.5753	35	172	0.4052
FBgn0020496	FBpp0306582	481	0.2370	29	114	0.3329
FBgn0027841	FBpp0083075	419	0.6874	89	288	0.4509
FBgn0039713	FBpp0099686	208	0.7837	62	163	0.4755
FBgn0039738	FBpp0084967	608	0.5115	120	311	0.4008
FBgn0015269	FBpp0084326	2802	0.3869	56	1084	0.3749
FBgn0037746	FBpp0291085	576	0.8229	127	474	0.4710
FBgn0037747	FBpp0100038	178	0.4101	21	73	0.3820
FBgn0003862	FBpp0082409	3726	0.6970	120	2597	0.4529
FBgn0010226	FBpp0305731	250	0.4040	20	101	0.3723
FBgn0000577	FBpp0087197	552	0.8080	212	446	0.4840
FBgn0000028	FBpp0073832	396	0.5657	51	224	0.4191
FBgn0022710	FBpp0304773	1703	0.4674	105	796	0.3847
FBgn0012034	FBpp0078067	670	0.3821	68	256	0.3693
FBgn0027866	FBpp0078595	1260	0.7643	364	963	0.5184
FBgn0038201	FBpp0099477	430	0.2093	52	90	0.3123
FBgn0045500	FBpp0099546	386	0.1813	25	70	0.2775
FBgn0000721	FBpp0088922	1088	0.5570	109	606	0.4226
FBgn0034420	FBpp0288751	955	0.5665	86	541	0.4138
FBgn0003218	FBpp0304106	1297	0.4695	64	609	0.4009
FBgn0024836	FBpp0303451	3648	0.5356	288	1954	0.4098
FBgn0031016	FBpp0074476	931	0.6208	70	578	0.4268
FBgn0034416	FBpp0288843	389	0.6607	63	257	0.4259
FBgn0025936	FBpp0088153	1096	0.4872	52	534	0.3891
FBgn0000578	FBpp0113115	980	0.8122	171	796	0.4962
FBgn0031649	FBpp0077085	846	0.3440	64	291	0.3182
FBgn0032668	FBpp0080591	293	0.1638	11	48	0.3337
FBgn0041210	FBpp0305523	1269	0.5256	78	667	0.4094
FBgn0001269	FBpp0087174	576	0.6806	72	392	0.4555
FBgn0027608	FBpp0290128	368	0.4049	42	149	0.3619
FBgn0039900	FBpp0088205	416	0.6058	50	252	0.4084
FBgn0031474	FBpp0077311	562	0.2900	43	163	0.3126
FBgn0025726	FBpp0300963	3186	0.6689	155	2131	0.4435
FBgn0051721	FBpp0293057	740	0.3284	44	243	0.3647
FBgn0051992	FBpp0088166	1384	0.7168	123	992	0.4540
FBgn0028341	FBpp0099554	827	0.4595	58	380	0.3946
FBgn0032974	FBpp0304046	770	0.5234	108	403	0.4065
FBgn0029870	FBpp0310030	814	0.6032	76	491	0.4133
FBgn0035001	FBpp0072273	1703	0.7639	218	1301	0.4806
FBgn0032666	FBpp0080589	625	0.4688	40	293	0.3984
FBgn0026533	FBpp0099856	669	0.8102	172	542	0.5239
FBgn0036534	FBpp0293514	792	0.6187	79	490	0.4787
FBgn0036144	FBpp0075919	479	0.5157	82	247	0.4205
FBgn0033265	FBpp0100132	634	0.7161	198	454	0.4818
FBgn0038139	FBpp0082241	599	0.3790	92	227	0.3516
FBgn0027529	FBpp0085592	1222	0.5352	107	654	0.4164
FBgn0031802	FBpp0078911	573	0.4485	52	257	0.3779
FBgn0037234	FBpp0307586	736	0.6997	110	515	0.4580
FBgn0030641	FBpp0073849	205	0.1317	14	27	0.3303
FBgn0029736	FBpp0290220	819	0.2540	24	208	0.3433
FBgn0030662	FBpp0073880	832	0.4135	35	344	0.3807
FBgn0035978	FBpp0099884	520	0.4365	36	227	0.3839
FBgn0031530	FBpp0099799	633	0.4107	52	260	0.3749
FBgn0037100	FBpp0078034	477	0.3208	56	153	0.3197
FBgn0032957	FBpp0085272	1111	0.7651	101	850	0.4667
FBgn0034417	FBpp0085778	670	0.3985	62	267	0.3840
FBgn0031294	FBpp0290630	1319	0.6270	184	827	0.4358
FBgn0000542	FBpp0111714	1765	0.6612	147	1167	0.4585
FBgn0050372	FBpp0099488	1155	0.6052	97	699	0.4246
FBgn0030844	FBpp0111911	591	0.5144	105	304	0.4016
FBgn0031536	FBpp0077262	905	0.4939	56	447	0.4076
FBgn0039675	FBpp0084814	550	0.4455	31	245	0.3792
FBgn0039676	FBpp0084832	587	0.4020	46	236	0.3594
FBgn0020279	FBpp0303481	1417	0.7036	107	997	0.4610
FBgn0015777	FBpp0079009	323	0.5480	47	177	0.4001
FBgn0052547	FBpp0288441	1008	0.4454	82	449	0.3835
FBgn0029105	FBpp0303286	810	0.4630	64	375	0.3939
FBgn0038570	FBpp0100079	190	0.2474	8	47	0.3461
FBgn0038571	FBpp0099676	130	0.6385	37	83	0.4218
FBgn0039308	FBpp0100074	417	0.4460	49	186	0.3835
FBgn0039309	FBpp0422605	420	0.4095	26	172	0.3754
FBgn0036170	FBpp0075887	383	0.4752	47	182	0.4086
FBgn0031039	FBpp0074506	387	0.2842	21	110	0.3473
FBgn0031038	FBpp0074505	441	0.3016	27	133	0.3529
FBgn0053155	FBpp0099875	60	0.0000	0	0	0.2420
FBgn0050481	FBpp0099679	155	0.6194	23	96	0.4221
FBgn0013576	FBpp0297633	1344	0.6585	161	885	0.4405
FBgn0043002	FBpp0099657	128	0.5625	42	72	0.4341
FBgn0002887	FBpp0099906	1236	0.7120	186	880	0.4630
FBgn0053095	FBpp0084149	538	0.9015	137	485	0.5044
FBgn0053626	FBpp0288447	167	0.2874	21	48	0.3507
FBgn0053627	FBpp0090977	183	0.3279	14	60	0.3509
FBgn0053267	FBpp0296929	94	0.7553	71	71	0.5314
FBgn0053630	FBpp0090979	212	0.1509	9	32	0.3318
FBgn0053631	FBpp0090980	195	0.2974	11	58	0.3558
FBgn0032538	FBpp0080135	270	0.4037	34	109	0.3504
FBgn0053639	FBpp0074360	455	0.2176	19	99	0.2986
FBgn0029948	FBpp0071013	177	0.4972	45	88	0.3846
FBgn0053640	FBpp0304782	178	0.4045	26	72	0.3673
FBgn0053641	FBpp0090984	181	0.3536	17	64	0.3559
FBgn0053642	FBpp0090985	187	0.5080	23	95	0.3879
FBgn0053643	FBpp0090986	178	0.4494	30	80	0.3639
FBgn0053644	FBpp0090987	158	0.4937	37	78	0.4074
FBgn0053645	FBpp0423070	189	0.5185	42	98	0.3927
FBgn0035253	FBpp0292226	1655	0.8598	508	1423	0.5841
FBgn0053647	FBpp0090989	190	0.4579	34	87	0.3765
FBgn0053648	FBpp0310281	178	0.3202	26	57	0.3452
FBgn0064115	FBpp0088773	148	0.6892	50	102	0.4410
FBgn0004407	FBpp0099758	361	0.4515	54	163	0.3957
FBgn0053653	FBpp0298334	1534	0.4681	83	718	0.4043
FBgn0035068	FBpp0072283	172	0.3023	43	52	0.3494
FBgn0032364	FBpp0079826	690	0.8246	122	569	0.4727
FBgn0032365	FBpp0099880	129	0.5194	27	67	0.3912
FBgn0053654	FBpp0090991	168	0.3214	12	54	0.3470
FBgn0034618	FBpp0071526	1629	0.3923	42	639	0.3768
FBgn0037555	FBpp0099776	555	0.6577	92	365	0.4436
FBgn0000153	FBpp0080119	575	0.4435	41	255	0.3848
FBgn0015609	FBpp0099721	3101	0.5285	82	1639	0.4055
FBgn0001223	FBpp0100010	174	0.6954	38	121	0.4615
FBgn0001228	FBpp0100114	111	0.7477	35	83	0.4443
FBgn0053664	FBpp0291609	160	0.6937	51	111	0.4508
FBgn0053665	FBpp0291606	160	0.6875	51	110	0.4529
FBgn0053666	FBpp0291607	160	0.6937	51	111	0.4460
FBgn0053667	FBpp0291608	160	0.6937	51	111	0.4509
FBgn0053668	FBpp0291610	160	0.6937	51	111	0.4508
FBgn0053669	FBpp0291611	160	0.6875	50	110	0.4434
FBgn0033380	FBpp0087649	453	0.7483	103	339	0.4833
FBgn0061359	FBpp0086997	390	0.2795	30	109	0.3436
FBgn0061360	FBpp0086996	86	0.7442	38	64	0.4718
FBgn0053673	FBpp0300171	235	0.0894	21	21	0.1794
FBgn0040608	FBpp0099860	93	0.9785	65	91	0.5583
FBgn0039452	FBpp0100004	103	0.2330	18	24	0.3206
FBgn0067622	FBpp0091000	205	0.4829	25	99	0.4000
FBgn0032240	FBpp0099642	154	0.5260	50	81	0.4490
FBgn0029859	FBpp0070887	297	0.6599	69	196	0.4456
FBgn0029860	FBpp0099724	149	0.6644	27	99	0.4324
FBgn0029504	FBpp0071036	1268	0.6293	72	798	0.4457
FBgn0041775	FBpp0304887	657	0.7732	123	508	0.5008
FBgn0003507	FBpp0082669	1264	0.6701	179	847	0.4662
FBgn0053680	FBpp0091002	278	0.2878	12	80	0.3505
FBgn0002524	FBpp0080297	597	0.4003	92	239	0.3746
FBgn0037716	FBpp0081550	874	0.7986	255	698	0.5106
FBgn0002632	FBpp0084333	70	0.6143	39	43	0.4392
FBgn0002522	FBpp0081194	629	0.6804	115	428	0.4723
FBgn0039157	FBpp0099956	1288	0.5458	91	703	0.4153
FBgn0011676	FBpp0079777	1349	0.5248	76	708	0.4166
FBgn0034324	FBpp0085939	182	0.4890	37	89	0.3796
FBgn0034325	FBpp0298013	185	0.2000	22	37	0.3399
FBgn0053483	FBpp0292484	229	0.2445	10	56	0.3512
FBgn0037913	FBpp0099728	157	0.8025	38	126	0.4452
FBgn0037912	FBpp0099888	317	0.2713	18	86	0.3226
FBgn0032888	FBpp0080981	198	0.4697	41	93	0.3741
FBgn0051221	FBpp0303063	254	0.2205	11	56	0.3384
FBgn0031403	FBpp0111928	116	0.4310	25	50	0.3785
FBgn0026239	FBpp0088709	1788	0.7746	179	1385	0.4773
FBgn0051016	FBpp0290184	536	0.4310	49	231	0.3840
FBgn0053687	FBpp0311814	169	0.4320	21	73	0.3860
FBgn0053688	FBpp0091005	175	0.1371	16	24	0.3048
FBgn0053689	FBpp0312384	178	0.1236	7	22	0.3272
FBgn0053690	FBpp0428225	176	0.2784	24	49	0.3546
FBgn0052423	FBpp0301014	590	0.5678	71	335	0.4320
FBgn0033884	FBpp0308975	374	0.6390	127	239	0.4476
FBgn0040233	FBpp0079795	1931	0.8488	207	1639	0.4923
FBgn0052831	FBpp0079798	305	0.5180	34	158	0.4138
FBgn0053696	FBpp0076119	480	0.4604	102	221	0.3776
FBgn0052843	FBpp0303580	604	0.3377	82	204	0.3447
FBgn0016919	FBpp0309502	857	0.5228	68	448	0.4153
FBgn0036783	FBpp0074895	184	0.4457	21	82	0.3792
FBgn0001624	FBpp0290503	1030	0.6078	79	626	0.4455
FBgn0053700	FBpp0290291	175	0.2114	13	37	0.3253
FBgn0053702	FBpp0091013	179	0.1453	14	26	0.3144
FBgn0053703	FBpp0091014	181	0.4088	22	74	0.3584
FBgn0053704	FBpp0091015	63	0.8730	47	55	0.4605
FBgn0260455	FBpp0072018	111	0.6937	37	77	0.4819
FBgn0067903	FBpp0100134	71	0.5775	37	41	0.3536
FBgn0039378	FBpp0289406	395	0.4810	53	190	0.3866
FBgn0053710	FBpp0091016	162	0.3395	26	55	0.3456
FBgn0064116	FBpp0076922	243	0.5761	99	140	0.4110
FBgn0064117	FBpp0076925	90	0.3222	26	29	0.3647
FBgn0260458	FBpp0113069	327	0.2661	27	87	0.3438
FBgn0044419	FBpp0289218	182	0.4121	24	75	0.3536
FBgn0046874	FBpp0099707	1041	0.6772	144	705	0.4603
FBgn0042182	FBpp0099996	491	0.4053	40	199	0.3769
FBgn0064126	FBpp0081295	478	0.6172	73	295	0.4319
FBgn0260439	FBpp0308836	650	0.2031	36	132	0.3346
FBgn0053723	FBpp0091019	180	0.4556	42	82	0.3624
FBgn0053725	FBpp0091021	181	0.0663	5	12	0.2965
FBgn0014163	FBpp0075170	418	0.5024	62	210	0.4400
FBgn0040076	FBpp0100064	164	0.2988	11	49	0.3481
FBgn0051469	FBpp0082309	164	0.3110	19	51	0.3533
FBgn0040077	FBpp0099893	155	0.2903	15	45	0.3495
FBgn0034906	FBpp0309936	176	0.2955	13	52	0.3436
FBgn0037550	FBpp0081305	272	0.6949	31	189	0.4509
FBgn0036713	FBpp0075003	211	0.7156	61	151	0.4455
FBgn0014857	FBpp0078649	136	0.6618	68	90	0.4460
FBgn0052269	FBpp0100145	332	0.5422	87	180	0.4191
FBgn0052270	FBpp0099838	259	0.3629	41	94	0.3564
FBgn0034518	FBpp0099932	267	0.2734	24	73	0.3441
FBgn0034519	FBpp0100144	105	0.6476	24	68	0.4157
FBgn0053752	FBpp0091022	185	0.1892	16	35	0.3294
FBgn0053137	FBpp0302635	193	0.2176	23	42	0.3619
FBgn0051438	FBpp0083489	203	0.3892	17	79	0.3618
FBgn0003742	FBpp0088946	264	0.8561	106	226	0.5623
FBgn0036789	FBpp0312429	593	0.3777	58	224	0.3531
FBgn0035486	FBpp0310846	417	0.2158	24	90	0.2898
FBgn0045476	FBpp0099916	460	0.2804	24	129	0.3273
FBgn0038880	FBpp0083497	758	0.4261	109	323	0.3591
FBgn0029890	FBpp0070916	503	0.4195	36	211	0.3780
FBgn0029891	FBpp0070918	721	0.4424	54	319	0.3872
FBgn0029888	FBpp0070950	175	0.5029	37	88	0.3889
FBgn0005672	FBpp0080811	234	0.5000	56	117	0.3819
FBgn0028377	FBpp0075306	39	0.1282	3	5	0.2287
FBgn0001099	FBpp0075305	194	0.6753	36	131	0.4206
FBgn0053757	FBpp0091023	178	0.4270	14	76	0.3749
FBgn0053758	FBpp0091024	178	0.3483	18	62	0.3559
FBgn0053764	FBpp0091027	180	0.1333	10	24	0.3270
FBgn0053766	FBpp0091028	178	0.2528	10	45	0.3340
FBgn0053767	FBpp0091029	188	0.1968	23	37	0.3184
FBgn0053768	FBpp0423071	175	0.3257	21	57	0.3349
FBgn0053769	FBpp0091031	179	0.2849	16	51	0.3384
FBgn0053770	FBpp0288564	185	0.3243	19	60	0.3562
FBgn0053771	FBpp0292730	178	0.3764	17	67	0.3576
FBgn0051324	FBpp0084358	264	0.8750	111	231	0.4801
FBgn0053774	FBpp0091036	40	0.2000	8	8	0.2317
FBgn0035497	FBpp0073127	454	0.7907	187	359	0.5129
FBgn0050056	FBpp0086936	137	0.6058	40	83	0.4285
FBgn0053777	FBpp0091038	172	0.2907	21	50	0.3524
FBgn0053783	FBpp0091042	164	0.1402	4	23	0.3340
FBgn0053784	FBpp0091043	183	0.1202	6	22	0.3313
FBgn0061362	FBpp0085563	108	0.6667	36	72	0.4154
FBgn0061361	FBpp0085562	248	0.3468	29	86	0.3673
FBgn0039582	FBpp0312615	383	0.1488	21	57	0.2813
FBgn0050462	FBpp0100158	456	0.0921	13	42	0.2463
FBgn0050461	FBpp0310830	225	0.5778	55	130	0.4199
FBgn0035197	FBpp0099861	517	0.6248	95	323	0.4392
FBgn0035198	FBpp0100107	332	0.7500	71	249	0.4587
FBgn0025643	FBpp0290280	891	0.7183	201	640	0.4642
FBgn0020912	FBpp0303127	610	0.5721	136	349	0.4346
FBgn0063923	FBpp0099600	115	0.5565	46	64	0.4016
FBgn0035239	FBpp0099551	495	0.7192	113	356	0.4926
FBgn0035240	FBpp0072636	1282	0.5585	116	716	0.4273
FBgn0053792	FBpp0304545	225	0.2267	23	51	0.3343
FBgn0033693	FBpp0099493	141	0.7447	31	105	0.4535
FBgn0053795	FBpp0312385	178	0.3989	38	71	0.3681
FBgn0053796	FBpp0091046	179	0.3296	27	59	0.3440
FBgn0039621	FBpp0084710	179	0.2626	17	47	0.3469
FBgn0053463	FBpp0428277	180	0.3000	13	54	0.3570
FBgn0051072	FBpp0306425	918	0.5403	62	496	0.4083
FBgn0032077	FBpp0079391	209	0.2297	12	48	0.3366
FBgn0032076	FBpp0099918	469	0.2623	25	123	0.3486
FBgn0033652	FBpp0087137	748	0.7701	151	576	0.4939
FBgn0001235	FBpp0081732	487	0.5277	57	257	0.3989
FBgn0000056	FBpp0099544	272	0.2610	23	71	0.3252
FBgn0053096	FBpp0423183	349	0.4212	51	147	0.3832
FBgn0034283	FBpp0085997	199	0.5829	27	116	0.4165
FBgn0053801	FBpp0091050	256	0.7383	98	189	0.4769
FBgn0053803	FBpp0091051	136	0.6912	68	94	0.4450
FBgn0051617	FBpp0085248	256	0.7656	98	196	0.4796
FBgn0051618	FBpp0085249	124	0.5242	29	65	0.3810
FBgn0051613	FBpp0085250	136	0.6912	68	94	0.4450
FBgn0053804	FBpp0091052	256	0.7656	98	196	0.4796
FBgn0053806	FBpp0091053	136	0.6912	68	94	0.4450
FBgn0053807	FBpp0091054	256	0.7656	98	196	0.4795
FBgn0053808	FBpp0091055	124	0.5242	29	65	0.3810
FBgn0053809	FBpp0091056	136	0.6912	68	94	0.4450
FBgn0053810	FBpp0091057	256	0.7656	98	196	0.4796
FBgn0053812	FBpp0091058	136	0.6912	68	94	0.4450
FBgn0053813	FBpp0091059	256	0.7656	98	196	0.4796
FBgn0053814	FBpp0091060	124	0.5242	29	65	0.3810
FBgn0053815	FBpp0091061	136	0.6912	68	94	0.4450
FBgn0053816	FBpp0091062	256	0.7656	98	196	0.4796
FBgn0053817	FBpp0091063	124	0.5242	29	65	0.3810
FBgn0053818	FBpp0091064	136	0.6912	68	94	0.4450
FBgn0053819	FBpp0091065	256	0.7656	98	196	0.4796
FBgn0053820	FBpp0091066	124	0.5242	29	65	0.3810
FBgn0053821	FBpp0091067	136	0.6912	68	94	0.4450
FBgn0053822	FBpp0091068	256	0.7656	98	196	0.4796
FBgn0053823	FBpp0091069	124	0.5242	29	65	0.3810
FBgn0053824	FBpp0091070	136	0.6912	68	94	0.4450
FBgn0053825	FBpp0091071	256	0.7656	98	196	0.4796
FBgn0053826	FBpp0091072	124	0.5242	29	65	0.3810
FBgn0053827	FBpp0091073	136	0.6912	68	94	0.4450
FBgn0053828	FBpp0091074	256	0.7656	98	196	0.4796
FBgn0053829	FBpp0091075	124	0.5242	29	65	0.3810
FBgn0053830	FBpp0091076	136	0.6912	68	94	0.4450
FBgn0053831	FBpp0091077	256	0.7656	98	196	0.4796
FBgn0053832	FBpp0091078	124	0.5242	29	65	0.3810
FBgn0053833	FBpp0091079	136	0.6912	68	94	0.4450
FBgn0053834	FBpp0091080	256	0.7695	98	197	0.4819
FBgn0053835	FBpp0091081	124	0.5242	29	65	0.3810
FBgn0053836	FBpp0091082	136	0.6912	68	94	0.4450
FBgn0053837	FBpp0091083	256	0.7656	98	196	0.4796
FBgn0053838	FBpp0091084	124	0.5242	29	65	0.3810
FBgn0053839	FBpp0091085	136	0.6912	68	94	0.4450
FBgn0053840	FBpp0091086	256	0.7656	98	196	0.4796
FBgn0053841	FBpp0091087	124	0.5242	29	65	0.3810
FBgn0053842	FBpp0091088	136	0.6912	68	94	0.4450
FBgn0053843	FBpp0091089	256	0.7656	98	196	0.4796
FBgn0053844	FBpp0091090	124	0.5242	29	65	0.3810
FBgn0053845	FBpp0091091	136	0.6912	68	94	0.4450
FBgn0053846	FBpp0091092	256	0.7656	98	196	0.4796
FBgn0053847	FBpp0091093	124	0.5242	29	65	0.3810
FBgn0053848	FBpp0091094	136	0.6912	68	94	0.4450
FBgn0053849	FBpp0091095	256	0.7656	98	196	0.4796
FBgn0053850	FBpp0091096	124	0.5242	29	65	0.3810
FBgn0053851	FBpp0091097	136	0.6912	68	94	0.4450
FBgn0053852	FBpp0091098	256	0.7656	98	196	0.4796
FBgn0053853	FBpp0091099	124	0.5081	23	63	0.3761
FBgn0053854	FBpp0091100	136	0.6912	68	94	0.4450
FBgn0053855	FBpp0091101	256	0.7656	98	196	0.4795
FBgn0053856	FBpp0091102	124	0.5081	23	63	0.3761
FBgn0053857	FBpp0091103	136	0.6912	68	94	0.4450
FBgn0053858	FBpp0091104	256	0.7656	98	196	0.4795
FBgn0053859	FBpp0091105	124	0.5081	23	63	0.3761
FBgn0053860	FBpp0091106	136	0.6912	68	94	0.4450
FBgn0053861	FBpp0091107	256	0.7656	98	196	0.4795
FBgn0053862	FBpp0091108	124	0.5242	29	65	0.3810
FBgn0053863	FBpp0091109	136	0.6912	68	94	0.4450
FBgn0053864	FBpp0091110	256	0.7656	98	196	0.4796
FBgn0053865	FBpp0091111	124	0.5242	29	65	0.3810
FBgn0053866	FBpp0091112	136	0.6912	68	94	0.4450
FBgn0053868	FBpp0091113	123	0.6179	41	76	0.4701
FBgn0053869	FBpp0091114	103	0.4660	21	48	0.3872
FBgn0053870	FBpp0091115	123	0.6179	41	76	0.4701
FBgn0053871	FBpp0091116	103	0.4854	21	50	0.3884
FBgn0053872	FBpp0091117	123	0.6179	41	76	0.4701
FBgn0053873	FBpp0091118	103	0.4854	21	50	0.3884
FBgn0053874	FBpp0091119	123	0.6179	41	76	0.4701
FBgn0053875	FBpp0091120	103	0.4854	21	50	0.3884
FBgn0053876	FBpp0091121	123	0.6179	41	76	0.4701
FBgn0053877	FBpp0091122	103	0.4660	21	48	0.3872
FBgn0053878	FBpp0091123	123	0.6179	41	76	0.4701
FBgn0053879	FBpp0091124	103	0.4660	21	48	0.3872
FBgn0053880	FBpp0091125	123	0.6179	41	76	0.4701
FBgn0053881	FBpp0091126	103	0.4660	21	48	0.3872
FBgn0053882	FBpp0091127	123	0.6179	41	76	0.4701
FBgn0053883	FBpp0091128	103	0.4854	21	50	0.3884
FBgn0053884	FBpp0091129	123	0.6179	41	76	0.4701
FBgn0053885	FBpp0091130	103	0.4854	21	50	0.3884
FBgn0053886	FBpp0091131	123	0.6179	41	76	0.4701
FBgn0053887	FBpp0091132	103	0.4854	21	50	0.3884
FBgn0053888	FBpp0091133	123	0.6179	41	76	0.4701
FBgn0053889	FBpp0091134	103	0.4854	21	50	0.3884
FBgn0053890	FBpp0091135	123	0.6179	41	76	0.4701
FBgn0053891	FBpp0091136	103	0.4854	21	50	0.3884
FBgn0053892	FBpp0091137	123	0.6179	41	76	0.4701
FBgn0053893	FBpp0091138	103	0.4854	21	50	0.3884
FBgn0053894	FBpp0091139	123	0.6179	41	76	0.4701
FBgn0053895	FBpp0091140	103	0.4854	21	50	0.3884
FBgn0053896	FBpp0091141	123	0.6179	41	76	0.4701
FBgn0053897	FBpp0091142	103	0.4854	21	50	0.3884
FBgn0053898	FBpp0091143	123	0.6179	41	76	0.4701
FBgn0053899	FBpp0091144	103	0.4854	21	50	0.3884
FBgn0053900	FBpp0091145	123	0.6179	41	76	0.4701
FBgn0053901	FBpp0091146	103	0.4854	21	50	0.3884
FBgn0053902	FBpp0091147	123	0.6179	41	76	0.4701
FBgn0053903	FBpp0091148	103	0.4854	21	50	0.3884
FBgn0053904	FBpp0091149	123	0.6179	41	76	0.4701
FBgn0053905	FBpp0091150	103	0.4854	21	50	0.3884
FBgn0053906	FBpp0091151	123	0.6179	41	76	0.4701
FBgn0053907	FBpp0091152	103	0.4854	21	50	0.3884
FBgn0053908	FBpp0091153	123	0.6179	41	76	0.4701
FBgn0051611	FBpp0085280	103	0.4854	21	50	0.3884
FBgn0061209	FBpp0085281	123	0.6179	41	76	0.4701
FBgn0053909	FBpp0091154	103	0.4854	21	50	0.3884
FBgn0053910	FBpp0091155	123	0.6179	41	76	0.4701
FBgn0028991	FBpp0099939	882	0.7245	77	639	0.4719
FBgn0053912	FBpp0091157	165	0.1333	6	22	0.3160
FBgn0053914	FBpp0298044	189	0.3598	21	68	0.3505
FBgn0025455	FBpp0074968	1097	0.7356	317	807	0.4927
FBgn0038683	FBpp0083163	459	0.6296	62	289	0.4354
FBgn0038682	FBpp0083165	237	0.4599	38	109	0.3797
FBgn0033628	FBpp0293440	541	0.8595	104	465	0.4841
FBgn0033739	FBpp0111987	816	0.6042	90	493	0.4253
FBgn0034081	FBpp0311708	203	0.2611	15	53	0.3566
FBgn0029175	FBpp0099953	717	0.3919	44	281	0.3712
FBgn0027358	FBpp0074536	117	0.5128	42	60	0.4472
FBgn0031041	FBpp0099685	292	0.3253	32	95	0.3477
FBgn0003435	FBpp0300947	552	0.5163	61	285	0.4206
FBgn0024251	FBpp0100055	769	0.7529	117	579	0.4830
FBgn0024182	FBpp0099977	696	0.3103	34	216	0.3599
FBgn0031455	FBpp0077417	134	0.7015	34	94	0.4473
FBgn0031454	FBpp0099795	224	0.3571	29	80	0.3732
FBgn0053476	FBpp0087410	165	0.1333	13	22	0.3330
FBgn0053919	FBpp0091159	191	0.2618	13	50	0.3355
FBgn0038032	FBpp0082074	502	0.2928	30	147	0.3329
FBgn0038033	FBpp0099966	501	0.3054	41	153	0.3401
FBgn0053920	FBpp0091160	180	0.2944	9	53	0.3465
FBgn0051224	FBpp0083106	1784	0.7152	108	1276	0.4653
FBgn0011640	FBpp0076553	352	0.7642	112	269	0.4588
FBgn0053922	FBpp0091161	178	0.2079	11	37	0.3386
FBgn0053923	FBpp0310392	178	0.1910	22	34	0.3321
FBgn0053926	FBpp0091164	205	0.3122	13	64	0.3693
FBgn0053927	FBpp0091165	182	0.1923	15	35	0.3283
FBgn0053928	FBpp0091166	180	0.3611	14	65	0.3492
FBgn0067311	FBpp0100172	197	0.3503	21	69	0.3542
FBgn0024293	FBpp0099762	393	0.3944	30	155	0.3639
FBgn0038888	FBpp0083488	200	0.2150	17	43	0.3271
FBgn0033564	FBpp0308555	899	0.3215	39	289	0.3683
FBgn0061356	FBpp0099609	366	0.2077	22	76	0.3227
FBgn0066304	FBpp0099986	167	0.6347	61	106	0.4477
FBgn0066303	FBpp0088337	148	0.0338	5	5	0.2466
FBgn0260466	FBpp0099666	562	0.1495	23	84	0.2656
FBgn0064119	FBpp0290914	556	0.1295	26	72	0.2592
FBgn0002709	FBpp0100099	1186	0.7175	380	851	0.4912
FBgn0028581	FBpp0292856	279	0.3513	25	98	0.3783
FBgn0047095	FBpp0312528	26	0.5000	12	13	0.3691
FBgn0047334	FBpp0110067	77	0.6753	40	52	0.4306
FBgn0047000	FBpp0312529	40	0.2500	6	10	0.2970
FBgn0083068	FBpp0312530	32	0.0000	0	0	0.1359
FBgn0029153	FBpp0100058	600	0.3517	39	211	0.3646
FBgn0029154	FBpp0291083	610	0.3639	56	222	0.3591
FBgn0004507	FBpp0077501	844	0.4704	58	397	0.3847
FBgn0053632	FBpp0110156	180	0.2111	10	38	0.3353
FBgn0053721	FBpp0110157	181	0.5138	26	93	0.3838
FBgn0040606	FBpp0084397	62	0.5323	33	33	0.3288
FBgn0066084	FBpp0099610	25	1.0000	25	25	0.7084
FBgn0083167	FBpp0071384	48	0.1667	5	8	0.3346
FBgn0031414	FBpp0311004	2176	0.4903	193	1067	0.4068
FBgn0034903	FBpp0288559	1102	0.6062	153	668	0.4639
FBgn0001297	FBpp0288515	755	0.7126	98	538	0.4769
FBgn0032763	FBpp0080774	513	0.6355	66	326	0.4372
FBgn0024963	FBpp0310353	463	0.3844	35	178	0.3588
FBgn0036210	FBpp0075763	255	0.6157	49	157	0.4386
FBgn0032536	FBpp0099733	844	0.5450	132	460	0.4123
FBgn0020880	FBpp0290374	696	0.5460	100	380	0.4166
FBgn0032812	FBpp0303688	473	0.4841	42	229	0.4034
FBgn0001149	FBpp0082077	209	0.3828	35	80	0.3695
FBgn0035766	FBpp0076592	1052	0.6911	126	727	0.4821
FBgn0034314	FBpp0085929	435	0.6414	76	279	0.4392
FBgn0034317	FBpp0312614	190	0.4053	31	77	0.3683
FBgn0053958	FBpp0099611	710	0.5000	74	355	0.3966
FBgn0034315	FBpp0085950	464	0.3362	39	156	0.3640
FBgn0052803	FBpp0304833	242	0.2975	51	72	0.2968
FBgn0031191	FBpp0077044	666	0.8183	105	545	0.4844
FBgn0038131	FBpp0082245	319	0.4859	30	155	0.3868
FBgn0031930	FBpp0079138	429	0.4406	65	189	0.3716
FBgn0038714	FBpp0083221	245	0.2571	21	63	0.3388
FBgn0017579	FBpp0076359	166	0.7892	119	131	0.4574
FBgn0031220	FBpp0077814	677	0.2408	42	163	0.3133
FBgn0025388	FBpp0289978	1322	0.8949	229	1183	0.5424
FBgn0025387	FBpp0307043	987	0.9078	170	896	0.5328
FBgn0000152	FBpp0074146	646	0.3127	38	202	0.3284
FBgn0003900	FBpp0071864	490	0.6857	70	336	0.4719
FBgn0036685	FBpp0075053	532	0.7895	224	420	0.4842
FBgn0030778	FBpp0289310	527	0.2789	36	147	0.3588
FBgn0013799	FBpp0074651	576	0.6250	52	360	0.4351
FBgn0032515	FBpp0080076	465	0.5656	66	263	0.4127
FBgn0052202	FBpp0074818	141	0.9433	99	133	0.5410
FBgn0050280	FBpp0423061	288	0.3924	28	113	0.3696
FBgn0033712	FBpp0422631	341	0.6774	59	231	0.4466
FBgn0027094	FBpp0089366	966	0.4141	39	400	0.3804
FBgn0039648	FBpp0084758	168	0.6250	32	105	0.4113
FBgn0035426	FBpp0072954	253	0.2569	18	65	0.3215
FBgn0032551	FBpp0080250	349	0.3639	50	127	0.3698
FBgn0031322	FBpp0297899	350	0.5600	74	196	0.4185
FBgn0000277	FBpp0084978	63	0.2540	16	16	0.2905
FBgn0035945	FBpp0076242	620	0.3323	44	206	0.3669
FBgn0031575	FBpp0077193	806	0.6365	97	513	0.4501
FBgn0034165	FBpp0086194	163	0.3742	28	61	0.3474
FBgn0002631	FBpp0084352	178	0.5674	49	101	0.4387
FBgn0034009	FBpp0086523	1098	0.6111	112	671	0.4273
FBgn0031995	FBpp0307178	1098	0.3989	33	438	0.3744
FBgn0036603	FBpp0292125	118	0.0000	0	0	0.2832
FBgn0036607	FBpp0075130	155	0.0452	4	7	0.2484
FBgn0036609	FBpp0075188	124	0.8226	56	102	0.4759
FBgn0004047	FBpp0073652	420	0.5214	59	219	0.3965
FBgn0034415	FBpp0085780	193	0.2332	16	45	0.3267
FBgn0067317	FBpp0312613	133	0.5414	30	72	0.4132
FBgn0014464	FBpp0113070	343	0.6356	84	218	0.4404
FBgn0025632	FBpp0309107	541	0.3974	97	215	0.3643
FBgn0011837	FBpp0073516	436	0.7683	75	335	0.4888
FBgn0036916	FBpp0074687	326	0.4877	60	159	0.4071
FBgn0011272	FBpp0079484	218	0.8165	89	178	0.4742
FBgn0053964	FBpp0099380	494	0.4575	61	226	0.3874
FBgn0033453	FBpp0311270	343	0.3178	29	109	0.3451
FBgn0010406	FBpp0076469	325	0.4800	47	156	0.3938
FBgn0036493	FBpp0099766	1063	0.4365	101	464	0.3481
FBgn0003028	FBpp0070706	1351	0.7017	167	948	0.4834
FBgn0020372	FBpp0303450	292	0.2808	50	82	0.3131
FBgn0032896	FBpp0080978	246	0.4837	23	119	0.3796
FBgn0053965	FBpp0099381	317	0.4196	37	133	0.3745
FBgn0053966	FBpp0099382	310	0.5097	51	158	0.4003
FBgn0031726	FBpp0309923	500	0.4120	31	206	0.3753
FBgn0004828	FBpp0071280	136	0.6618	68	90	0.4460
FBgn0053517	FBpp0309863	905	0.3425	53	310	0.3518
FBgn0035021	FBpp0072251	553	0.7450	119	412	0.4802
FBgn0000094	FBpp0084976	57	0.0702	4	4	0.2160
FBgn0035083	FBpp0072317	167	0.3832	40	64	0.3939
FBgn0037137	FBpp0305034	773	0.8926	323	690	0.5142
FBgn0010241	FBpp0086666	1313	0.2932	54	385	0.3374
FBgn0002283	FBpp0298337	222	0.6396	48	142	0.4317
FBgn0000355	FBpp0076299	115	0.2174	21	25	0.3230
FBgn0039020	FBpp0083715	323	0.4118	29	133	0.3771
FBgn0038405	FBpp0310843	371	0.8571	108	318	0.5101
FBgn0030863	FBpp0074250	209	0.4928	38	103	0.4153
FBgn0003687	FBpp0071596	353	0.4646	55	164	0.4034
FBgn0051007	FBpp0085109	176	0.7955	73	140	0.4695
FBgn0032157	FBpp0079496	844	0.5308	87	448	0.4055
FBgn0043841	FBpp0079971	431	0.6682	113	288	0.4639
FBgn0034820	FBpp0071876	190	0.5632	45	107	0.3993
FBgn0010265	FBpp0079328	151	0.5762	37	87	0.4124
FBgn0022893	FBpp0099688	183	0.8033	74	147	0.4633
FBgn0037385	FBpp0078289	196	0.4490	43	88	0.4042
FBgn0052857	FBpp0070051	283	0.4558	39	129	0.3936
FBgn0032391	FBpp0079870	462	0.5541	105	256	0.4206
FBgn0045759	FBpp0076609	676	0.5991	131	405	0.4275
FBgn0036374	FBpp0075554	1873	0.7544	136	1413	0.4863
FBgn0034566	FBpp0309629	740	0.4797	50	355	0.3974
FBgn0031285	FBpp0077677	319	0.4953	31	158	0.3782
FBgn0004050	FBpp0303588	605	0.6926	79	419	0.4434
FBgn0004644	FBpp0099945	471	0.4544	46	214	0.3858
FBgn0031765	FBpp0309830	546	0.2179	34	119	0.3275
FBgn0030522	FBpp0428079	224	0.3080	23	69	0.3186
FBgn0038647	FBpp0083088	71	0.6620	47	47	0.3987
FBgn0028540	FBpp0310255	308	0.4545	41	140	0.3871
FBgn0000459	FBpp0074028	568	0.6408	127	364	0.4585
FBgn0038980	FBpp0083653	508	0.3051	31	155	0.3168
FBgn0000529	FBpp0088920	429	0.7086	92	304	0.4634
FBgn0010607	FBpp0078687	271	0.7196	118	195	0.4865
FBgn0003943	FBpp0073034	763	0.6697	37	511	0.4322
FBgn0050072	FBpp0312132	185	0.3892	34	72	0.3889
FBgn0052072	FBpp0075961	262	0.1450	18	38	0.2868
FBgn0052056	FBpp0076030	416	0.4255	45	177	0.3784
FBgn0035258	FBpp0072684	172	0.0756	7	13	0.2808
FBgn0040719	FBpp0077540	115	0.3391	19	39	0.3225
FBgn0015773	FBpp0073759	726	0.6625	65	481	0.4309
FBgn0003002	FBpp0428127	688	0.5509	117	379	0.4355
FBgn0039369	FBpp0084295	283	0.2155	29	61	0.3206
FBgn0037326	FBpp0078328	306	0.4052	22	124	0.3705
FBgn0004087	FBpp0082746	182	0.5000	52	91	0.4043
FBgn0033631	FBpp0308571	243	0.3045	19	74	0.3543
FBgn0000370	FBpp0081040	381	0.6273	102	239	0.4593
FBgn0026433	FBpp0073891	1092	0.4478	79	489	0.3878
FBgn0053969	FBpp0099839	410	0.2805	38	115	0.3572
FBgn0039366	FBpp0084298	299	0.2241	30	67	0.2981
FBgn0004363	FBpp0079771	282	0.5035	26	142	0.3915
FBgn0036680	FBpp0112089	597	0.5159	66	308	0.4070
FBgn0039370	FBpp0084294	302	0.1424	15	43	0.2893
FBgn0013263	FBpp0305260	623	0.6549	119	408	0.4608
FBgn0036306	FBpp0099759	306	0.5327	47	163	0.4069
FBgn0260479	FBpp0079125	403	0.2134	29	86	0.2888
FBgn0038547	FBpp0082952	587	0.7547	74	443	0.4701
FBgn0024941	FBpp0074124	647	0.6893	58	446	0.4315
FBgn0053970	FBpp0099384	777	0.2420	24	188	0.3183
FBgn0014396	FBpp0401565	1421	0.5433	160	772	0.4128
FBgn0013765	FBpp0301625	1378	0.7547	169	1040	0.4701
FBgn0031270	FBpp0077731	133	0.8346	47	111	0.5406
FBgn0016977	FBpp0077781	5560	0.7881	398	4382	0.5045
FBgn0016930	FBpp0307879	757	0.5680	107	430	0.4298
FBgn0031971	FBpp0079154	118	0.8814	82	104	0.5023
FBgn0031619	FBpp0077068	314	0.3694	50	116	0.3648
FBgn0010488	FBpp0306828	1488	0.7460	194	1110	0.4749
FBgn0033781	FBpp0086901	132	0.2576	23	34	0.3627
FBgn0011205	FBpp0077845	512	0.4629	60	237	0.3933
FBgn0053971	FBpp0099386	606	0.3416	40	207	0.3442
FBgn0020381	FBpp0113052	494	0.3381	34	167	0.3575
FBgn0035209	FBpp0072571	138	0.7101	68	98	0.4513
FBgn0037525	FBpp0112115	882	0.8651	145	763	0.5311
FBgn0031623	FBpp0077111	138	0.5145	53	71	0.4277
FBgn0053309	FBpp0080236	572	0.6678	69	382	0.4429
FBgn0000406	FBpp0080486	436	0.3096	35	135	0.3317
FBgn0004052	FBpp0075304	90	1.0000	90	90	0.5485
FBgn0039544	FBpp0099868	991	0.6963	276	690	0.4865
FBgn0014869	FBpp0084753	255	0.4863	57	124	0.4040
FBgn0013720	FBpp0070245	256	0.2930	41	75	0.3088
FBgn0003638	FBpp0070171	963	0.7082	142	682	0.4963
FBgn0000276	FBpp0084977	63	0.2540	16	16	0.2905
FBgn0041624	FBpp0076713	406	0.2340	22	95	0.2982
FBgn0041623	FBpp0076714	410	0.1634	20	67	0.2912
FBgn0010438	FBpp0082729	146	0.7123	37	104	0.4253
FBgn0021764	FBpp0309170	2265	0.5413	121	1226	0.4151
FBgn0040099	FBpp0300410	265	0.4642	82	123	0.3971
FBgn0004618	FBpp0303075	679	0.5228	112	355	0.4110
FBgn0029854	FBpp0088809	117	0.3248	17	38	0.3372
FBgn0000278	FBpp0085002	63	0.2222	14	14	0.2960
FBgn0038002	FBpp0082090	283	0.3039	27	86	0.3622
FBgn0051274	FBpp0082812	280	0.5786	57	162	0.4293
FBgn0038427	FBpp0082766	1067	0.4855	126	518	0.4000
FBgn0035976	FBpp0088492	520	0.5192	59	270	0.4176
FBgn0039454	FBpp0084415	186	0.2957	17	55	0.3439
FBgn0027514	FBpp0304484	543	0.6832	68	371	0.4576
FBgn0038063	FBpp0303153	630	0.3937	43	248	0.3586
FBgn0053977	FBpp0099388	94	0.2766	26	26	0.2982
FBgn0053978	FBpp0302584	2289	0.7615	252	1743	0.4761
FBgn0000551	FBpp0078062	122	0.4918	32	60	0.3803
FBgn0032130	FBpp0079432	435	0.7149	76	311	0.4715
FBgn0035879	FBpp0112066	1194	0.6273	117	749	0.4238
FBgn0035880	FBpp0076397	965	0.5834	124	563	0.4136
FBgn0038717	FBpp0271725	533	0.2777	31	148	0.3106
FBgn0001091	FBpp0087977	332	0.1476	13	49	0.3262
FBgn0031261	FBpp0077724	441	0.3061	39	135	0.3409
FBgn0040795	FBpp0075187	94	0.4787	26	45	0.3563
FBgn0031859	FBpp0301562	207	0.3478	24	72	0.3648
FBgn0001125	FBpp0077537	431	0.2715	20	117	0.3626
FBgn0024983	FBpp0070085	441	0.3537	25	156	0.3507
FBgn0000640	FBpp0079408	256	0.1680	14	43	0.3204
FBgn0037764	FBpp0081631	265	0.2415	18	64	0.2901
FBgn0050087	FBpp0100028	277	0.2202	28	61	0.3521
FBgn0053460	FBpp0100103	275	0.3018	16	83	0.3496
FBgn0053461	FBpp0291690	287	0.2753	34	79	0.3440
FBgn0053462	FBpp0086420	300	0.5100	46	153	0.3806
FBgn0025741	FBpp0088287	1945	0.4838	55	941	0.3965
FBgn0000044	FBpp0071448	376	0.3351	25	126	0.3565
FBgn0031504	FBpp0077345	200	0.3950	60	79	0.3573
FBgn0034495	FBpp0085589	425	0.5600	82	238	0.4112
FBgn0039925	FBpp0088260	649	0.6302	75	409	0.4324
FBgn0033104	FBpp0085530	118	0.6949	34	82	0.4728
FBgn0026086	FBpp0428082	681	0.4728	84	322	0.4003
FBgn0036203	FBpp0075850	1514	0.8494	1058	1286	0.6087
FBgn0028741	FBpp0088952	1809	0.6429	126	1163	0.4449
FBgn0010339	FBpp0087084	368	0.3125	36	115	0.3602
FBgn0053983	FBpp0099395	269	0.3866	35	104	0.3887
FBgn0053985	FBpp0099397	277	0.4368	34	121	0.3861
FBgn0053986	FBpp0293993	277	0.3935	33	109	0.3719
FBgn0003300	FBpp0076971	510	0.5137	67	262	0.4107
FBgn0037635	FBpp0301107	207	0.5749	69	119	0.4035
FBgn0040508	FBpp0079994	1130	0.2761	57	312	0.3317
FBgn0028979	FBpp0088404	1024	0.6846	110	701	0.4685
FBgn0053988	FBpp0100042	1241	0.6156	115	764	0.4549
FBgn0052176	FBpp0074980	581	0.8933	241	519	0.5637
FBgn0053082	FBpp0070169	183	0.6175	65	113	0.4875
FBgn0032023	FBpp0079224	187	0.3690	36	69	0.3743
FBgn0052088	FBpp0305002	952	0.3739	67	356	0.3709
FBgn0026575	FBpp0288508	2223	0.6217	112	1382	0.4377
FBgn0067905	FBpp0099553	46	0.2609	12	12	0.2642
FBgn0037812	FBpp0081712	199	0.6834	116	136	0.4666
FBgn0036793	FBpp0310868	473	0.4799	54	227	0.3942
FBgn0036799	FBpp0100006	169	0.6923	68	117	0.4511
FBgn0025637	FBpp0070124	162	0.6049	41	98	0.4377
FBgn0000552	FBpp0081186	188	0.3245	42	61	0.3524
FBgn0032151	FBpp0079502	523	0.2428	30	127	0.3293
FBgn0038575	FBpp0083037	450	0.5356	72	241	0.4198
FBgn0043791	FBpp0081538	546	0.3132	46	171	0.3572
FBgn0000055	FBpp0100045	256	0.1055	5	27	0.3282
FBgn0034978	FBpp0072161	447	0.8166	92	365	0.4819
FBgn0039229	FBpp0084078	928	0.8545	302	793	0.5204
FBgn0032259	FBpp0100020	228	0.5132	38	117	0.4204
FBgn0032815	FBpp0080857	812	0.7007	87	569	0.4485
FBgn0052023	FBpp0076315	160	0.3688	37	59	0.3547
FBgn0030898	FBpp0074363	249	0.2048	17	51	0.3014
FBgn0052625	FBpp0073670	144	0.6667	54	96	0.4453
FBgn0010240	FBpp0089263	496	0.3488	105	173	0.3478
FBgn0051693	FBpp0085285	688	0.2326	28	160	0.2688
FBgn0003366	FBpp0073249	2554	0.4902	72	1252	0.3993
FBgn0041789	FBpp0080754	581	0.6489	91	377	0.4359
FBgn0035000	FBpp0072196	145	1.0000	145	145	0.5529
FBgn0013718	FBpp0297577	541	0.7985	116	432	0.5008
FBgn0030984	FBpp0288714	373	0.4424	29	165	0.3755
FBgn0039736	FBpp0084970	602	0.1561	21	94	0.2751
FBgn0022359	FBpp0081800	360	0.1444	21	52	0.2970
FBgn0024250	FBpp0071007	704	0.7386	134	520	0.4860
FBgn0020906	FBpp0099851	266	0.3195	23	85	0.3378
FBgn0030336	FBpp0073444	901	0.2863	53	258	0.3545
FBgn0031762	FBpp0078859	944	0.5127	124	484	0.4157
FBgn0000719	FBpp0077034	730	0.7260	159	530	0.4600
FBgn0032626	FBpp0080506	287	0.9199	95	264	0.5155
FBgn0029589	FBpp0070358	202	0.9158	58	185	0.4995
FBgn0030581	FBpp0309408	684	0.5819	63	398	0.4296
FBgn0050383	FBpp0087971	254	0.4488	40	114	0.3961
FBgn0030874	FBpp0074239	359	0.6936	42	249	0.4333
FBgn0030262	FBpp0073283	160	0.5813	58	93	0.4076
FBgn0004643	FBpp0070425	721	0.3384	34	244	0.3700
FBgn0034997	FBpp0300565	764	0.4725	53	361	0.3907
FBgn0000320	FBpp0078964	766	0.5078	64	389	0.4027
FBgn0029836	FBpp0300510	199	0.3065	23	61	0.3500
FBgn0036599	FBpp0075225	155	0.0452	7	7	0.2613
FBgn0045842	FBpp0080269	890	0.7438	270	662	0.4676
FBgn0053093	FBpp0083680	322	0.3230	40	104	0.3640
FBgn0027101	FBpp0099816	828	0.6075	82	503	0.4324
FBgn0039924	FBpp0099992	404	0.5074	39	205	0.4116
FBgn0053993	FBpp0099403	421	0.7078	49	298	0.4575
FBgn0034563	FBpp0071484	119	0.6555	40	78	0.3866
FBgn0040344	FBpp0303735	998	0.3267	39	326	0.3571
FBgn0034121	FBpp0086296	1042	0.5998	117	625	0.4403
FBgn0004463	FBpp0087085	1137	0.3870	46	440	0.3782
FBgn0031515	FBpp0077292	609	0.2020	26	123	0.3005
FBgn0053301	FBpp0079525	407	0.2875	49	117	0.3651
FBgn0030542	FBpp0073712	120	0.6417	49	77	0.4059
FBgn0014903	FBpp0070170	406	0.4458	37	181	0.3894
FBgn0037046	FBpp0077982	189	0.4656	19	88	0.3976
FBgn0053995	FBpp0099405	127	0.4331	52	55	0.3842
FBgn0034286	FBpp0289452	419	0.5107	57	214	0.3908
FBgn0032955	FBpp0085277	554	0.5217	69	289	0.4173
FBgn0050098	FBpp0086312	264	0.1970	28	52	0.3253
FBgn0032405	FBpp0293789	318	0.2044	19	65	0.3212
FBgn0029608	FBpp0070400	303	0.4752	22	144	0.3790
FBgn0031637	FBpp0290163	775	0.5935	72	460	0.4156
FBgn0034139	FBpp0099998	362	0.3149	40	114	0.3548
FBgn0030897	FBpp0074319	187	0.6096	38	114	0.4373
FBgn0031945	FBpp0079108	285	0.4175	50	119	0.3910
FBgn0015664	FBpp0079485	709	0.4231	46	300	0.3828
FBgn0039592	FBpp0084687	346	0.4191	30	145	0.3797
FBgn0053679	FBpp0091001	173	0.1329	7	23	0.3160
FBgn0053258	FBpp0290252	252	0.6468	36	163	0.4162
FBgn0053544	FBpp0099770	152	0.1447	14	22	0.2412
FBgn0053998	FBpp0099409	119	0.4034	14	48	0.3436
FBgn0054001	FBpp0290169	149	0.5235	28	78	0.4173
FBgn0054002	FBpp0291365	350	0.4400	46	154	0.3543
FBgn0054003	FBpp0099414	122	0.6311	28	77	0.4055
FBgn0040658	FBpp0100005	168	0.5536	27	93	0.3783
FBgn0054005	FBpp0289453	185	0.6000	50	111	0.3934
FBgn0053772	FBpp0292731	185	0.4108	41	76	0.3781
FBgn0053773	FBpp0091035	179	0.4860	25	87	0.3816
FBgn0053775	FBpp0091037	182	0.1813	24	33	0.3493
FBgn0053658	FBpp0090992	181	0.5138	30	93	0.4047
FBgn0054007	FBpp0099418	94	0.6596	43	62	0.4192
FBgn0054008	FBpp0099419	212	0.3491	31	74	0.3476
FBgn0054010	FBpp0099421	278	0.3345	21	93	0.3680
FBgn0054011	FBpp0310044	276	0.3116	46	86	0.2998
FBgn0054012	FBpp0099423	158	0.6646	43	105	0.4239
FBgn0054015	FBpp0099426	139	0.2518	12	35	0.3305
FBgn0054021	FBpp0099432	161	0.8758	86	141	0.5314
FBgn0054025	FBpp0288522	325	0.3446	48	112	0.3723
FBgn0054026	FBpp0099437	117	0.1709	6	20	0.3116
FBgn0054027	FBpp0099438	1519	0.6833	166	1038	0.4545
FBgn0054028	FBpp0099439	189	0.4550	37	86	0.3853
FBgn0054029	FBpp0099440	114	0.5789	23	66	0.4108
FBgn0054030	FBpp0099441	273	0.1722	40	47	0.2472
FBgn0054031	FBpp0301047	219	0.9041	94	198	0.5090
FBgn0054033	FBpp0099444	168	0.4940	62	83	0.3816
FBgn0054034	FBpp0289636	135	0.4889	39	66	0.3834
FBgn0038156	FBpp0301098	1001	0.5734	93	574	0.4073
FBgn0053635	FBpp0090982	199	0.2714	46	54	0.2892
FBgn0053465	FBpp0290270	488	0.3668	39	179	0.3636
FBgn0053798	FBpp0091048	178	0.4157	26	74	0.3627
FBgn0054038	FBpp0289156	271	0.2583	38	70	0.3401
FBgn0054039	FBpp0290236	198	0.4545	45	90	0.4051
FBgn0054040	FBpp0099451	281	0.5125	77	144	0.4456
FBgn0054041	FBpp0304708	568	0.4419	56	251	0.3744
FBgn0065110	FBpp0099453	485	0.4124	44	200	0.3511
FBgn0054043	FBpp0289637	338	0.4172	58	141	0.3813
FBgn0054045	FBpp0291585	164	0.4390	63	72	0.3527
FBgn0054049	FBpp0291567	306	0.7810	139	239	0.4642
FBgn0054051	FBpp0099462	223	0.7220	73	161	0.4596
FBgn0054054	FBpp0099465	161	0.5776	90	93	0.4623
FBgn0065108	FBpp0100163	531	0.3974	56	211	0.3736
FBgn0065109	FBpp0100162	516	0.5039	75	260	0.3943
FBgn0054056	FBpp0100164	341	0.4663	36	159	0.3916
FBgn0054057	FBpp0100165	355	0.2817	28	100	0.3513
FBgn0260453	FBpp0100169	361	0.4349	79	157	0.4163
FBgn0260454	FBpp0100168	340	0.4118	58	140	0.3853
FBgn0052529	FBpp0074569	2529	0.7972	255	2016	0.4989
FBgn0013680	FBpp0100175	341	0.0733	12	25	0.2492
FBgn0013674	FBpp0100176	511	0.0959	31	49	0.2326
FBgn0013675	FBpp0100177	228	0.2018	12	46	0.2886
FBgn0013673	FBpp0100178	53	0.4717	25	25	0.3565
FBgn0013672	FBpp0390630	224	0.0223	3	5	0.2474
FBgn0013676	FBpp0100180	262	0.0649	10	17	0.2448
FBgn0013681	FBpp0100181	117	0.2051	19	24	0.2393
FBgn0013684	FBpp0390633	572	0.0157	3	9	0.2150
FBgn0013683	FBpp0100184	96	0.0104	1	1	0.1896
FBgn0013685	FBpp0100185	174	0.1264	9	22	0.2368
FBgn0013678	FBpp0390634	378	0.0741	13	28	0.2277
FBgn0013679	FBpp0390631	312	0.0737	13	23	0.2133
FBgn0041004	FBpp0110451	274	0.4818	54	132	0.3662
FBgn0058191	FBpp0112547	396	0.4116	49	163	0.3814
FBgn0040011	FBpp0110594	897	0.7146	82	641	0.4492
FBgn0040009	FBpp0291581	707	0.3310	48	234	0.3604
FBgn0039958	FBpp0112427	349	0.3410	31	119	0.3756
FBgn0040038	FBpp0112408	767	0.4446	48	341	0.3899
FBgn0058006	FBpp0110565	689	0.4412	44	304	0.3798
FBgn0000384	FBpp0110418	457	0.5142	31	235	0.4112
FBgn0039966	FBpp0307861	222	0.5721	42	127	0.4205
FBgn0025837	FBpp0297938	585	0.2632	28	154	0.3357
FBgn0025836	FBpp0309061	1404	0.6439	121	904	0.4394
FBgn0025835	FBpp0289897	990	0.3535	62	350	0.3405
FBgn0003559	FBpp0297502	765	0.4641	81	355	0.3907
FBgn0040514	FBpp0291265	114	0.1316	7	15	0.3062
FBgn0039943	FBpp0112453	421	0.8361	230	352	0.5857
FBgn0039942	FBpp0112450	124	0.3952	25	49	0.3370
FBgn0039941	FBpp0290031	522	0.1475	23	77	0.2730
FBgn0040031	FBpp0304871	441	0.1678	40	74	0.2647
FBgn0039965	FBpp0110448	266	0.5489	39	146	0.4083
FBgn0063670	FBpp0112564	82	0.6341	52	52	0.4958
FBgn0028697	FBpp0112465	204	0.7598	46	155	0.4634
FBgn0058002	FBpp0112496	94	0.4787	25	45	0.3667
FBgn0037549	FBpp0112117	703	0.5135	70	361	0.4095
FBgn0040022	FBpp0112592	1641	0.7477	206	1227	0.4881
FBgn0058160	FBpp0112536	421	0.4252	42	179	0.3823
FBgn0040056	FBpp0306043	694	0.6340	96	440	0.4373
FBgn0039955	FBpp0112713	1124	0.2767	38	311	0.3550
FBgn0058198	FBpp0305391	184	0.6902	98	127	0.4491
FBgn0058298	FBpp0110507	359	0.5292	33	190	0.3986
FBgn0083936	FBpp0110064	46	0.0217	1	1	0.2694
FBgn0083992	FBpp0110401	203	0.2709	21	55	0.3587
FBgn0260451	FBpp0110282	211	0.7062	62	149	0.4536
FBgn0034389	FBpp0303039	982	0.5265	75	517	0.4081
FBgn0083938	FBpp0110065	415	0.8337	256	346	0.4926
FBgn0083940	FBpp0110080	582	0.5808	65	338	0.4327
FBgn0083941	FBpp0110081	157	0.8599	135	135	0.6490
FBgn0083942	FBpp0110082	122	0.7951	96	97	0.5043
FBgn0083943	FBpp0110084	114	0.9386	97	107	0.4656
FBgn0083945	FBpp0289652	800	0.3987	49	319	0.3623
FBgn0083946	FBpp0110094	897	0.7336	105	658	0.4504
FBgn0083949	FBpp0110103	1689	0.5441	270	919	0.4225
FBgn0083950	FBpp0110105	1087	0.5465	117	594	0.4048
FBgn0083951	FBpp0110110	77	0.4416	22	34	0.3493
FBgn0083952	FBpp0110113	211	0.5498	63	116	0.4302
FBgn0083953	FBpp0110114	101	0.5941	17	60	0.4146
FBgn0083956	FBpp0309770	1998	0.3604	64	720	0.3457
FBgn0083960	FBpp0110135	2003	0.4863	87	974	0.4062
FBgn0083961	FBpp0110136	159	0.6667	24	106	0.4381
FBgn0083962	FBpp0303010	1518	0.5270	117	800	0.4064
FBgn0083963	FBpp0306055	1159	0.4668	70	541	0.4109
FBgn0083965	FBpp0110170	314	0.5032	58	158	0.3946
FBgn0083966	FBpp0110171	297	0.4310	33	128	0.3766
FBgn0083967	FBpp0110178	160	0.5625	53	90	0.4259
FBgn0083968	FBpp0110179	84	0.5595	23	47	0.4284
FBgn0083969	FBpp0290295	1108	0.6570	124	728	0.4539
FBgn0083970	FBpp0110194	119	1.0000	119	119	0.5365
FBgn0083971	FBpp0303154	202	0.1832	15	37	0.2500
FBgn0083972	FBpp0110244	77	0.3247	14	25	0.3233
FBgn0083973	FBpp0110247	246	0.6626	50	163	0.4615
FBgn0083974	FBpp0110254	195	0.1128	19	22	0.2578
FBgn0083975	FBpp0428113	1437	0.4266	61	613	0.3850
FBgn0083976	FBpp0110275	306	0.4183	35	128	0.3745
FBgn0083977	FBpp0290298	755	0.8411	107	635	0.4818
FBgn0083978	FBpp0110281	249	0.4779	44	119	0.4009
FBgn0083979	FBpp0112397	609	0.2447	21	149	0.3161
FBgn0083981	FBpp0303587	663	0.4646	77	308	0.4098
FBgn0083983	FBpp0110310	81	0.6296	29	51	0.3984
FBgn0083984	FBpp0290229	139	0.3237	8	45	0.3531
FBgn0083985	FBpp0110319	305	0.8787	72	268	0.4961
FBgn0083986	FBpp0290226	137	0.6934	27	95	0.4453
FBgn0083991	FBpp0110339	47	0.3830	18	18	0.2653
FBgn0026401	FBpp0110411	2077	0.5002	209	1039	0.4068
FBgn0002566	FBpp0110417	841	0.2675	23	225	0.3414
FBgn0016976	FBpp0290833	850	0.6353	88	540	0.4501
FBgn0016975	FBpp0291230	1262	0.5840	133	737	0.4356
FBgn0003256	FBpp0112423	376	0.4069	29	153	0.3735
FBgn0032997	FBpp0289202	564	0.4344	35	245	0.3716
FBgn0040759	FBpp0111684	90	0.1000	9	9	0.2700
FBgn0033000	FBpp0289201	116	0.7931	51	92	0.4986
FBgn0064225	FBpp0110421	299	0.4615	51	138	0.4067
FBgn0040007	FBpp0306998	70	0.9714	43	68	0.4979
FBgn0010247	FBpp0112608	994	0.5795	83	576	0.4242
FBgn0020908	FBpp0112436	189	0.3069	28	58	0.3533
FBgn0011288	FBpp0110435	212	0.7123	35	151	0.4519
FBgn0084001	FBpp0304509	411	0.2603	26	107	0.3010
FBgn0046692	FBpp0110403	346	0.4509	48	156	0.3859
FBgn0039994	FBpp0110554	629	0.6614	60	416	0.4458
FBgn0058439	FBpp0110444	171	0.2456	14	42	0.3448
FBgn0044872	FBpp0289204	425	0.3059	29	130	0.3371
FBgn0040005	FBpp0110549	378	0.3889	39	147	0.3669
FBgn0069973	FBpp0110515	247	0.3320	25	82	0.3492
FBgn0069938	FBpp0110553	123	0.4472	18	55	0.3622
FBgn0058470	FBpp0110455	941	0.3698	31	348	0.3672
FBgn0040010	FBpp0304876	182	0.6758	39	123	0.4369
FBgn0058045	FBpp0110481	168	0.5179	33	87	0.4094
FBgn0039946	FBpp0291188	388	0.6495	71	252	0.4592
FBgn0040799	FBpp0111683	83	0.0000	0	0	0.2333
FBgn0046706	FBpp0112507	566	0.6572	94	372	0.4323
FBgn0039944	FBpp0310421	274	0.8613	107	236	0.4853
FBgn0001313	FBpp0312333	4459	0.4064	67	1812	0.3755
FBgn0037997	FBpp0297193	74	0.3108	13	23	0.3472
FBgn0039977	FBpp0289146	243	0.7407	88	180	0.5101
FBgn0046323	FBpp0312331	914	0.8085	228	739	0.4739
FBgn0039945	FBpp0291698	436	0.7936	46	346	0.4543
FBgn0040682	FBpp0293537	84	0.3095	13	26	0.3145
FBgn0024804	FBpp0304166	481	0.3805	57	183	0.3685
FBgn0063368	FBpp0112499	169	0.3905	23	66	0.3642
FBgn0069923	FBpp0291026	72	0.2361	12	17	0.2847
FBgn0058064	FBpp0291022	384	0.4453	43	171	0.3989
FBgn0032914	FBpp0289673	107	0.5140	39	55	0.3821
FBgn0040020	FBpp0112462	142	0.5775	38	82	0.4234
FBgn0040531	FBpp0111681	67	0.2687	18	18	0.2695
FBgn0058263	FBpp0290993	505	0.2079	31	105	0.2875
FBgn0046698	FBpp0312286	313	0.2141	13	67	0.3376
FBgn0040565	FBpp0289855	66	0.4091	11	27	0.3429
FBgn0040973	FBpp0112248	64	0.8438	45	54	0.5178
FBgn0039993	FBpp0112484	364	0.1813	28	66	0.3266
FBgn0033145	FBpp0111682	97	0.1340	8	13	0.2630
FBgn0032631	FBpp0291600	335	0.4239	55	142	0.3792
FBgn0046697	FBpp0312332	569	0.4587	43	261	0.3924
FBgn0069969	FBpp0301019	268	0.6306	53	169	0.4196
FBgn0020660	FBpp0112403	459	0.8301	147	381	0.5203
FBgn0085188	FBpp0111265	147	0.8571	86	126	0.4905
FBgn0085190	FBpp0111267	125	0.6080	30	76	0.4513
FBgn0085191	FBpp0291612	535	0.1832	45	98	0.2644
FBgn0085192	FBpp0111269	87	0.7356	32	64	0.5079
FBgn0085193	FBpp0111270	106	0.7453	33	79	0.4560
FBgn0085194	FBpp0111271	99	0.6364	33	63	0.4320
FBgn0085195	FBpp0111272	82	0.1951	13	16	0.2965
FBgn0085196	FBpp0111273	127	0.0394	2	5	0.2839
FBgn0085197	FBpp0111274	60	0.0000	0	0	0.2778
FBgn0085198	FBpp0111275	124	0.7581	57	94	0.4664
FBgn0085199	FBpp0111276	62	0.0806	5	5	0.2223
FBgn0085200	FBpp0293603	292	0.1849	14	54	0.3256
FBgn0085201	FBpp0111278	62	0.0000	0	0	0.2333
FBgn0085202	FBpp0111279	45	0.3778	16	17	0.3358
FBgn0085203	FBpp0111280	217	0.5945	67	129	0.4145
FBgn0085204	FBpp0111281	86	0.8140	60	70	0.5951
FBgn0085205	FBpp0111282	83	0.9277	34	77	0.5258
FBgn0085206	FBpp0111283	107	0.1495	6	16	0.3128
FBgn0085207	FBpp0111284	112	0.1339	9	15	0.3015
FBgn0085208	FBpp0310946	183	0.7978	81	146	0.4649
FBgn0085209	FBpp0289325	76	0.3684	13	28	0.3305
FBgn0085210	FBpp0111289	203	0.1281	9	26	0.2784
FBgn0085211	FBpp0111290	76	0.4079	21	31	0.4163
FBgn0085212	FBpp0111291	143	0.6573	26	94	0.4419
FBgn0085213	FBpp0111292	224	0.5089	47	114	0.4027
FBgn0085214	FBpp0111293	126	0.3333	28	42	0.3466
FBgn0085217	FBpp0111296	204	0.3873	25	79	0.3320
FBgn0085218	FBpp0111297	122	0.0328	3	4	0.3013
FBgn0085219	FBpp0111298	102	0.5490	28	56	0.3891
FBgn0085220	FBpp0309077	87	0.5057	9	44	0.3933
FBgn0085222	FBpp0111301	77	0.5714	22	44	0.3944
FBgn0085223	FBpp0111302	104	0.3462	14	36	0.3317
FBgn0085224	FBpp0111303	283	0.6290	42	178	0.4208
FBgn0085225	FBpp0111304	79	0.2658	15	21	0.2902
FBgn0085227	FBpp0111306	59	0.5593	33	33	0.3899
FBgn0085228	FBpp0111307	192	0.7656	100	147	0.4458
FBgn0085229	FBpp0111308	52	0.2692	11	14	0.3122
FBgn0085230	FBpp0111309	369	0.7913	215	292	0.4840
FBgn0085231	FBpp0111310	339	0.7021	60	238	0.4395
FBgn0085232	FBpp0111311	114	0.5877	48	67	0.4135
FBgn0085233	FBpp0111312	83	0.0000	0	0	0.2035
FBgn0085234	FBpp0111313	217	0.1014	21	22	0.2776
FBgn0085235	FBpp0111314	275	0.5418	49	149	0.3950
FBgn0085236	FBpp0111315	101	0.6733	27	68	0.4396
FBgn0085237	FBpp0111316	50	0.5200	26	26	0.4301
FBgn0085239	FBpp0111318	94	0.4787	22	45	0.3968
FBgn0085240	FBpp0111319	50	0.1800	9	9	0.2337
FBgn0085241	FBpp0291966	48	0.1250	6	6	0.1926
FBgn0085242	FBpp0111321	139	0.6403	35	89	0.4221
FBgn0085243	FBpp0111322	148	0.3378	17	50	0.3660
FBgn0085244	FBpp0111323	104	0.5000	27	52	0.3610
FBgn0085245	FBpp0308263	336	0.5119	70	172	0.4184
FBgn0085246	FBpp0111325	138	0.2754	10	38	0.3519
FBgn0085248	FBpp0111327	139	0.9281	69	129	0.4913
FBgn0085249	FBpp0111328	726	0.9091	621	660	0.6612
FBgn0085250	FBpp0289112	109	0.5872	34	64	0.3924
FBgn0085252	FBpp0111331	94	0.6064	39	57	0.4223
FBgn0085253	FBpp0111332	118	0.6610	72	78	0.4342
FBgn0085254	FBpp0111333	104	0.3846	25	40	0.3491
FBgn0085256	FBpp0111335	104	0.0000	0	0	0.2502
FBgn0085257	FBpp0111336	88	0.6136	54	54	0.4020
FBgn0085259	FBpp0111338	129	0.0000	0	0	0.1481
FBgn0085260	FBpp0311199	163	0.5644	42	92	0.4598
FBgn0085261	FBpp0111341	129	0.8062	104	104	0.5255
FBgn0085263	FBpp0423072	124	0.4839	18	60	0.3980
FBgn0085264	FBpp0289861	174	0.0172	3	3	0.1943
FBgn0085265	FBpp0290233	179	0.3184	24	57	0.3438
FBgn0085267	FBpp0111347	206	0.2913	60	60	0.2844
FBgn0085271	FBpp0111351	58	0.4483	26	26	0.3385
FBgn0085273	FBpp0111353	112	0.6161	34	69	0.3877
FBgn0085274	FBpp0291736	131	0.5038	36	66	0.3823
FBgn0085276	FBpp0111356	83	0.3855	26	32	0.3393
FBgn0085277	FBpp0111357	98	0.3265	11	32	0.3346
FBgn0085279	FBpp0312184	72	0.1111	3	8	0.2742
FBgn0085280	FBpp0111360	185	0.2919	22	54	0.3446
FBgn0085282	FBpp0111362	112	0.6071	22	68	0.4078
FBgn0085284	FBpp0111364	144	0.7431	56	107	0.4611
FBgn0085285	FBpp0291524	168	0.3155	26	53	0.3643
FBgn0085287	FBpp0111367	165	0.5273	31	87	0.3585
FBgn0085288	FBpp0289307	426	0.1690	17	72	0.2708
FBgn0085289	FBpp0305667	178	0.2978	44	53	0.3350
FBgn0085290	FBpp0111371	148	0.2770	18	41	0.3446
FBgn0085292	FBpp0111372	85	0.1176	7	10	0.2746
FBgn0085294	FBpp0303876	112	0.6964	48	78	0.4219
FBgn0085295	FBpp0111375	88	0.7841	57	69	0.4964
FBgn0085296	FBpp0111376	77	0.0000	0	0	0.2206
FBgn0085297	FBpp0111377	83	0.0000	0	0	0.2232
FBgn0085298	FBpp0111378	191	0.8743	35	167	0.4763
FBgn0085300	FBpp0111380	109	0.6789	48	74	0.4341
FBgn0085302	FBpp0111382	128	0.8281	106	106	0.5561
FBgn0085303	FBpp0111383	250	0.7080	72	177	0.4347
FBgn0085305	FBpp0111385	91	0.4835	28	44	0.3589
FBgn0085306	FBpp0304469	311	0.9132	76	284	0.4985
FBgn0085307	FBpp0111387	91	0.4505	31	41	0.3259
FBgn0085308	FBpp0306060	100	0.0900	5	9	0.2413
FBgn0085309	FBpp0111390	82	0.7073	44	58	0.4373
FBgn0085310	FBpp0111391	106	0.1792	18	19	0.2674
FBgn0085311	FBpp0111392	94	0.4681	20	44	0.3507
FBgn0085312	FBpp0111393	153	0.6471	57	99	0.4683
FBgn0085313	FBpp0111394	124	0.2742	19	34	0.3031
FBgn0085315	FBpp0111395	88	0.4318	29	38	0.3267
FBgn0085316	FBpp0111396	235	0.7319	39	172	0.4557
FBgn0085317	FBpp0289850	59	0.4237	23	25	0.3909
FBgn0085318	FBpp0297896	114	0.6316	33	72	0.4264
FBgn0085319	FBpp0288806	282	0.2376	14	67	0.3312
FBgn0085320	FBpp0111400	61	0.6393	39	39	0.4147
FBgn0085321	FBpp0111401	195	0.2821	45	55	0.3531
FBgn0085322	FBpp0111402	84	0.3333	12	28	0.3257
FBgn0085324	FBpp0111404	288	0.3438	39	99	0.3527
FBgn0085325	FBpp0111405	91	0.6923	63	63	0.3758
FBgn0085326	FBpp0111406	233	0.6824	121	159	0.4701
FBgn0085327	FBpp0111407	139	0.7626	28	106	0.4667
FBgn0085328	FBpp0111408	185	0.8000	124	148	0.4635
FBgn0085329	FBpp0111409	140	0.0571	8	8	0.1949
FBgn0085330	FBpp0111410	85	0.6941	25	59	0.4283
FBgn0085331	FBpp0290300	170	0.5353	27	91	0.4208
FBgn0085332	FBpp0423073	181	0.1989	16	36	0.3340
FBgn0085334	FBpp0111414	79	0.2152	7	17	0.2974
FBgn0085336	FBpp0290301	190	0.1737	30	33	0.2758
FBgn0085337	FBpp0401591	194	0.5464	27	106	0.4001
FBgn0085339	FBpp0312560	129	0.5736	38	74	0.4015
FBgn0085341	FBpp0111422	156	0.0321	5	5	0.1765
FBgn0085342	FBpp0111423	281	0.7011	109	197	0.4899
FBgn0085343	FBpp0111424	179	0.4804	25	86	0.3949
FBgn0085344	FBpp0289515	266	0.2030	37	54	0.2300
FBgn0085345	FBpp0111426	267	0.1423	16	38	0.3173
FBgn0085346	FBpp0111428	111	0.3784	25	42	0.3563
FBgn0085350	FBpp0111435	140	0.5071	39	71	0.3638
FBgn0085351	FBpp0111436	89	0.4157	32	37	0.3408
FBgn0085352	FBpp0111437	112	0.1161	8	13	0.3253
FBgn0085353	FBpp0111438	267	0.7603	162	203	0.5251
FBgn0085354	FBpp0111439	179	0.2570	18	46	0.3711
FBgn0085356	FBpp0111441	220	0.3045	36	67	0.3555
FBgn0085357	FBpp0111442	133	0.5789	26	77	0.4284
FBgn0085358	FBpp0111443	121	0.2149	19	26	0.2908
FBgn0085359	FBpp0111444	48	0.2292	11	11	0.2523
FBgn0085360	FBpp0309859	134	0.3881	28	52	0.3521
FBgn0085361	FBpp0111446	87	0.6897	57	60	0.4914
FBgn0085362	FBpp0111447	578	0.7163	53	414	0.4212
FBgn0085366	FBpp0111451	71	0.1972	5	14	0.3015
FBgn0085367	FBpp0292302	110	0.4909	33	54	0.3535
FBgn0085369	FBpp0291586	587	0.6440	173	378	0.4459
FBgn0085370	FBpp0111456	1451	0.4873	93	707	0.4129
FBgn0085371	FBpp0311149	572	0.4091	50	234	0.3679
FBgn0085374	FBpp0111465	504	0.4484	63	226	0.3898
FBgn0085376	FBpp0428101	1519	0.7386	210	1122	0.4818
FBgn0085377	FBpp0111469	323	0.1146	13	37	0.3110
FBgn0085380	FBpp0303013	233	0.3133	32	73	0.3633
FBgn0085382	FBpp0308425	581	0.5043	62	293	0.3982
FBgn0085383	FBpp0310700	550	0.5364	108	295	0.4410
FBgn0085384	FBpp0297661	755	0.4437	42	335	0.3834
FBgn0085385	FBpp0428207	943	0.5239	102	494	0.4134
FBgn0085386	FBpp0423143	1689	0.4796	124	810	0.4033
FBgn0085387	FBpp0111481	532	0.2782	37	148	0.3407
FBgn0085390	FBpp0300813	1230	0.5138	88	632	0.4064
FBgn0085391	FBpp0310623	651	0.5929	65	386	0.4206
FBgn0085395	FBpp0300390	937	0.3810	48	357	0.3630
FBgn0085396	FBpp0111504	420	0.6762	133	284	0.4413
FBgn0085397	FBpp0428150	789	0.4233	70	334	0.3716
FBgn0085398	FBpp0111506	599	0.4558	74	273	0.3752
FBgn0085399	FBpp0288819	952	0.3855	42	367	0.3776
FBgn0085400	FBpp0303272	1174	0.4830	142	567	0.3938
FBgn0085404	FBpp0291525	568	0.5018	76	285	0.4055
FBgn0085405	FBpp0111520	681	0.6344	116	432	0.4610
FBgn0085408	FBpp0309010	1576	0.8807	112	1388	0.5044
FBgn0085409	FBpp0303014	939	0.4452	73	418	0.3881
FBgn0085410	FBpp0111531	669	0.4066	48	272	0.3638
FBgn0085411	FBpp0111532	805	0.8348	139	672	0.5062
FBgn0085412	FBpp0302933	3090	0.8184	241	2529	0.4995
FBgn0085413	FBpp0293459	1936	0.5511	103	1067	0.4209
FBgn0085414	FBpp0289780	326	0.4816	60	157	0.3774
FBgn0085415	FBpp0111539	503	0.7952	88	400	0.4869
FBgn0085417	FBpp0290303	553	0.6637	59	367	0.4333
FBgn0085419	FBpp0309332	742	0.6671	103	495	0.4510
FBgn0085420	FBpp0305788	469	0.4328	65	203	0.3798
FBgn0085421	FBpp0302889	1006	0.3608	46	363	0.3709
FBgn0085422	FBpp0111549	691	0.4515	58	312	0.3908
FBgn0085423	FBpp0297429	1249	0.7134	162	891	0.4688
FBgn0085424	FBpp0111554	961	0.6930	75	666	0.4525
FBgn0085425	FBpp0111557	975	0.7159	354	698	0.4731
FBgn0085426	FBpp0309683	486	0.5864	88	285	0.4531
FBgn0085427	FBpp0111560	1930	0.8580	290	1656	0.5159
FBgn0085428	FBpp0111562	1340	0.5254	73	704	0.4029
FBgn0085430	FBpp0423174	2371	0.4736	84	1123	0.3976
FBgn0085431	FBpp0111566	695	0.4518	51	314	0.3740
FBgn0085432	FBpp0111569	1192	0.7894	72	941	0.4838
FBgn0085433	FBpp0111579	715	0.7860	76	562	0.4600
FBgn0085434	FBpp0303273	2896	0.5069	254	1468	0.3939
FBgn0085436	FBpp0308486	2511	0.3951	69	992	0.3817
FBgn0085437	FBpp0309777	1728	0.4259	56	736	0.3870
FBgn0085438	FBpp0304083	511	0.4207	39	215	0.3723
FBgn0085440	FBpp0309261	809	0.3041	25	246	0.3325
FBgn0085442	FBpp0293593	658	0.6930	163	456	0.4368
FBgn0085443	FBpp0302587	2043	0.6500	109	1328	0.4528
FBgn0085444	FBpp0111603	1739	0.7073	124	1230	0.4573
FBgn0085446	FBpp0307656	5182	0.9197	572	4766	0.5741
FBgn0085447	FBpp0303156	2734	0.6917	211	1891	0.4602
FBgn0085450	FBpp0111629	1223	0.7604	297	930	0.4797
FBgn0085451	FBpp0302588	2486	0.7080	169	1760	0.4664
FBgn0085452	FBpp0291068	85	0.7059	39	60	0.4993
FBgn0085453	FBpp0309891	201	0.5323	33	107	0.3908
FBgn0085454	FBpp0111638	532	0.7387	71	393	0.4655
FBgn0085455	FBpp0111639	296	0.4696	103	139	0.3909
FBgn0085456	FBpp0292323	269	0.3755	49	101	0.3915
FBgn0085457	FBpp0423074	247	0.4130	21	102	0.3634
FBgn0085458	FBpp0111642	249	0.2771	25	69	0.3486
FBgn0085459	FBpp0111643	264	0.0265	3	7	0.2562
FBgn0085460	FBpp0111644	714	0.8950	160	639	0.5201
FBgn0085461	FBpp0111645	213	0.1549	25	33	0.2704
FBgn0085462	FBpp0111646	233	0.0773	15	18	0.2750
FBgn0085464	FBpp0111648	299	0.3478	26	104	0.3666
FBgn0085465	FBpp0111649	270	0.3889	28	105	0.3617
FBgn0085466	FBpp0111650	266	0.3985	29	106	0.3567
FBgn0085468	FBpp0111653	123	0.6992	84	86	0.5077
FBgn0085470	FBpp0111656	365	0.7233	102	264	0.4822
FBgn0085471	FBpp0111658	245	0.4776	48	117	0.4037
FBgn0085472	FBpp0111659	239	0.5063	88	121	0.3867
FBgn0085473	FBpp0111660	295	0.5153	68	152	0.4224
FBgn0085474	FBpp0111661	134	0.5224	41	70	0.4263
FBgn0085475	FBpp0111662	61	0.3279	18	20	0.3823
FBgn0085476	FBpp0303630	389	0.3470	30	135	0.3594
FBgn0085477	FBpp0111664	344	0.2674	28	92	0.3519
FBgn0085478	FBpp0303736	1052	0.5399	84	568	0.4127
FBgn0085479	FBpp0111668	375	0.4747	78	178	0.3882
FBgn0085480	FBpp0428114	307	0.4235	23	130	0.3736
FBgn0085481	FBpp0288792	318	0.2264	20	72	0.3311
FBgn0085482	FBpp0288793	175	0.7886	74	138	0.4608
FBgn0085483	FBpp0111672	133	0.4286	28	57	0.3689
FBgn0085484	FBpp0111673	304	0.3125	35	95	0.3646
FBgn0085485	FBpp0111674	167	0.4790	37	80	0.3448
FBgn0085486	FBpp0111675	308	0.5747	52	177	0.4143
FBgn0085487	FBpp0111676	257	0.1790	19	46	0.3343
FBgn0085488	FBpp0111677	305	0.5639	48	172	0.4106
FBgn0085489	FBpp0111678	192	0.4375	55	84	0.4041
FBgn0085491	FBpp0111680	312	0.7212	89	225	0.4739
FBgn0085506	FBpp0291548	88	0.2500	16	22	0.3634
FBgn0085512	FBpp0302660	109	0.6972	38	76	0.4214
FBgn0085521	FBpp0312299	213	0.6197	53	132	0.4628
FBgn0085569	FBpp0290996	160	0.4688	29	75	0.3832
FBgn0085638	FBpp0291004	228	0.3553	22	81	0.3336
FBgn0085736	FBpp0291442	94	0.4787	25	45	0.3667
FBgn0085599	FBpp0310231	340	0.4912	35	167	0.3728
FBgn0085693	FBpp0112865	213	0.6009	53	128	0.4559
FBgn0085692	FBpp0312442	439	0.8018	215	352	0.5074
FBgn0086129	FBpp0072158	1231	0.8741	247	1076	0.5511
FBgn0086130	FBpp0077674	536	0.3414	41	183	0.3791
FBgn0086134	FBpp0082062	234	0.3333	15	78	0.3604
FBgn0086251	FBpp0081030	981	0.7452	254	731	0.4874
FBgn0086253	FBpp0083713	411	0.4891	50	201	0.3933
FBgn0086254	FBpp0075869	350	0.4914	24	172	0.3929
FBgn0086265	FBpp0078868	381	0.5853	68	223	0.4212
FBgn0086266	FBpp0078870	181	0.3812	36	69	0.3614
FBgn0086346	FBpp0084610	836	0.6053	167	506	0.4232
FBgn0086347	FBpp0079625	1011	0.5628	58	569	0.4118
FBgn0086348	FBpp0076349	243	0.4609	26	112	0.3866
FBgn0086350	FBpp0086165	649	0.7334	135	476	0.4544
FBgn0086355	FBpp0084948	348	0.3506	42	122	0.3596
FBgn0086356	FBpp0086767	625	0.5792	61	362	0.4126
FBgn0086357	FBpp0078896	476	0.1681	21	80	0.2635
FBgn0086358	FBpp0085704	831	0.8496	106	706	0.5138
FBgn0086359	FBpp0081659	683	0.4758	43	325	0.3913
FBgn0086361	FBpp0084810	374	0.3984	26	149	0.3769
FBgn0086362	FBpp0303112	376	0.7766	79	292	0.4827
FBgn0086365	FBpp0083982	567	0.2681	53	152	0.2954
FBgn0086367	FBpp0071270	387	0.4755	49	184	0.3881
FBgn0086368	FBpp0307386	765	0.3438	41	263	0.3377
FBgn0086370	FBpp0082709	292	0.6849	49	200	0.4498
FBgn0086371	FBpp0082240	251	0.3586	33	90	0.3584
FBgn0086372	FBpp0291394	788	0.4264	50	336	0.3950
FBgn0086378	FBpp0291024	178	0.2416	23	43	0.3385
FBgn0086384	FBpp0074523	635	0.6866	125	436	0.4605
FBgn0086408	FBpp0112023	1136	0.7016	157	797	0.4595
FBgn0086442	FBpp0080686	1049	0.3603	48	378	0.3728
FBgn0086443	FBpp0080705	558	0.5771	87	322	0.4155
FBgn0086444	FBpp0080706	894	0.4955	102	443	0.4173
FBgn0086445	FBpp0080700	480	0.6375	51	306	0.4258
FBgn0086446	FBpp0080701	185	0.3568	30	66	0.3598
FBgn0086447	FBpp0307611	132	0.6364	25	84	0.4331
FBgn0086448	FBpp0298004	481	0.2869	53	138	0.3266
FBgn0086450	FBpp0071273	1031	0.3317	55	342	0.3589
FBgn0086451	FBpp0078971	2096	0.3602	81	755	0.3682
FBgn0086472	FBpp0081845	117	0.8376	55	98	0.4999
FBgn0086519	FBpp0087279	117	0.5214	31	61	0.3725
FBgn0086532	FBpp0086842	468	0.3120	32	146	0.3593
FBgn0086558	FBpp0070894	534	0.6704	37	358	0.4315
FBgn0086604	FBpp0111687	1201	0.4971	68	597	0.3916
FBgn0086605	FBpp0078589	339	0.2684	26	91	0.3624
FBgn0086608	FBpp0300964	119	0.8824	51	105	0.4943
FBgn0086610	FBpp0112372	219	0.3470	20	76	0.3730
FBgn0086611	FBpp0076769	105	0.3429	22	36	0.3398
FBgn0086655	FBpp0112914	1744	0.7764	172	1354	0.4727
FBgn0086656	FBpp0087704	226	0.7168	87	162	0.4644
FBgn0086657	FBpp0080920	720	0.5389	58	388	0.3996
FBgn0086673	FBpp0080471	842	0.8432	131	710	0.4949
FBgn0086674	FBpp0303425	513	0.5361	127	275	0.4466
FBgn0086675	FBpp0428414	371	0.3827	44	142	0.3909
FBgn0086676	FBpp0088549	630	0.2619	61	165	0.3082
FBgn0086677	FBpp0087128	560	0.7071	146	396	0.4506
FBgn0086679	FBpp0081373	826	0.3136	54	259	0.3589
FBgn0086680	FBpp0312431	742	0.5782	121	429	0.4445
FBgn0086681	FBpp0293884	498	0.6225	94	310	0.4590
FBgn0086683	FBpp0110561	403	0.4417	70	178	0.4160
FBgn0085407	FBpp0111523	651	0.8510	129	554	0.4816
FBgn0086686	FBpp0082434	1200	0.6858	111	823	0.4479
FBgn0086687	FBpp0082095	383	0.2245	13	86	0.3103
FBgn0086690	FBpp0297121	2895	0.8342	170	2415	0.4874
FBgn0086691	FBpp0080305	138	0.2319	9	32	0.3425
FBgn0086693	FBpp0070930	1123	0.3972	110	446	0.3654
FBgn0086694	FBpp0076822	1044	0.8410	102	878	0.4861
FBgn0086695	FBpp0312592	568	0.6197	100	352	0.4272
FBgn0086698	FBpp0077577	951	0.5100	103	485	0.4068
FBgn0086704	FBpp0085143	521	0.3666	77	191	0.3836
FBgn0086706	FBpp0076284	611	0.4435	38	271	0.3848
FBgn0086707	FBpp0080638	1330	0.7293	401	970	0.5690
FBgn0086708	FBpp0112337	635	0.7717	86	490	0.4893
FBgn0086710	FBpp0291653	111	0.4234	9	47	0.3924
FBgn0086711	FBpp0080238	474	0.3692	110	175	0.3437
FBgn0086712	FBpp0087192	639	0.4413	56	282	0.3950
FBgn0086757	FBpp0086786	611	0.9018	184	551	0.5085
FBgn0086758	FBpp0292932	840	0.5929	173	498	0.4254
FBgn0086768	FBpp0078405	226	0.2478	17	56	0.3553
FBgn0086778	FBpp0291049	564	0.3174	39	179	0.3545
FBgn0086779	FBpp0290831	727	0.7744	176	563	0.4714
FBgn0086782	FBpp0074571	180	0.4611	46	83	0.3880
FBgn0086784	FBpp0100147	834	0.4460	87	372	0.3879
FBgn0086785	FBpp0075560	399	0.3860	43	154	0.3768
FBgn0086855	FBpp0290028	610	0.5918	70	361	0.4267
FBgn0086856	FBpp0077787	221	0.9864	94	218	0.5940
FBgn0086895	FBpp0086647	1242	0.5652	121	702	0.4459
FBgn0086898	FBpp0087344	927	0.7174	106	665	0.4703
FBgn0086900	FBpp0111379	102	0.3235	26	33	0.3377
FBgn0086904	FBpp0086971	217	0.5300	31	115	0.4057
FBgn0086906	FBpp0304920	18468	0.8110	2175	14978	0.4979
FBgn0086907	FBpp0080445	105	0.4476	23	47	0.3843
FBgn0086908	FBpp0111689	1262	0.5650	103	713	0.4305
FBgn0086909	FBpp0080642	417	0.4796	51	200	0.3950
FBgn0086912	FBpp0077798	539	0.8442	131	455	0.5274
FBgn0086913	FBpp0111590	410	0.5780	65	237	0.4246
FBgn0086915	FBpp0077928	215	0.9442	81	203	0.5500
FBgn0086916	FBpp0306188	715	0.3860	75	276	0.3503
FBgn0086917	FBpp0289444	553	0.3671	72	203	0.3747
FBgn0087002	FBpp0088252	3351	0.4703	91	1576	0.3958
FBgn0087005	FBpp0078467	198	0.4444	33	88	0.3902
FBgn0087007	FBpp0271930	2637	0.8331	356	2197	0.4973
FBgn0087008	FBpp0306394	2012	0.7326	181	1474	0.4734
FBgn0087011	FBpp0112834	745	0.6658	90	496	0.4407
FBgn0087012	FBpp0078495	930	0.5011	98	466	0.3810
FBgn0087013	FBpp0078500	1105	0.2407	45	266	0.3418
FBgn0087021	FBpp0082158	222	0.6396	42	142	0.4327
FBgn0087035	FBpp0075313	1217	0.7034	413	856	0.4802
FBgn0087039	FBpp0076430	313	0.6965	74	218	0.4704
FBgn0087040	FBpp0076122	462	0.3593	22	166	0.3648
FBgn0087041	FBpp0271691	242	0.7810	78	189	0.5083
FBgn0243486	FBpp0309203	757	0.4491	67	340	0.3848
FBgn0243511	FBpp0083238	948	0.4293	41	407	0.3833
FBgn0243512	FBpp0081288	476	0.7458	131	355	0.4764
FBgn0243513	FBpp0077350	157	0.0573	4	9	0.2129
FBgn0243514	FBpp0301780	1074	0.5642	42	606	0.3994
FBgn0243516	FBpp0112017	852	0.8028	154	684	0.5009
FBgn0243586	FBpp0084408	283	0.5194	42	147	0.4041
FBgn0250732	FBpp0290855	1045	0.5196	61	543	0.4030
FBgn0250746	FBpp0078448	268	0.5410	40	145	0.3943
FBgn0250753	FBpp0078393	422	0.5284	46	223	0.4176
FBgn0250754	FBpp0288574	3441	0.8727	405	3003	0.5251
FBgn0250755	FBpp0288575	773	0.6352	229	491	0.4651
FBgn0250757	FBpp0288579	698	0.2378	52	166	0.3031
FBgn0250785	FBpp0088886	636	0.6274	52	399	0.4216
FBgn0250786	FBpp0297122	1900	0.7405	253	1407	0.4751
FBgn0250788	FBpp0306507	2308	0.6495	81	1499	0.4343
FBgn0250789	FBpp0305100	2457	0.6215	92	1527	0.4322
FBgn0250791	FBpp0074609	292	0.4418	33	129	0.3865
FBgn0250814	FBpp0075069	440	0.1523	11	67	0.3277
FBgn0250815	FBpp0076748	271	0.2694	13	73	0.3455
FBgn0250816	FBpp0289158	867	0.4567	63	396	0.3923
FBgn0250819	FBpp0090952	663	0.8356	184	554	0.5077
FBgn0250820	FBpp0083420	338	0.1746	20	59	0.2795
FBgn0250821	FBpp0078620	293	0.4266	23	125	0.3667
FBgn0250822	FBpp0111330	101	0.6832	41	69	0.4488
FBgn0250823	FBpp0303074	537	0.6220	67	334	0.4289
FBgn0250824	FBpp0289858	107	0.6075	61	65	0.4216
FBgn0250825	FBpp0111350	82	0.9512	78	78	0.5542
FBgn0250826	FBpp0111266	71	1.0000	71	71	0.5287
FBgn0250827	FBpp0111326	166	0.8735	49	145	0.4773
FBgn0250830	FBpp0110543	717	0.2524	23	181	0.3479
FBgn0250831	FBpp0110066	106	0.4906	52	52	0.3844
FBgn0250832	FBpp0088975	54	0.5000	25	27	0.3648
FBgn0250833	FBpp0111679	138	0.2246	26	31	0.2770
FBgn0250834	FBpp0080235	192	0.7292	47	140	0.4474
FBgn0250835	FBpp0307164	159	0.4088	39	65	0.3737
FBgn0250836	FBpp0290436	84	0.6190	22	52	0.4193
FBgn0250837	FBpp0079746	188	0.2234	21	42	0.3385
FBgn0250838	FBpp0071939	82	0.5732	25	47	0.3973
FBgn0250839	FBpp0307387	254	0.3110	28	79	0.3536
FBgn0250841	FBpp0307158	245	0.0653	4	16	0.2942
FBgn0250842	FBpp0292065	298	0.5235	32	156	0.3948
FBgn0250843	FBpp0310201	279	0.5412	50	151	0.4207
FBgn0250844	FBpp0080228	281	0.8114	58	228	0.4638
FBgn0250845	FBpp0081122	187	0.7433	79	139	0.4410
FBgn0250846	FBpp0290501	222	0.4820	89	107	0.3984
FBgn0250847	FBpp0110099	338	0.2544	29	86	0.3287
FBgn0250848	FBpp0075508	549	0.3807	44	209	0.3741
FBgn0250849	FBpp0076642	79	0.7215	55	57	0.5007
FBgn0250850	FBpp0085564	1235	0.4267	106	527	0.3872
FBgn0250851	FBpp0302985	112	0.5625	33	63	0.3776
FBgn0250862	FBpp0073553	363	0.3774	34	137	0.3813
FBgn0250867	FBpp0288744	148	0.5338	31	79	0.3782
FBgn0250868	FBpp0288746	69	0.3333	18	23	0.3510
FBgn0250869	FBpp0303241	346	0.8699	128	301	0.5130
FBgn0250871	FBpp0294059	963	0.6978	125	672	0.4413
FBgn0250874	FBpp0070474	428	0.4579	46	196	0.3991
FBgn0250903	FBpp0305611	85	0.2824	18	24	0.3397
FBgn0250904	FBpp0111647	460	0.3022	55	139	0.3247
FBgn0250906	FBpp0077419	415	0.1301	14	54	0.3258
FBgn0250907	FBpp0303592	2286	0.4287	68	980	0.3923
FBgn0250908	FBpp0288767	517	0.5629	51	291	0.4289
FBgn0250910	FBpp0288773	1256	0.5732	164	720	0.4075
FBgn0250911	FBpp0288791	151	0.9603	62	145	0.5752
FBgn0259098	FBpp0288782	89	0.3146	14	28	0.3130
FBgn0259099	FBpp0303608	1118	0.4982	95	557	0.3931
FBgn0259101	FBpp0288788	558	0.3118	26	174	0.3473
FBgn0259108	FBpp0111540	5495	0.8349	1286	4588	0.5228
FBgn0259110	FBpp0309271	1484	0.5660	110	840	0.4136
FBgn0259111	FBpp0288814	1190	0.4017	94	478	0.3611
FBgn0259113	FBpp0083514	1488	0.6042	67	899	0.4340
FBgn0259139	FBpp0088856	586	0.5717	47	335	0.4171
FBgn0259140	FBpp0304441	3613	0.4653	51	1681	0.3924
FBgn0259143	FBpp0288833	465	0.6215	81	289	0.4315
FBgn0259145	FBpp0423144	1269	0.4752	86	603	0.4002
FBgn0259146	FBpp0306919	1391	0.7390	93	1028	0.4707
FBgn0259148	FBpp0291622	162	0.0309	2	5	0.2129
FBgn0259149	FBpp0288871	634	0.5032	49	319	0.3959
FBgn0259150	FBpp0312397	1596	0.5833	203	931	0.4254
FBgn0259151	FBpp0288874	571	0.8494	111	485	0.5107
FBgn0259152	FBpp0290492	992	0.6462	119	641	0.4509
FBgn0259162	FBpp0304659	663	0.5958	121	395	0.4621
FBgn0259163	FBpp0303927	1493	0.7830	119	1169	0.4814
FBgn0259164	FBpp0288885	662	0.2538	42	168	0.2927
FBgn0259166	FBpp0288890	1280	0.6086	58	779	0.4194
FBgn0259167	FBpp0288891	584	0.5668	92	331	0.4280
FBgn0259168	FBpp0289737	1047	0.4394	111	460	0.3886
FBgn0259170	FBpp0288908	684	0.4693	64	321	0.3903
FBgn0259171	FBpp0303421	1623	0.6315	109	1025	0.4453
FBgn0259173	FBpp0288916	1107	0.6865	222	760	0.4563
FBgn0259174	FBpp0289746	1007	0.6693	115	674	0.4492
FBgn0259175	FBpp0288926	1040	0.4212	144	438	0.3918
FBgn0259176	FBpp0288933	1331	0.6965	78	927	0.4602
FBgn0259178	FBpp0288936	699	0.5708	71	399	0.4191
FBgn0259179	FBpp0309868	657	0.5540	52	364	0.4183
FBgn0259183	FBpp0288945	145	0.0000	0	0	0.1982
FBgn0259184	FBpp0288946	160	0.0000	0	0	0.1986
FBgn0259185	FBpp0288947	577	0.2634	32	152	0.3395
FBgn0259187	FBpp0291494	574	0.2561	21	147	0.3369
FBgn0259188	FBpp0288950	621	0.2689	37	167	0.3344
FBgn0259189	FBpp0288951	608	0.1941	18	118	0.3234
FBgn0259190	FBpp0288952	594	0.2273	24	135	0.3267
FBgn0259192	FBpp0288954	994	0.7777	88	773	0.4621
FBgn0259193	FBpp0288955	593	0.2681	26	159	0.3268
FBgn0259194	FBpp0288956	611	0.2439	23	149	0.3370
FBgn0259195	FBpp0288957	182	0.6868	68	125	0.4534
FBgn0259196	FBpp0288958	181	0.6851	67	124	0.4544
FBgn0259198	FBpp0288960	121	0.7107	59	86	0.4723
FBgn0259199	FBpp0288961	351	0.5783	74	203	0.4480
FBgn0259200	FBpp0311008	565	0.7522	119	425	0.4630
FBgn0259201	FBpp0288964	48	0.8333	39	40	0.4697
FBgn0259202	FBpp0309339	121	0.4132	33	50	0.3467
FBgn0259203	FBpp0288969	95	0.7053	26	67	0.4834
FBgn0259204	FBpp0288972	61	0.4098	24	25	0.3608
FBgn0259209	FBpp0288975	486	0.3004	27	146	0.3593
FBgn0259210	FBpp0288978	1235	0.5725	266	707	0.4309
FBgn0259211	FBpp0288984	1333	0.5919	58	789	0.4354
FBgn0259212	FBpp0289752	2051	0.6153	258	1262	0.4551
FBgn0259213	FBpp0428412	1067	0.4752	72	507	0.3857
FBgn0259214	FBpp0293013	1255	0.4343	98	545	0.3747
FBgn0259215	FBpp0307913	868	0.3756	44	326	0.3617
FBgn0259216	FBpp0300897	1256	0.7253	78	911	0.4629
FBgn0259219	FBpp0289018	452	0.6947	61	314	0.4472
FBgn0259221	FBpp0289035	1350	0.4230	66	571	0.3723
FBgn0259222	FBpp0311440	743	0.3890	64	289	0.3454
FBgn0259223	FBpp0289054	259	0.1622	42	42	0.2473
FBgn0259224	FBpp0306698	1037	0.7628	110	791	0.4685
FBgn0259226	FBpp0308444	1376	0.6977	169	960	0.4613
FBgn0259227	FBpp0289067	1429	0.7999	160	1143	0.4712
FBgn0259228	FBpp0289753	1571	0.6556	201	1030	0.4464
FBgn0259229	FBpp0289074	691	0.1838	42	127	0.2852
FBgn0259230	FBpp0288953	263	0.4639	32	122	0.3797
FBgn0259231	FBpp0288959	673	0.3759	58	253	0.3508
FBgn0259233	FBpp0289120	1615	0.6867	186	1109	0.4570
FBgn0259236	FBpp0289129	423	0.3404	40	144	0.3400
FBgn0259237	FBpp0310619	924	0.3626	47	335	0.3638
FBgn0259238	FBpp0289133	162	0.6790	32	110	0.4403
FBgn0259239	FBpp0289135	610	0.8459	88	516	0.4985
FBgn0259241	FBpp0289140	395	0.6329	131	250	0.4416
FBgn0259242	FBpp0428139	759	0.3926	72	298	0.3615
FBgn0259243	FBpp0291777	464	0.4159	38	193	0.3913
FBgn0259244	FBpp0292667	831	0.7100	69	590	0.4590
FBgn0259245	FBpp0289176	555	0.4883	66	271	0.3982
FBgn0259246	FBpp0428439	2243	0.8654	318	1941	0.4958
FBgn0259481	FBpp0088371	728	0.5948	175	433	0.4401
FBgn0259482	FBpp0079573	220	0.4000	32	88	0.3679
FBgn0259483	FBpp0297918	227	0.5551	44	126	0.4173
FBgn0259676	FBpp0077899	533	0.5009	52	267	0.3965
FBgn0259677	FBpp0305379	1817	0.4799	119	872	0.4021
FBgn0259678	FBpp0289207	888	0.6734	211	598	0.4592
FBgn0259682	FBpp0289220	560	0.8339	81	467	0.5093
FBgn0259683	FBpp0307914	732	0.3579	41	262	0.3582
FBgn0259685	FBpp0293268	2253	0.4585	82	1033	0.3956
FBgn0259699	FBpp0289229	1022	0.8943	295	914	0.5354
FBgn0259700	FBpp0301999	503	0.7416	168	373	0.5076
FBgn0259701	FBpp0301545	161	0.9627	76	155	0.5354
FBgn0259702	FBpp0289232	422	0.1943	23	82	0.2815
FBgn0259703	FBpp0289233	449	0.2873	35	129	0.3125
FBgn0259704	FBpp0289234	433	0.4873	46	211	0.4002
FBgn0259705	FBpp0289235	132	0.4242	27	56	0.3764
FBgn0259707	FBpp0289237	207	0.5314	39	110	0.3945
FBgn0259708	FBpp0289238	152	0.6908	36	105	0.4477
FBgn0259709	FBpp0289239	154	0.7532	50	116	0.4427
FBgn0259710	FBpp0291688	202	0.6535	47	132	0.4501
FBgn0259711	FBpp0289241	208	0.7500	56	156	0.4521
FBgn0259712	FBpp0289242	706	0.5439	85	384	0.4181
FBgn0259713	FBpp0304024	103	0.3495	21	36	0.3308
FBgn0259714	FBpp0289244	467	0.5396	59	252	0.4013
FBgn0259715	FBpp0289245	401	0.5012	41	201	0.3856
FBgn0259716	FBpp0289246	655	0.4565	53	299	0.3777
FBgn0259717	FBpp0289247	87	0.4368	15	38	0.3605
FBgn0259718	FBpp0309037	68	0.7941	38	54	0.4534
FBgn0259720	FBpp0289252	129	0.6744	30	87	0.4647
FBgn0259721	FBpp0289253	80	0.5125	30	41	0.4396
FBgn0259722	FBpp0289254	92	1.0000	92	92	0.5580
FBgn0259725	FBpp0289267	84	0.7262	46	61	0.4908
FBgn0259726	FBpp0289269	65	0.5692	18	37	0.4091
FBgn0259727	FBpp0289266	76	0.6316	22	48	0.4595
FBgn0259728	FBpp0289271	180	0.7667	50	138	0.4820
FBgn0259729	FBpp0289272	353	0.7224	88	255	0.4604
FBgn0259730	FBpp0289274	11	0.0000	0	0	0.2818
FBgn0259731	FBpp0289275	11	0.0000	0	0	0.2818
FBgn0259732	FBpp0289276	11	0.0000	0	0	0.3788
FBgn0259733	FBpp0289273	32	1.0000	32	32	0.6136
FBgn0259734	FBpp0310014	1330	0.7669	106	1020	0.4793
FBgn0259735	FBpp0289280	2064	0.6076	95	1254	0.4432
FBgn0259736	FBpp0428092	1544	0.8517	165	1315	0.5059
FBgn0259737	FBpp0289319	253	0.5059	69	128	0.3982
FBgn0259738	FBpp0289320	74	0.5270	32	39	0.3834
FBgn0259739	FBpp0289321	135	0.0667	5	9	0.2096
FBgn0259740	FBpp0289322	77	0.2857	18	22	0.2445
FBgn0259741	FBpp0311221	179	0.0391	2	7	0.2663
FBgn0259742	FBpp0289236	496	0.6633	123	329	0.4799
FBgn0259745	FBpp0289357	832	0.4062	44	338	0.3762
FBgn0259748	FBpp0289733	178	0.3034	24	54	0.3488
FBgn0259749	FBpp0078898	520	0.4250	40	221	0.3776
FBgn0259785	FBpp0077992	996	0.6627	136	660	0.4305
FBgn0259789	FBpp0074576	1596	0.7299	271	1165	0.4687
FBgn0259791	FBpp0074874	539	0.8367	115	451	0.4843
FBgn0259794	FBpp0290897	351	0.4017	56	141	0.3935
FBgn0259795	FBpp0086239	526	0.3156	25	166	0.3433
FBgn0259817	FBpp0289382	172	0.4302	21	74	0.3866
FBgn0259818	FBpp0291141	1655	0.6387	136	1057	0.4491
FBgn0259821	FBpp0308995	747	0.5797	46	433	0.4126
FBgn0259823	FBpp0294061	1133	0.6981	119	791	0.4623
FBgn0259824	FBpp0303194	655	0.2290	28	150	0.3031
FBgn0259831	FBpp0111418	101	0.6436	54	65	0.4378
FBgn0259832	FBpp0111337	90	0.9111	46	82	0.4715
FBgn0259834	FBpp0074451	655	0.3771	80	247	0.3396
FBgn0259876	FBpp0288780	1351	0.5714	313	772	0.4464
FBgn0259878	FBpp0089409	767	0.6688	146	513	0.4603
FBgn0259896	FBpp0301776	622	0.5450	54	339	0.3981
FBgn0259916	FBpp0289436	87	0.2529	22	22	0.2754
FBgn0259917	FBpp0289435	123	0.3252	34	40	0.3637
FBgn0259918	FBpp0289437	81	0.2593	17	21	0.3092
FBgn0259922	FBpp0289454	133	0.5564	50	74	0.4423
FBgn0259923	FBpp0074139	427	0.6370	37	272	0.4314
FBgn0259926	FBpp0289458	310	0.5194	65	161	0.3829
FBgn0259927	FBpp0302026	1280	0.7102	98	909	0.4496
FBgn0259932	FBpp0289470	78	0.4744	37	37	0.3434
FBgn0259933	FBpp0289473	81	0.0000	0	0	0.1766
FBgn0259935	FBpp0289481	711	0.5977	86	425	0.4376
FBgn0259937	FBpp0072166	508	0.5669	114	288	0.4286
FBgn0259938	FBpp0081723	698	0.6375	85	445	0.4197
FBgn0259949	FBpp0289523	78	0.2949	12	23	0.3264
FBgn0259950	FBpp0289522	79	0.2532	13	20	0.3092
FBgn0259951	FBpp0289524	121	0.5537	39	67	0.4267
FBgn0259952	FBpp0289525	110	0.3818	38	42	0.3605
FBgn0259953	FBpp0291413	111	0.4865	26	54	0.3639
FBgn0259954	FBpp0289528	87	0.4368	13	38	0.3482
FBgn0259955	FBpp0289529	73	0.2466	16	18	0.3130
FBgn0259956	FBpp0289530	80	0.0250	1	2	0.3006
FBgn0259957	FBpp0289531	82	0.3902	27	32	0.3531
FBgn0259958	FBpp0293181	175	0.6057	59	106	0.4191
FBgn0259959	FBpp0289533	84	0.4405	37	37	0.3685
FBgn0259960	FBpp0289536	91	0.4396	16	40	0.3611
FBgn0259961	FBpp0289535	83	0.6867	42	57	0.4159
FBgn0259962	FBpp0289534	93	0.4624	33	43	0.3791
FBgn0259963	FBpp0289537	50	0.2800	5	14	0.2996
FBgn0259964	FBpp0289538	99	0.6364	44	63	0.3686
FBgn0259965	FBpp0289539	81	0.3457	25	28	0.3299
FBgn0259966	FBpp0289553	139	0.6906	38	96	0.4177
FBgn0259967	FBpp0289540	159	0.6289	82	100	0.4398
FBgn0259968	FBpp0289541	82	0.1220	6	10	0.2690
FBgn0259969	FBpp0289542	141	0.5745	40	81	0.3914
FBgn0259970	FBpp0289544	55	0.6182	34	34	0.4085
FBgn0259971	FBpp0289543	49	0.5510	27	27	0.3839
FBgn0259972	FBpp0289545	82	0.3293	9	27	0.3420
FBgn0259973	FBpp0289546	35	0.5143	18	18	0.3429
FBgn0259974	FBpp0289550	160	0.3750	30	60	0.3383
FBgn0259975	FBpp0289547	87	0.5632	40	49	0.4123
FBgn0259977	FBpp0085476	587	0.3254	68	191	0.3748
FBgn0259978	FBpp0085375	605	0.7041	83	426	0.4588
FBgn0259982	FBpp0080268	162	0.7222	62	117	0.4429
FBgn0259984	FBpp0080087	1238	0.6704	108	830	0.4606
FBgn0259985	FBpp0308658	366	0.3880	29	142	0.3554
FBgn0259986	FBpp0291243	625	0.6688	72	418	0.4426
FBgn0259989	FBpp0289666	77	0.6234	35	48	0.3545
FBgn0259990	FBpp0289668	309	0.6990	60	216	0.4898
FBgn0259991	FBpp0289669	103	0.3883	21	40	0.3886
FBgn0259992	FBpp0289670	77	0.4805	27	37	0.3447
FBgn0259994	FBpp0289692	991	0.4046	70	401	0.3544
FBgn0259998	FBpp0080908	258	0.2093	22	54	0.3241
FBgn0260000	FBpp0080907	134	0.3881	21	52	0.3852
FBgn0260003	FBpp0110219	3598	0.7246	142	2607	0.4553
FBgn0260004	FBpp0083430	551	0.3684	56	203	0.3653
FBgn0260005	FBpp0081250	986	0.3570	57	352	0.3510
FBgn0260006	FBpp0099994	827	0.3229	45	267	0.3414
FBgn0260007	FBpp0289734	154	0.1494	23	23	0.2469
FBgn0260008	FBpp0290997	85	0.4941	33	42	0.4071
FBgn0260011	FBpp0080169	377	0.4509	59	170	0.3847
FBgn0260012	FBpp0087082	1218	0.3612	56	440	0.3692
FBgn0260026	FBpp0289810	283	0.7032	93	199	0.4600
FBgn0260027	FBpp0289809	142	0.1479	12	21	0.2786
FBgn0260049	FBpp0075581	608	0.4128	32	251	0.3768
FBgn0260222	FBpp0289852	94	0.8617	29	81	0.5121
FBgn0260223	FBpp0289853	65	0.5846	34	38	0.3943
FBgn0260224	FBpp0289851	111	0.6216	26	69	0.4437
FBgn0260226	FBpp0289854	76	0.0000	0	0	0.1956
FBgn0260228	FBpp0311565	50	0.9400	47	47	0.5213
FBgn0260229	FBpp0289862	90	0.2667	20	24	0.3490
FBgn0260230	FBpp0289864	220	0.7273	70	160	0.4617
FBgn0260231	FBpp0289863	203	0.6847	82	139	0.4492
FBgn0260233	FBpp0289866	318	0.7893	94	251	0.4827
FBgn0260234	FBpp0289868	113	0.4956	33	56	0.3773
FBgn0260237	FBpp0289871	76	0.6579	35	50	0.5076
FBgn0260238	FBpp0289876	100	0.6600	33	66	0.4730
FBgn0260243	FBpp0081490	588	0.6718	88	395	0.4485
FBgn0260386	FBpp0301781	556	0.6781	93	377	0.4427
FBgn0260388	FBpp0289879	533	0.2795	41	149	0.3293
FBgn0260390	FBpp0289884	150	0.7200	48	108	0.4589
FBgn0260392	FBpp0289886	85	0.6706	42	57	0.4632
FBgn0260393	FBpp0302615	337	0.5223	28	176	0.3863
FBgn0260396	FBpp0289892	123	0.5366	34	66	0.3969
FBgn0260397	FBpp0074594	890	0.5157	138	459	0.4201
FBgn0260398	FBpp0289882	377	0.5225	61	197	0.4167
FBgn0260399	FBpp0083089	846	0.6738	173	570	0.4326
FBgn0260400	FBpp0298002	483	0.4493	56	217	0.3834
FBgn0260401	FBpp0289888	144	0.8125	71	117	0.4790
FBgn0260407	FBpp0080143	189	0.7143	68	135	0.4615
FBgn0260428	FBpp0290075	184	0.9457	137	174	0.5335
FBgn0260429	FBpp0309025	85	0.8235	53	70	0.4775
FBgn0260430	FBpp0290077	419	0.7351	282	308	0.5322
FBgn0260431	FBpp0290078	245	0.7592	65	186	0.4536
FBgn0260434	FBpp0290081	268	0.3993	27	107	0.3635
FBgn0260436	FBpp0290082	134	0.0075	1	1	0.1807
FBgn0260486	FBpp0304510	2298	0.5126	87	1178	0.4027
FBgn0260487	FBpp0290120	1555	0.7151	282	1112	0.4832
FBgn0260499	FBpp0113067	158	0.3987	14	63	0.3406
FBgn0260632	FBpp0309222	999	0.6817	204	681	0.4639
FBgn0260634	FBpp0088566	2072	0.6897	185	1429	0.4546
FBgn0260635	FBpp0075254	438	0.4886	64	214	0.4049
FBgn0260639	FBpp0077326	475	0.4758	32	226	0.3925
FBgn0260642	FBpp0081161	378	0.7593	123	287	0.5052
FBgn0260643	FBpp0290170	187	0.3636	35	68	0.3428
FBgn0260644	FBpp0290171	184	0.2880	42	53	0.3403
FBgn0260645	FBpp0290223	90	0.7111	40	64	0.3899
FBgn0260646	FBpp0290224	89	0.6517	43	58	0.3917
FBgn0260648	FBpp0077551	232	0.1164	12	27	0.3192
FBgn0260653	FBpp0074721	541	0.4954	61	268	0.4005
FBgn0260655	FBpp0074734	1319	0.4375	37	577	0.3907
FBgn0260657	FBpp0293525	517	0.6499	157	336	0.4769
FBgn0260658	FBpp0290321	1418	0.6269	170	889	0.4525
FBgn0260659	FBpp0290325	503	0.4851	86	244	0.3719
FBgn0260660	FBpp0301686	1039	0.5361	72	557	0.4036
FBgn0260713	FBpp0290432	120	0.7250	40	87	0.4477
FBgn0260741	FBpp0081985	538	0.6636	91	357	0.4410
FBgn0260742	FBpp0112135	581	0.7349	100	427	0.4471
FBgn0260743	FBpp0081958	321	0.2648	23	85	0.3184
FBgn0260744	FBpp0081982	381	0.0814	14	31	0.2337
FBgn0260745	FBpp0081972	905	0.5006	57	453	0.3994
FBgn0260746	FBpp0081961	637	0.3673	41	234	0.3589
FBgn0260747	FBpp0074161	170	0.5706	45	97	0.4153
FBgn0260748	FBpp0074160	1247	0.7257	117	905	0.4665
FBgn0260749	FBpp0079664	1136	0.5423	137	616	0.4181
FBgn0260750	FBpp0079576	408	0.5025	64	205	0.3976
FBgn0260753	FBpp0300789	738	0.3889	92	287	0.3687
FBgn0260755	FBpp0290467	371	0.4609	36	171	0.3988
FBgn0260756	FBpp0290468	213	0.5869	43	125	0.4280
FBgn0260758	FBpp0290470	257	0.2529	14	65	0.3624
FBgn0260759	FBpp0290471	153	0.6078	78	93	0.4403
FBgn0260760	FBpp0290472	122	0.3770	31	46	0.3654
FBgn0260761	FBpp0290473	152	0.8816	133	134	0.4941
FBgn0260762	FBpp0290477	93	0.8817	82	82	0.5288
FBgn0260763	FBpp0290480	128	0.5859	52	75	0.3849
FBgn0260764	FBpp0290481	126	0.5000	22	63	0.3781
FBgn0260766	FBpp0290483	500	0.5420	48	271	0.4012
FBgn0260767	FBpp0290484	135	0.4519	32	61	0.3639
FBgn0260768	FBpp0311085	77	0.4026	15	31	0.3528
FBgn0260770	FBpp0290488	110	0.7818	54	86	0.5513
FBgn0260771	FBpp0290490	595	0.7580	197	451	0.5015
FBgn0260775	FBpp0290486	217	0.7189	52	156	0.4460
FBgn0260776	FBpp0290548	610	0.5082	128	310	0.3696
FBgn0260777	FBpp0304184	292	0.2123	48	62	0.2662
FBgn0260779	FBpp0083132	508	0.3327	33	169	0.3679
FBgn0260780	FBpp0073417	1373	0.6591	331	905	0.4731
FBgn0260789	FBpp0071267	1837	0.7044	174	1294	0.4825
FBgn0260793	FBpp0303176	1155	0.5835	125	674	0.4257
FBgn0260794	FBpp0292914	3140	0.6054	163	1901	0.4341
FBgn0260795	FBpp0290653	667	0.3223	63	215	0.3382
FBgn0260798	FBpp0291451	700	0.4714	49	330	0.3885
FBgn0260799	FBpp0110406	781	0.6133	76	479	0.4246
FBgn0260812	FBpp0290482	353	0.6006	39	212	0.4245
FBgn0260817	FBpp0077263	580	0.4362	78	253	0.3877
FBgn0260855	FBpp0301847	213	0.4460	25	95	0.3548
FBgn0260856	FBpp0076849	216	0.5833	78	126	0.4157
FBgn0260857	FBpp0074757	117	0.3932	40	46	0.3637
FBgn0260858	FBpp0071049	199	0.5176	36	103	0.3862
FBgn0260859	FBpp0088818	178	0.5000	26	89	0.3947
FBgn0260860	FBpp0084936	145	0.4621	21	67	0.3869
FBgn0260861	FBpp0079332	219	0.3836	30	84	0.3543
FBgn0260862	FBpp0072503	230	0.7609	61	175	0.4413
FBgn0260866	FBpp0303262	696	0.4583	61	319	0.3951
FBgn0260867	FBpp0290782	92	0.7065	65	65	0.4693
FBgn0260868	FBpp0290781	92	0.7065	65	65	0.4857
FBgn0260869	FBpp0290780	99	0.8182	79	81	0.5421
FBgn0260870	FBpp0290779	99	0.7980	79	79	0.5347
FBgn0260871	FBpp0290788	85	0.6706	55	57	0.4836
FBgn0260873	FBpp0290785	105	0.6857	72	72	0.4750
FBgn0260874	FBpp0290822	646	0.2616	61	169	0.3278
FBgn0260932	FBpp0087141	384	0.5417	26	208	0.3969
FBgn0260933	FBpp0077738	1503	0.3480	64	523	0.3670
FBgn0260934	FBpp0303278	1170	0.6752	113	790	0.4506
FBgn0260935	FBpp0081466	1342	0.3212	32	431	0.3667
FBgn0260936	FBpp0076806	1038	0.7216	220	749	0.4806
FBgn0260938	FBpp0301766	2486	0.6315	117	1570	0.4508
FBgn0260940	FBpp0083533	254	0.5118	61	130	0.3853
FBgn0260941	FBpp0290276	755	0.5576	97	421	0.3962
FBgn0260942	FBpp0083654	322	0.2453	27	79	0.3192
FBgn0260943	FBpp0112339	499	0.4629	45	231	0.3943
FBgn0260944	FBpp0081754	144	0.6319	72	91	0.4737
FBgn0260945	FBpp0289788	855	0.5357	53	458	0.4151
FBgn0260953	FBpp0290952	349	0.4327	41	151	0.3885
FBgn0260954	FBpp0290954	89	0.3034	9	27	0.3172
FBgn0260955	FBpp0290956	49	0.5918	29	29	0.3625
FBgn0260959	FBpp0290646	1028	0.7899	157	812	0.4816
FBgn0260960	FBpp0075114	316	0.1962	27	62	0.3111
FBgn0260962	FBpp0082177	1140	0.3009	37	343	0.3504
FBgn0260964	FBpp0090962	646	0.3576	125	231	0.3318
FBgn0260965	FBpp0290931	2730	0.7945	548	2169	0.4908
FBgn0260967	FBpp0290958	280	0.3893	63	109	0.3772
FBgn0260968	FBpp0290957	159	0.7044	45	112	0.4682
FBgn0260969	FBpp0290961	142	0.0493	6	7	0.2194
FBgn0260970	FBpp0303730	2236	0.4043	57	904	0.3792
FBgn0260971	FBpp0311747	1039	0.4052	108	421	0.3885
FBgn0260972	FBpp0087705	341	0.6012	71	205	0.4098
FBgn0260985	FBpp0073120	331	0.3505	32	116	0.3692
FBgn0260986	FBpp0402838	347	0.8934	104	310	0.5101
FBgn0260987	FBpp0112469	715	0.5273	38	377	0.4050
FBgn0260990	FBpp0305956	873	0.5533	142	483	0.4353
FBgn0260991	FBpp0088035	755	0.8742	253	660	0.5306
FBgn0260995	FBpp0306958	282	0.4043	36	114	0.3727
FBgn0260996	FBpp0291013	166	0.2169	27	36	0.2973
FBgn0260997	FBpp0310230	340	0.5029	35	171	0.3750
FBgn0261004	FBpp0078392	994	0.9145	262	909	0.5301
FBgn0261015	FBpp0304777	1264	0.8703	176	1100	0.4959
FBgn0261016	FBpp0293708	1836	0.4651	109	854	0.3892
FBgn0261019	FBpp0289215	178	0.2921	13	52	0.3652
FBgn0261020	FBpp0079234	326	0.2761	31	90	0.3374
FBgn0261041	FBpp0293237	1271	0.3973	35	505	0.3737
FBgn0261046	FBpp0303244	2087	0.5232	65	1092	0.4018
FBgn0261049	FBpp0081548	574	0.3728	40	214	0.3772
FBgn0261053	FBpp0293207	1949	0.6783	261	1322	0.4608
FBgn0261054	FBpp0291146	100	0.6000	46	60	0.3866
FBgn0261055	FBpp0291147	121	0.4380	21	53	0.3484
FBgn0261057	FBpp0291149	35	0.3714	13	13	0.3214
FBgn0261058	FBpp0291150	169	0.7278	60	123	0.4699
FBgn0261059	FBpp0306091	150	0.4200	24	63	0.3717
FBgn0261060	FBpp0291152	53	0.3585	12	19	0.3180
FBgn0261061	FBpp0291153	33	0.2424	8	8	0.2297
FBgn0261064	FBpp0079203	505	0.6792	85	343	0.4423
FBgn0261065	FBpp0083105	684	0.3348	28	229	0.3499
FBgn0261067	FBpp0071553	137	0.3285	44	45	0.3809
FBgn0261068	FBpp0080488	110	0.4636	26	51	0.3975
FBgn0261085	FBpp0303988	787	0.5565	169	438	0.4167
FBgn0261086	FBpp0308634	648	0.5154	50	334	0.4102
FBgn0261089	FBpp0292346	504	0.5218	37	263	0.4016
FBgn0261090	FBpp0289127	602	0.5066	79	305	0.4113
FBgn0261108	FBpp0081333	523	0.6291	70	329	0.4314
FBgn0261109	FBpp0075348	499	0.3828	30	191	0.3820
FBgn0261111	FBpp0076545	460	0.4261	37	196	0.3925
FBgn0261112	FBpp0303606	524	0.2958	37	155	0.3679
FBgn0261113	FBpp0083114	668	0.7560	97	505	0.4851
FBgn0261119	FBpp0085902	505	0.3743	41	189	0.3796
FBgn0261238	FBpp0306738	1717	0.7793	133	1338	0.4987
FBgn0261239	FBpp0081008	808	0.6473	89	523	0.4323
FBgn0261243	FBpp0072583	1075	0.4781	55	514	0.3937
FBgn0261244	FBpp0288741	1318	0.4446	45	586	0.3754
FBgn0261245	FBpp0074092	176	0.0000	0	0	0.2179
FBgn0261258	FBpp0301169	808	0.9158	624	740	0.5970
FBgn0261260	FBpp0291363	4769	0.4401	59	2099	0.3857
FBgn0261261	FBpp0291301	1572	0.6310	76	992	0.4327
FBgn0261262	FBpp0293228	1188	0.4596	63	546	0.3980
FBgn0261266	FBpp0079900	253	0.2727	23	69	0.3471
FBgn0261267	FBpp0291432	67	0.3284	22	22	0.3717
FBgn0261268	FBpp0291369	934	0.6360	56	594	0.4333
FBgn0261269	FBpp0308988	1092	0.4002	45	437	0.3772
FBgn0261270	FBpp0086690	398	0.1960	15	78	0.3192
FBgn0261274	FBpp0073073	483	0.4203	37	203	0.3850
FBgn0261276	FBpp0086700	972	0.5916	75	575	0.4211
FBgn0261277	FBpp0312073	151	0.1722	18	26	0.3041
FBgn0261278	FBpp0080442	512	0.4121	68	211	0.3876
FBgn0261279	FBpp0288790	1415	0.4968	97	703	0.4015
FBgn0261283	FBpp0074642	1113	0.5382	81	599	0.4079
FBgn0261284	FBpp0070964	149	0.2416	21	36	0.3079
FBgn0261285	FBpp0303077	373	0.4290	38	160	0.3758
FBgn0261286	FBpp0082727	1193	0.4552	64	543	0.3993
FBgn0261287	FBpp0310517	186	0.2903	24	54	0.3191
FBgn0261289	FBpp0311291	197	0.2792	21	55	0.3478
FBgn0261290	FBpp0091039	180	0.3222	13	58	0.3588
FBgn0261291	FBpp0091011	189	0.4233	23	80	0.3736
FBgn0261292	FBpp0090972	226	0.3496	25	79	0.3669
FBgn0261293	FBpp0090958	204	0.4608	25	94	0.3817
FBgn0261294	FBpp0091163	202	0.2624	17	53	0.3445
FBgn0261341	FBpp0311366	555	0.5099	52	283	0.3923
FBgn0261349	FBpp0291473	470	0.7255	84	341	0.4842
FBgn0261353	FBpp0291477	87	0.7011	27	61	0.4258
FBgn0261356	FBpp0291480	374	0.6818	82	255	0.4603
FBgn0261357	FBpp0291481	114	0.3509	18	40	0.3115
FBgn0261358	FBpp0312138	132	0.3712	39	49	0.3750
FBgn0261360	FBpp0291483	1525	0.4623	53	705	0.3868
FBgn0261361	FBpp0291489	652	0.3052	51	199	0.3391
FBgn0261363	FBpp0291496	683	0.4261	42	291	0.3946
FBgn0261373	FBpp0290259	215	0.3674	26	79	0.3461
FBgn0261380	FBpp0291479	408	0.4436	27	181	0.3889
FBgn0261381	FBpp0291478	330	0.5061	34	167	0.3958
FBgn0261385	FBpp0087986	1239	0.6990	82	866	0.4511
FBgn0261386	FBpp0423268	129	0.2713	8	35	0.3527
FBgn0261387	FBpp0110466	748	0.5281	71	395	0.4070
FBgn0261393	FBpp0298275	543	0.3628	28	197	0.3791
FBgn0261394	FBpp0071451	264	0.4205	55	111	0.3880
FBgn0261395	FBpp0085100	251	0.3426	25	86	0.3808
FBgn0261396	FBpp0307804	494	0.3968	48	196	0.3847
FBgn0261397	FBpp0088684	1800	0.5617	103	1011	0.4146
FBgn0261399	FBpp0312287	317	0.2145	11	68	0.3319
FBgn0261401	FBpp0291498	623	0.3387	35	211	0.3422
FBgn0261402	FBpp0291499	605	0.2777	36	168	0.3235
FBgn0261403	FBpp0085422	1059	0.3824	31	405	0.3724
FBgn0261434	FBpp0078591	297	0.6734	64	200	0.4385
FBgn0261436	FBpp0078625	448	0.1786	21	80	0.3273
FBgn0261437	FBpp0079262	182	0.4615	27	84	0.3980
FBgn0261439	FBpp0085736	661	0.2829	47	187	0.3536
FBgn0261444	FBpp0303238	1472	0.6637	223	977	0.4632
FBgn0261445	FBpp0076647	476	0.3487	27	166	0.3623
FBgn0261446	FBpp0070101	330	0.2152	22	71	0.3261
FBgn0261456	FBpp0085688	669	0.5531	119	370	0.4218
FBgn0261458	FBpp0099391	783	0.5837	119	457	0.4456
FBgn0261461	FBpp0288898	1317	0.6872	202	905	0.4711
FBgn0261477	FBpp0085872	609	0.4302	49	262	0.3980
FBgn0261479	FBpp0085222	302	0.3344	24	101	0.3652
FBgn0261501	FBpp0291587	72	0.4444	10	32	0.3554
FBgn0261502	FBpp0291589	188	0.6809	38	128	0.4391
FBgn0261506	FBpp0307375	161	0.1801	14	29	0.2430
FBgn0261507	FBpp0300320	154	0.0260	4	4	0.1999
FBgn0261508	FBpp0291629	52	0.3269	17	17	0.2506
FBgn0261509	FBpp0423153	1347	0.5360	133	722	0.4285
FBgn0261514	FBpp0310235	565	0.5381	113	304	0.4023
FBgn0261523	FBpp0428413	213	0.6103	48	130	0.4081
FBgn0261524	FBpp0073551	334	0.3353	33	112	0.3622
FBgn0261526	FBpp0290823	1042	0.7111	91	741	0.4508
FBgn0261529	FBpp0080196	1566	0.6073	70	951	0.4392
FBgn0261530	FBpp0297182	818	0.7274	105	595	0.4677
FBgn0261531	FBpp0292729	49	0.1837	6	9	0.3534
FBgn0261532	FBpp0083039	971	0.2935	26	285	0.3610
FBgn0261534	FBpp0080212	159	0.2767	27	44	0.3322
FBgn0261535	FBpp0080211	721	0.6255	199	451	0.4439
FBgn0261536	FBpp0291714	142	0.0493	7	7	0.1645
FBgn0261537	FBpp0291715	141	0.0000	0	0	0.1676
FBgn0261538	FBpp0291710	45	0.2889	13	13	0.3037
FBgn0261545	FBpp0291785	662	0.8384	128	555	0.5019
FBgn0261547	FBpp0291790	2029	0.7560	159	1534	0.4691
FBgn0261549	FBpp0305778	1462	0.5923	121	866	0.4266
FBgn0261550	FBpp0297588	990	0.5869	59	581	0.4240
FBgn0261552	FBpp0306419	780	0.5603	110	437	0.4241
FBgn0261553	FBpp0308939	1302	0.8748	282	1139	0.4958
FBgn0261554	FBpp0310601	1642	0.4135	129	679	0.3809
FBgn0261555	FBpp0291850	904	0.8208	120	742	0.5036
FBgn0261556	FBpp0291854	1661	0.6568	119	1091	0.4431
FBgn0261560	FBpp0077213	117	0.8632	68	101	0.4687
FBgn0261561	FBpp0307487	427	0.8173	80	349	0.5073
FBgn0261562	FBpp0291870	427	0.6885	133	294	0.4741
FBgn0261563	FBpp0291871	3375	0.5138	114	1734	0.4033
FBgn0261564	FBpp0291910	716	0.6662	91	477	0.4504
FBgn0261565	FBpp0291926	2147	0.8402	370	1804	0.5231
FBgn0261566	FBpp0291942	60	0.4167	13	25	0.3007
FBgn0261567	FBpp0291943	109	0.6147	46	67	0.3901
FBgn0261568	FBpp0310270	210	0.7571	69	159	0.4648
FBgn0261570	FBpp0309496	2016	0.7470	167	1506	0.4727
FBgn0261571	FBpp0423075	1609	0.4686	156	754	0.3900
FBgn0261573	FBpp0292003	824	0.6942	136	572	0.4552
FBgn0261574	FBpp0304968	4699	0.4356	78	2047	0.3879
FBgn0261575	FBpp0084221	657	0.3896	63	256	0.3715
FBgn0261580	FBpp0292020	137	0.0146	2	2	0.1644
FBgn0261581	FBpp0292019	140	0.0857	12	12	0.1841
FBgn0261582	FBpp0292024	148	0.6486	61	96	0.4703
FBgn0261583	FBpp0292025	135	0.1259	12	17	0.2730
FBgn0261584	FBpp0306130	512	0.4180	36	214	0.3721
FBgn0261587	FBpp0292035	139	0.0000	0	0	0.1180
FBgn0261588	FBpp0308446	1292	0.7786	132	1006	0.4817
FBgn0261592	FBpp0071087	248	0.6452	127	160	0.4670
FBgn0261596	FBpp0071846	131	0.5802	43	76	0.4500
FBgn0261597	FBpp0080640	114	0.5614	33	64	0.4622
FBgn0261599	FBpp0081614	56	0.3750	16	21	0.3921
FBgn0261602	FBpp0072801	256	0.5273	48	135	0.3971
FBgn0261608	FBpp0291726	92	0.4674	21	43	0.4121
FBgn0261610	FBpp0292047	897	0.8562	159	768	0.4929
FBgn0261611	FBpp0311594	509	0.4244	78	216	0.3888
FBgn0261612	FBpp0292051	840	0.4238	86	356	0.3865
FBgn0261614	FBpp0292079	78	0.6026	34	47	0.4022
FBgn0261615	FBpp0292080	119	0.3193	17	38	0.3302
FBgn0261616	FBpp0311829	87	0.5747	43	50	0.4211
FBgn0261617	FBpp0291862	3282	0.5646	120	1853	0.4291
FBgn0261618	FBpp0290398	1673	0.7543	140	1262	0.4879
FBgn0261624	FBpp0292096	215	0.8512	128	183	0.5236
FBgn0261625	FBpp0292103	775	0.5097	70	395	0.4122
FBgn0261627	FBpp0292116	168	0.2440	38	41	0.3447
FBgn0261628	FBpp0310239	186	0.5430	63	101	0.3991
FBgn0261630	FBpp0309225	92	0.7609	70	70	0.4504
FBgn0261631	FBpp0292121	101	0.4455	16	45	0.3630
FBgn0261633	FBpp0292123	97	0.4330	19	42	0.3542
FBgn0261634	FBpp0292124	96	0.6875	53	66	0.4369
FBgn0261635	FBpp0292126	79	0.2785	15	22	0.3043
FBgn0261641	FBpp0292135	1123	0.8646	233	971	0.5300
FBgn0261647	FBpp0077443	852	0.6831	97	582	0.4506
FBgn0261648	FBpp0088852	1365	0.7399	144	1010	0.4777
FBgn0261649	FBpp0088712	1513	0.5413	157	819	0.4139
FBgn0261671	FBpp0309157	5150	0.5583	97	2875	0.4210
FBgn0261673	FBpp0086980	290	0.2897	50	84	0.2940
FBgn0261674	FBpp0292106	458	0.6397	72	293	0.4201
FBgn0261675	FBpp0076932	1254	0.2791	34	350	0.3074
FBgn0261679	FBpp0292193	441	0.7868	63	347	0.4652
FBgn0261680	FBpp0292194	211	0.2464	17	52	0.3274
FBgn0261681	FBpp0292195	156	0.5000	37	78	0.3761
FBgn0261682	FBpp0292196	185	0.5568	43	103	0.3948
FBgn0261683	FBpp0292197	177	0.2486	11	44	0.3479
FBgn0261686	FBpp0292205	97	0.7113	67	69	0.4900
FBgn0261697	FBpp0292198	657	0.5495	87	361	0.4014
FBgn0261698	FBpp0292199	1878	0.5293	98	994	0.3934
FBgn0261703	FBpp0304153	959	0.6340	83	608	0.4321
FBgn0261704	FBpp0292299	51	0.4510	21	23	0.3245
FBgn0261705	FBpp0292301	362	0.6934	64	251	0.4470
FBgn0261710	FBpp0298823	2309	0.6548	125	1512	0.4627
FBgn0261714	FBpp0082021	864	0.3530	39	305	0.3672
FBgn0261722	FBpp0075297	194	0.2629	25	51	0.2666
FBgn0261723	FBpp0288576	741	0.8030	163	595	0.4836
FBgn0261786	FBpp0071967	941	0.8183	181	770	0.4927
FBgn0261787	FBpp0080933	1320	0.4667	101	616	0.4017
FBgn0261788	FBpp0292244	13559	0.8295	261	11247	0.5082
FBgn0261789	FBpp0081234	119	0.6891	50	82	0.4613
FBgn0261790	FBpp0079182	94	0.6170	21	58	0.3962
FBgn0261791	FBpp0074151	76	0.3816	18	29	0.3522
FBgn0261792	FBpp0083134	145	0.5310	26	77	0.4135
FBgn0261793	FBpp0303138	1715	0.8327	382	1428	0.5264
FBgn0261794	FBpp0309966	1077	0.3556	78	383	0.3354
FBgn0261797	FBpp0304991	4661	0.4574	72	2132	0.3917
FBgn0261799	FBpp0075167	852	0.7559	130	644	0.4837
FBgn0261801	FBpp0292362	404	0.4703	53	190	0.3808
FBgn0261802	FBpp0305885	2190	0.7639	194	1673	0.4783
FBgn0261803	FBpp0309415	345	0.3884	27	134	0.3649
FBgn0261804	FBpp0292372	1068	0.5562	123	594	0.4185
FBgn0261805	FBpp0292373	43	0.5116	12	22	0.3814
FBgn0261806	FBpp0292374	162	0.5370	24	87	0.4142
FBgn0261807	FBpp0292375	84	0.3690	21	31	0.3651
FBgn0261808	FBpp0112131	642	0.5156	48	331	0.4093
FBgn0261811	FBpp0074573	1162	0.6429	76	747	0.4471
FBgn0261816	FBpp0292393	124	0.4032	48	50	0.3880
FBgn0261817	FBpp0292394	70	0.4000	24	28	0.3479
FBgn0261822	FBpp0079196	648	0.4784	43	310	0.3984
FBgn0261823	FBpp0305149	1670	0.7263	116	1213	0.4680
FBgn0261830	FBpp0292452	161	0.7081	75	114	0.4474
FBgn0261831	FBpp0292453	191	0.6806	119	130	0.4287
FBgn0261832	FBpp0292454	232	0.5776	33	134	0.3859
FBgn0261834	FBpp0292457	98	0.2449	24	24	0.2932
FBgn0261836	FBpp0292449	13540	0.8165	202	11055	0.5086
FBgn0261837	FBpp0312409	207	0.7633	86	158	0.4959
FBgn0261838	FBpp0292463	123	0.4715	23	58	0.4001
FBgn0261839	FBpp0292466	97	0.6804	45	66	0.4367
FBgn0261840	FBpp0292465	87	0.9080	62	79	0.5040
FBgn0261841	FBpp0292468	107	0.7290	38	78	0.4559
FBgn0261842	FBpp0292467	76	0.6711	49	51	0.4437
FBgn0261843	FBpp0292469	102	0.7647	71	78	0.4919
FBgn0261844	FBpp0292470	164	0.5610	50	92	0.4318
FBgn0261845	FBpp0292471	83	0.9157	53	76	0.4889
FBgn0261847	FBpp0310821	61	0.4426	23	27	0.3380
FBgn0261848	FBpp0308850	254	0.3110	25	79	0.3659
FBgn0261849	FBpp0292478	39	0.0513	1	2	0.1998
FBgn0261850	FBpp0071503	769	0.3719	48	286	0.3652
FBgn0261853	FBpp0312503	46	0.1957	4	9	0.2775
FBgn0261854	FBpp0302921	958	0.4676	112	448	0.3983
FBgn0261858	FBpp0292515	82	0.5244	26	43	0.4050
FBgn0261859	FBpp0292538	1560	0.5564	147	868	0.4129
FBgn0261860	FBpp0428095	100	0.4600	9	46	0.3805
FBgn0261862	FBpp0290497	782	0.3977	49	311	0.3689
FBgn0261871	FBpp0309451	410	0.4220	35	173	0.3807
FBgn0261872	FBpp0075048	960	0.7531	195	723	0.4917
FBgn0261873	FBpp0111740	2020	0.6500	129	1313	0.4520
FBgn0261881	FBpp0080287	215	0.5116	26	110	0.4071
FBgn0261885	FBpp0290702	2716	0.7474	232	2030	0.4853
FBgn0261925	FBpp0310927	88	0.5682	30	50	0.4110
FBgn0261928	FBpp0311381	3213	0.8599	701	2763	0.5334
FBgn0261929	FBpp0303177	947	0.5861	146	555	0.4137
FBgn0261930	FBpp0070105	723	0.5380	83	389	0.4207
FBgn0261931	FBpp0292725	1426	0.6129	142	874	0.4360
FBgn0261932	FBpp0292746	97	0.4124	38	40	0.3806
FBgn0261933	FBpp0075684	124	0.5806	46	72	0.4426
FBgn0261934	FBpp0303178	3261	0.8083	269	2636	0.5352
FBgn0261938	FBpp0304562	1369	0.5486	106	751	0.4168
FBgn0261952	FBpp0289806	136	0.6029	22	82	0.3867
FBgn0261953	FBpp0305656	471	0.5478	59	258	0.4124
FBgn0261954	FBpp0298290	2342	0.7617	225	1784	0.4704
FBgn0261955	FBpp0070871	522	0.3889	50	203	0.3810
FBgn0261963	FBpp0302039	580	0.6190	96	359	0.4427
FBgn0261975	FBpp0292991	88	0.5455	43	48	0.4016
FBgn0261976	FBpp0303866	203	0.4433	37	90	0.3880
FBgn0261983	FBpp0297275	834	0.6055	74	505	0.4414
FBgn0261984	FBpp0112160	1074	0.4721	56	507	0.3927
FBgn0261985	FBpp0297514	974	0.5175	63	504	0.4055
FBgn0261986	FBpp0084272	607	0.8781	240	533	0.5230
FBgn0261987	FBpp0082932	809	0.4784	40	387	0.3903
FBgn0261988	FBpp0085149	714	0.4720	100	337	0.4095
FBgn0261989	FBpp0292826	278	0.5288	36	147	0.4061
FBgn0261990	FBpp0292825	135	0.8815	68	119	0.4952
FBgn0261991	FBpp0292827	145	0.3172	22	46	0.3194
FBgn0261992	FBpp0292828	109	0.7064	26	77	0.4381
FBgn0261993	FBpp0292830	213	0.2535	30	54	0.3427
FBgn0261994	FBpp0292829	217	0.2350	32	51	0.3451
FBgn0261995	FBpp0312462	212	0.2358	10	50	0.3506
FBgn0261996	FBpp0292831	237	0.3544	20	84	0.3599
FBgn0261997	FBpp0292834	101	0.7327	74	74	0.4582
FBgn0261998	FBpp0300324	1459	0.3064	51	447	0.3280
FBgn0261999	FBpp0292804	1215	0.4840	90	588	0.3927
FBgn0262000	FBpp0292805	1085	0.8267	175	897	0.5087
FBgn0262001	FBpp0292807	146	0.6849	86	100	0.4329
FBgn0262002	FBpp0292806	689	0.5718	68	394	0.4261
FBgn0262003	FBpp0292835	112	0.3839	16	43	0.3568
FBgn0262004	FBpp0292836	112	0.5089	23	57	0.3799
FBgn0262005	FBpp0292838	151	0.3841	23	58	0.3620
FBgn0262006	FBpp0292837	146	0.9041	63	132	0.4966
FBgn0262007	FBpp0292840	518	0.2973	77	154	0.3168
FBgn0262008	FBpp0292839	473	0.1438	28	68	0.2599
FBgn0262009	FBpp0292841	116	0.6552	43	76	0.4278
FBgn0262010	FBpp0292842	89	0.4157	24	37	0.3653
FBgn0262017	FBpp0292844	187	0.7647	79	143	0.4684
FBgn0262018	FBpp0292843	1799	0.5242	63	943	0.4038
FBgn0262020	FBpp0292858	124	0.9435	67	117	0.5195
FBgn0262021	FBpp0292859	65	0.4615	30	30	0.3830
FBgn0262022	FBpp0292860	87	0.4138	27	36	0.3836
FBgn0262023	FBpp0292861	122	0.5738	33	70	0.3961
FBgn0262024	FBpp0292862	108	0.5648	40	61	0.3769
FBgn0262026	FBpp0292866	62	0.4032	14	25	0.3939
FBgn0262029	FBpp0292925	1426	0.5708	92	814	0.4153
FBgn0262030	FBpp0305623	79	0.7722	33	61	0.4578
FBgn0262035	FBpp0292930	167	0.5090	15	85	0.3771
FBgn0262036	FBpp0292931	141	0.7305	66	103	0.4944
FBgn0262057	FBpp0074610	450	0.3467	27	156	0.3598
FBgn0262081	FBpp0289007	1052	0.5390	88	567	0.4306
FBgn0262098	FBpp0310925	64	0.2656	17	17	0.3399
FBgn0262099	FBpp0292986	32	0.0000	0	0	0.1538
FBgn0262100	FBpp0292988	284	0.3592	53	102	0.3528
FBgn0262101	FBpp0292989	160	0.6125	36	98	0.4426
FBgn0262102	FBpp0292992	76	0.6184	42	47	0.4808
FBgn0262103	FBpp0292994	1471	0.5343	66	786	0.4121
FBgn0262104	FBpp0292996	138	0.7536	73	104	0.4797
FBgn0262111	FBpp0293023	1918	0.7445	233	1428	0.4733
FBgn0262112	FBpp0084847	335	0.3194	21	107	0.3651
FBgn0262114	FBpp0312425	1127	0.7649	248	862	0.4918
FBgn0262115	FBpp0110523	477	0.4780	41	228	0.4031
FBgn0262116	FBpp0306999	95	0.1368	6	13	0.2530
FBgn0262117	FBpp0110478	1068	0.4785	68	511	0.4079
FBgn0262123	FBpp0112753	890	0.7596	90	676	0.4598
FBgn0262124	FBpp0291436	834	0.4472	89	373	0.3824
FBgn0262125	FBpp0301099	781	0.3905	28	305	0.3758
FBgn0262126	FBpp0303000	1231	0.5443	127	670	0.4204
FBgn0262127	FBpp0310756	1288	0.6902	97	889	0.4559
FBgn0262139	FBpp0303179	1022	0.5763	67	589	0.4250
FBgn0262140	FBpp0293066	54	0.5185	28	28	0.3695
FBgn0262141	FBpp0293067	67	0.5522	24	37	0.3901
FBgn0262143	FBpp0301589	66	0.3182	20	21	0.3315
FBgn0262144	FBpp0301588	94	0.2021	8	19	0.3076
FBgn0262146	FBpp0312059	41	0.1951	4	8	0.3756
FBgn0262150	FBpp0309569	243	0.7449	157	181	0.4871
FBgn0262160	FBpp0088895	2171	0.7199	95	1563	0.4642
FBgn0262166	FBpp0086384	471	0.5096	65	240	0.4109
FBgn0262167	FBpp0084029	1729	0.9063	236	1567	0.5249
FBgn0262169	FBpp0087489	613	0.7586	138	465	0.4631
FBgn0262170	FBpp0423076	90	0.4000	27	36	0.3340
FBgn0262351	FBpp0293176	213	0.2066	22	44	0.3013
FBgn0262352	FBpp0293172	172	0.3547	16	61	0.3756
FBgn0262353	FBpp0293171	27	0.0000	0	0	0.0625
FBgn0262354	FBpp0293174	131	0.5573	38	73	0.4149
FBgn0262356	FBpp0293178	136	0.6029	38	82	0.3770
FBgn0262357	FBpp0293179	180	0.3333	28	60	0.3751
FBgn0262358	FBpp0293180	82	0.5488	27	45	0.3800
FBgn0262359	FBpp0293182	123	0.5691	28	70	0.4022
FBgn0262360	FBpp0293183	100	0.6100	22	61	0.4066
FBgn0262361	FBpp0293184	77	0.8442	65	65	0.4833
FBgn0262362	FBpp0293185	95	0.3895	27	37	0.3375
FBgn0262363	FBpp0293187	53	0.3585	12	19	0.3169
FBgn0262364	FBpp0293188	174	0.4655	30	81	0.3846
FBgn0262365	FBpp0293189	134	0.6343	35	85	0.4043
FBgn0262366	FBpp0293191	481	0.3410	63	164	0.3807
FBgn0262467	FBpp0078688	251	0.4104	21	103	0.3686
FBgn0262473	FBpp0303187	1117	0.4288	42	479	0.3764
FBgn0262475	FBpp0293396	893	0.4367	74	390	0.3936
FBgn0262476	FBpp0293407	721	0.2427	51	175	0.2931
FBgn0262477	FBpp0293409	520	0.7192	67	374	0.4498
FBgn0262478	FBpp0293356	208	0.0721	6	15	0.2402
FBgn0262479	FBpp0293357	79	0.3291	15	26	0.3612
FBgn0262480	FBpp0293358	126	0.1270	10	16	0.2388
FBgn0262481	FBpp0297898	61	0.4590	26	28	0.3312
FBgn0262482	FBpp0293361	82	0.5610	35	46	0.3848
FBgn0262483	FBpp0293366	1844	0.5884	96	1085	0.4209
FBgn0262484	FBpp0293369	182	0.7527	80	137	0.4578
FBgn0262485	FBpp0293378	174	0.1724	13	30	0.2691
FBgn0262486	FBpp0293377	160	0.1313	21	21	0.2526
FBgn0262487	FBpp0293381	288	0.7986	120	230	0.4946
FBgn0262508	FBpp0293353	2540	0.8524	326	2165	0.5146
FBgn0262509	FBpp0293373	2192	0.6898	210	1512	0.4484
FBgn0262512	FBpp0086474	124	0.3387	17	42	0.3396
FBgn0262513	FBpp0086218	155	0.0065	1	1	0.1724
FBgn0262514	FBpp0288461	212	0.0236	3	5	0.1788
FBgn0262515	FBpp0087668	379	0.4195	42	159	0.3481
FBgn0262516	FBpp0074720	652	0.3052	51	199	0.3391
FBgn0262517	FBpp0074742	1747	0.3555	35	621	0.3752
FBgn0262518	FBpp0074690	207	0.5556	52	115	0.4097
FBgn0262519	FBpp0099808	1983	0.6152	130	1220	0.4553
FBgn0262524	FBpp0304177	214	0.5888	53	126	0.4233
FBgn0262527	FBpp0301595	1570	0.7809	203	1226	0.4928
FBgn0262528	FBpp0293507	97	0.4021	37	39	0.3501
FBgn0262529	FBpp0293508	130	0.7923	59	103	0.4338
FBgn0262530	FBpp0293509	114	0.6842	54	78	0.4103
FBgn0262531	FBpp0293515	255	0.6824	40	174	0.4279
FBgn0262534	FBpp0293413	362	0.3315	24	120	0.3644
FBgn0262535	FBpp0309527	144	0.5069	20	73	0.3759
FBgn0262536	FBpp0293416	169	0.6509	51	110	0.4325
FBgn0262537	FBpp0293421	135	0.6370	49	86	0.4069
FBgn0262538	FBpp0293420	225	0.7511	109	169	0.4698
FBgn0262539	FBpp0293419	121	0.8264	73	100	0.4818
FBgn0262540	FBpp0293418	90	0.5889	30	53	0.3803
FBgn0262541	FBpp0293417	146	0.6781	49	99	0.4046
FBgn0262544	FBpp0293523	160	0.4813	35	77	0.4019
FBgn0262547	FBpp0293427	109	0.3853	21	42	0.3366
FBgn0262559	FBpp0082985	336	0.2173	23	73	0.3373
FBgn0262560	FBpp0086314	506	0.6067	101	307	0.4316
FBgn0262562	FBpp0293548	2519	0.6820	113	1718	0.4606
FBgn0262563	FBpp0293430	77	0.3896	17	30	0.3447
FBgn0262566	FBpp0293428	258	0.8411	69	217	0.4539
FBgn0262567	FBpp0293429	63	0.5556	22	35	0.3738
FBgn0262568	FBpp0293434	133	0.9850	83	131	0.5552
FBgn0262569	FBpp0293435	57	0.4035	23	23	0.3371
FBgn0262570	FBpp0311711	483	0.3126	24	151	0.3426
FBgn0262571	FBpp0293437	141	0.4113	19	58	0.3486
FBgn0262572	FBpp0293446	62	0.3226	17	20	0.3258
FBgn0262574	FBpp0293484	64	0.0312	1	2	0.2209
FBgn0262575	FBpp0293485	184	0.2391	36	44	0.2964
FBgn0262576	FBpp0293583	165	0.4061	39	67	0.4122
FBgn0262577	FBpp0293585	75	0.7200	54	54	0.4491
FBgn0262579	FBpp0293535	1730	0.5983	163	1035	0.4346
FBgn0262580	FBpp0293498	286	0.3916	28	112	0.3513
FBgn0262581	FBpp0293499	117	0.8718	50	102	0.4818
FBgn0262582	FBpp0306420	2150	0.7591	198	1632	0.4860
FBgn0262583	FBpp0293654	282	0.5674	72	160	0.4442
FBgn0262587	FBpp0293647	245	0.4571	26	112	0.3831
FBgn0262588	FBpp0293648	258	0.4264	24	110	0.3762
FBgn0262592	FBpp0293730	190	0.3211	33	61	0.2668
FBgn0262593	FBpp0306030	1607	0.5563	159	894	0.4142
FBgn0262594	FBpp0091049	177	0.2090	12	37	0.3248
FBgn0262595	FBpp0091020	180	0.2444	13	44	0.3450
FBgn0262598	FBpp0290393	649	0.5978	129	388	0.4301
FBgn0262599	FBpp0293782	507	0.4438	31	225	0.3816
FBgn0262601	FBpp0293061	199	0.4322	26	86	0.3985
FBgn0262605	FBpp0293822	121	0.3554	26	43	0.3560
FBgn0262607	FBpp0293824	126	0.3968	26	50	0.3380
FBgn0262608	FBpp0297892	82	0.0000	0	0	0.2461
FBgn0262609	FBpp0293826	66	0.3333	22	22	0.3420
FBgn0262610	FBpp0293827	192	0.2135	33	41	0.3105
FBgn0262611	FBpp0293828	75	0.7067	20	53	0.4303
FBgn0262612	FBpp0293829	113	0.7788	42	88	0.4786
FBgn0262613	FBpp0293833	111	0.3063	26	34	0.3100
FBgn0262614	FBpp0301889	2395	0.7344	252	1759	0.4763
FBgn0262617	FBpp0428143	2803	0.8188	317	2295	0.5025
FBgn0262619	FBpp0072041	747	0.5328	120	398	0.4165
FBgn0262621	FBpp0293936	73	0.0274	2	2	0.2943
FBgn0262623	FBpp0293940	44	0.5000	22	22	0.3501
FBgn0262624	FBpp0072716	265	0.2981	20	79	0.2872
FBgn0262636	FBpp0297886	1150	0.6957	105	800	0.4523
FBgn0262647	FBpp0310208	1411	0.3529	71	498	0.3644
FBgn0262656	FBpp0303995	717	0.7768	97	557	0.4819
FBgn0262679	FBpp0294047	62	0.0000	0	0	0.2941
FBgn0262683	FBpp0294053	190	0.6947	66	132	0.4622
FBgn0262685	FBpp0294058	411	0.3285	28	135	0.3238
FBgn0262686	FBpp0294060	70	0.2857	20	20	0.2637
FBgn0262699	FBpp0070655	478	0.5962	77	285	0.4273
FBgn0262714	FBpp0075661	1294	0.6121	88	792	0.4258
FBgn0262716	FBpp0076460	418	0.3660	36	153	0.3704
FBgn0262717	FBpp0296946	1503	0.5855	105	880	0.4185
FBgn0262719	FBpp0300832	2523	0.3730	54	941	0.3678
FBgn0262721	FBpp0296986	95	0.1789	15	17	0.3097
FBgn0262728	FBpp0088497	406	0.3670	25	149	0.3522
FBgn0262730	FBpp0308754	1407	0.5011	165	705	0.4081
FBgn0262731	FBpp0402845	151	0.6225	46	94	0.4314
FBgn0262732	FBpp0303170	188	0.8245	98	155	0.4819
FBgn0262733	FBpp0310444	553	0.4901	34	271	0.3948
FBgn0262734	FBpp0310225	388	0.6469	79	251	0.4581
FBgn0262736	FBpp0085485	159	0.0377	6	6	0.1778
FBgn0262737	FBpp0293521	573	0.3979	48	228	0.3764
FBgn0262738	FBpp0310196	1095	0.5416	84	593	0.4159
FBgn0262739	FBpp0086738	984	0.4685	47	461	0.3980
FBgn0262740	FBpp0073392	807	0.7175	191	579	0.4621
FBgn0262743	FBpp0294037	884	0.3235	27	286	0.3488
FBgn0262782	FBpp0079640	337	0.2700	26	91	0.3344
FBgn0262786	FBpp0297064	126	0.5714	27	72	0.4145
FBgn0262787	FBpp0297068	84	0.9762	57	82	0.5282
FBgn0262788	FBpp0297070	70	0.1286	5	9	0.2458
FBgn0262790	FBpp0297073	23	0.0000	0	0	0.1025
FBgn0262791	FBpp0297074	22	0.0000	0	0	0.1780
FBgn0262794	FBpp0297084	116	0.2241	10	26	0.3259
FBgn0262801	FBpp0081185	185	0.2054	11	38	0.3080
FBgn0262807	FBpp0308542	21	0.0000	0	0	0.1317
FBgn0262808	FBpp0297194	152	0.4737	34	72	0.3838
FBgn0262810	FBpp0297196	128	0.8047	103	103	0.5037
FBgn0262811	FBpp0297197	71	0.5070	27	36	0.3636
FBgn0262812	FBpp0297198	138	0.0000	0	0	0.0987
FBgn0262813	FBpp0297200	81	0.9753	76	79	0.5056
FBgn0262814	FBpp0310923	54	0.4444	23	24	0.3563
FBgn0262816	FBpp0311715	145	0.0897	13	13	0.2350
FBgn0262817	FBpp0297191	44	0.4318	19	19	0.3221
FBgn0262819	FBpp0297203	114	0.0614	7	7	0.1960
FBgn0262820	FBpp0297205	235	0.6000	56	141	0.4324
FBgn0262821	FBpp0297206	170	0.0588	9	10	0.1849
FBgn0262823	FBpp0312141	88	0.3864	21	34	0.3467
FBgn0262824	FBpp0297186	138	0.0435	6	6	0.1505
FBgn0262827	FBpp0297209	155	0.0839	8	13	0.1791
FBgn0262836	FBpp0297215	21	0.0000	0	0	0.1204
FBgn0262837	FBpp0297214	23	0.0000	0	0	0.1370
FBgn0262838	FBpp0297216	63	0.2857	16	18	0.2999
FBgn0262839	FBpp0297219	61	0.4590	25	28	0.3917
FBgn0262840	FBpp0297220	61	0.4918	30	30	0.3089
FBgn0262842	FBpp0297221	72	0.4028	15	29	0.3586
FBgn0262843	FBpp0297217	73	0.5890	26	43	0.4038
FBgn0262844	FBpp0297257	73	0.1507	11	11	0.2818
FBgn0262845	FBpp0297258	106	0.5849	24	62	0.4153
FBgn0262846	FBpp0312139	59	0.3729	21	22	0.3200
FBgn0262854	FBpp0297289	182	0.3846	52	70	0.3564
FBgn0262855	FBpp0297291	98	0.8163	41	80	0.5130
FBgn0262856	FBpp0301886	35	0.4000	13	14	0.3122
FBgn0262857	FBpp0401603	34	0.2941	10	10	0.2932
FBgn0262858	FBpp0297296	64	0.6406	30	41	0.4320
FBgn0262866	FBpp0077052	911	0.4072	78	371	0.3835
FBgn0262867	FBpp0085347	1169	0.4320	87	505	0.3631
FBgn0262869	FBpp0297308	1279	0.4832	128	618	0.4019
FBgn0262870	FBpp0305769	2179	0.4810	127	1048	0.4002
FBgn0262871	FBpp0303070	735	0.4912	53	361	0.4061
FBgn0262872	FBpp0297341	1256	0.6553	81	823	0.4447
FBgn0262873	FBpp0297389	125	0.0720	4	9	0.2755
FBgn0262874	FBpp0297391	82	0.4024	30	33	0.3268
FBgn0262875	FBpp0297392	56	0.6429	24	36	0.4403
FBgn0262876	FBpp0297393	55	0.6727	37	37	0.4916
FBgn0262877	FBpp0297394	50	0.0000	0	0	0.2119
FBgn0262878	FBpp0297397	90	0.3889	29	35	0.2880
FBgn0262880	FBpp0297398	103	0.2524	20	26	0.3505
FBgn0262881	FBpp0297399	50	0.4800	24	24	0.3632
FBgn0262882	FBpp0297400	80	0.5125	20	41	0.3910
FBgn0262889	FBpp0297406	107	0.3832	26	41	0.3451
FBgn0262890	FBpp0297407	66	0.4697	12	31	0.3707
FBgn0262891	FBpp0297408	168	0.3988	29	67	0.3586
FBgn0262893	FBpp0297412	121	0.4215	15	51	0.3728
FBgn0262894	FBpp0297413	77	0.2597	10	20	0.2928
FBgn0262896	FBpp0297415	39	0.0000	0	0	0.1899
FBgn0262899	FBpp0302716	132	0.7197	91	95	0.4777
FBgn0262900	FBpp0297420	135	0.6148	54	83	0.4024
FBgn0262937	FBpp0072557	696	0.6006	76	418	0.4168
FBgn0262948	FBpp0297509	82	0.3171	12	26	0.3160
FBgn0262952	FBpp0390632	446	0.0067	3	3	0.2065
FBgn0262954	FBpp0111294	57	0.9649	47	55	0.4761
FBgn0262955	FBpp0082353	1176	0.4184	56	492	0.3810
FBgn0262960	FBpp0297648	39	0.4615	15	18	0.4138
FBgn0262961	FBpp0428219	110	0.7182	52	79	0.4617
FBgn0262962	FBpp0297653	137	0.9854	119	135	0.5845
FBgn0262966	FBpp0297654	50	0.3400	15	17	0.3152
FBgn0262975	FBpp0303398	1430	0.6028	85	862	0.4258
FBgn0262976	FBpp0298287	73	0.4658	28	34	0.3732
FBgn0262980	FBpp0297728	60	0.6833	28	41	0.4428
FBgn0262982	FBpp0297730	122	0.9836	98	120	0.5159
FBgn0262983	FBpp0297731	137	0.3504	24	48	0.3553
FBgn0262984	FBpp0297732	142	0.0563	6	8	0.2238
FBgn0262985	FBpp0297733	103	0.8641	38	89	0.4817
FBgn0262986	FBpp0423077	143	0.5594	76	80	0.3927
FBgn0262987	FBpp0297737	167	0.8084	97	135	0.5240
FBgn0262988	FBpp0297738	115	0.7652	54	88	0.4557
FBgn0262999	FBpp0297740	83	0.0602	3	5	0.2927
FBgn0263000	FBpp0297741	101	0.7921	70	80	0.4639
FBgn0263004	FBpp0297744	211	0.1469	18	31	0.3130
FBgn0263005	FBpp0297743	819	0.4396	37	360	0.3792
FBgn0263006	FBpp0072121	1020	0.3137	50	320	0.3357
FBgn0263020	FBpp0297754	120	0.6167	55	74	0.4234
FBgn0263021	FBpp0297756	191	0.8220	64	157	0.4942
FBgn0263022	FBpp0297757	246	0.7114	59	175	0.4677
FBgn0263023	FBpp0297758	172	0.6860	61	118	0.4387
FBgn0263024	FBpp0297776	57	0.4912	26	28	0.3303
FBgn0263025	FBpp0297777	398	0.4824	53	192	0.4030
FBgn0263026	FBpp0297778	65	0.3692	22	24	0.3318
FBgn0263027	FBpp0297779	359	0.5766	85	207	0.4295
FBgn0263029	FBpp0297761	66	0.6667	22	44	0.4432
FBgn0263030	FBpp0297762	157	0.5669	45	89	0.4029
FBgn0263031	FBpp0297764	123	0.5041	53	62	0.3999
FBgn0263032	FBpp0297766	149	0.7248	83	108	0.4614
FBgn0263033	FBpp0297767	241	0.7718	137	186	0.4725
FBgn0263034	FBpp0297768	194	0.3454	24	67	0.3547
FBgn0263035	FBpp0297769	170	0.1294	10	22	0.3325
FBgn0263036	FBpp0297770	253	0.4427	62	112	0.3911
FBgn0263037	FBpp0297781	628	0.8360	238	525	0.5344
FBgn0263038	FBpp0297780	1166	0.7547	122	880	0.4796
FBgn0263040	FBpp0297782	281	0.1459	11	41	0.3153
FBgn0263041	FBpp0297783	279	0.3118	33	87	0.3383
FBgn0263046	FBpp0297797	103	0.5534	57	57	0.4144
FBgn0263047	FBpp0297801	180	0.8722	109	157	0.5052
FBgn0263048	FBpp0297798	1304	0.6902	262	900	0.4631
FBgn0263050	FBpp0297826	493	0.4381	44	216	0.3711
FBgn0263051	FBpp0297827	150	0.8533	64	128	0.4836
FBgn0263072	FBpp0297865	2684	0.6259	164	1680	0.4491
FBgn0263076	FBpp0352250	760	0.6197	107	471	0.4395
FBgn0263077	FBpp0297794	3213	0.6732	89	2163	0.4396
FBgn0263078	FBpp0297773	406	0.6034	54	245	0.4319
FBgn0263079	FBpp0297775	853	0.7210	95	615	0.4625
FBgn0263080	FBpp0297939	42	1.0000	42	42	0.5452
FBgn0263081	FBpp0297940	70	1.0000	70	70	0.4580
FBgn0263082	FBpp0297941	86	0.4884	28	42	0.3762
FBgn0263083	FBpp0297942	55	0.4909	27	27	0.3965
FBgn0263084	FBpp0297943	83	0.4096	23	34	0.4399
FBgn0263086	FBpp0297944	32	0.1562	5	5	0.2167
FBgn0263087	FBpp0297946	170	0.8176	48	139	0.4789
FBgn0263094	FBpp0297949	32	0.3125	10	10	0.2689
FBgn0263102	FBpp0428132	1170	0.6376	110	746	0.4506
FBgn0263106	FBpp0076830	334	0.5958	45	199	0.4244
FBgn0263108	FBpp0298307	907	0.6560	120	595	0.4521
FBgn0263109	FBpp0298308	2140	0.7748	338	1658	0.4961
FBgn0263110	FBpp0298310	2754	0.4023	61	1108	0.3751
FBgn0263111	FBpp0423194	2110	0.4739	80	1000	0.3806
FBgn0263112	FBpp0298329	837	0.6667	72	558	0.4505
FBgn0263113	FBpp0298338	1336	0.5419	58	724	0.4181
FBgn0263114	FBpp0298339	133	0.6165	72	82	0.4460
FBgn0263116	FBpp0303089	629	0.3561	76	224	0.3290
FBgn0263117	FBpp0303414	453	0.6446	61	292	0.4406
FBgn0263120	FBpp0305216	728	0.4451	62	324	0.3762
FBgn0263121	FBpp0087970	244	0.3893	23	95	0.3853
FBgn0263131	FBpp0298357	1854	0.4515	150	837	0.3845
FBgn0263132	FBpp0298358	4611	0.8939	553	4122	0.5438
FBgn0263133	FBpp0079041	745	0.4644	46	346	0.3898
FBgn0263143	FBpp0083716	691	0.5123	95	354	0.4060
FBgn0263144	FBpp0307591	1367	0.5896	105	806	0.4304
FBgn0263197	FBpp0304550	1689	0.7673	178	1296	0.4859
FBgn0263198	FBpp0080689	739	0.8417	325	622	0.5654
FBgn0263199	FBpp0076282	490	0.3918	33	192	0.3737
FBgn0263200	FBpp0078951	350	0.5429	60	190	0.4216
FBgn0263206	FBpp0300228	73	0.4110	14	30	0.3468
FBgn0263216	FBpp0300231	208	0.3750	46	78	0.3933
FBgn0263219	FBpp0305766	1935	0.5829	127	1128	0.4223
FBgn0263220	FBpp0303756	887	0.5558	57	493	0.4332
FBgn0263231	FBpp0306433	801	0.5793	84	464	0.4226
FBgn0263232	FBpp0424322	615	0.5220	76	321	0.3992
FBgn0263233	FBpp0309185	112	0.4821	21	54	0.4074
FBgn0263234	FBpp0079916	270	0.1815	24	49	0.3207
FBgn0263235	FBpp0291994	265	0.2113	28	56	0.3361
FBgn0263236	FBpp0084769	932	0.5300	53	494	0.3972
FBgn0263237	FBpp0070723	353	0.3994	36	141	0.3655
FBgn0263239	FBpp0112047	751	0.7603	65	571	0.4937
FBgn0263240	FBpp0088057	358	0.6732	71	241	0.4616
FBgn0263241	FBpp0075935	565	0.4389	38	248	0.3890
FBgn0263246	FBpp0300407	48	0.5625	23	27	0.4660
FBgn0263247	FBpp0300404	40	0.4000	16	16	0.3114
FBgn0263248	FBpp0300403	40	0.4000	16	16	0.3114
FBgn0263249	FBpp0300405	74	0.5541	38	41	0.3886
FBgn0263250	FBpp0300560	127	0.0551	7	7	0.2311
FBgn0263251	FBpp0076077	196	0.4235	27	83	0.3949
FBgn0263256	FBpp0300618	948	0.5939	102	563	0.4273
FBgn0263257	FBpp0311302	1970	0.6147	121	1211	0.4276
FBgn0263258	FBpp0309499	1558	0.8825	354	1375	0.5261
FBgn0263260	FBpp0087519	189	0.3333	22	63	0.3669
FBgn0263270	FBpp0300744	153	0.6078	86	93	0.4851
FBgn0263271	FBpp0300745	40	0.4250	17	17	0.3928
FBgn0263278	FBpp0078887	492	0.4411	37	217	0.3879
FBgn0263289	FBpp0300852	2585	0.6588	149	1703	0.4546
FBgn0263314	FBpp0300914	112	0.5268	44	59	0.4394
FBgn0263316	FBpp0291237	1316	0.2903	63	382	0.3428
FBgn0263320	FBpp0310388	59	0.5593	33	33	0.3828
FBgn0263321	FBpp0310389	164	0.6829	84	112	0.4740
FBgn0263322	FBpp0300927	42	0.5952	24	25	0.4384
FBgn0263324	FBpp0423324	89	0.2022	11	18	0.2593
FBgn0263326	FBpp0309615	43	0.5349	11	23	0.4052
FBgn0263346	FBpp0301012	1541	0.8164	175	1258	0.4942
FBgn0263351	FBpp0083645	437	0.4828	47	211	0.3937
FBgn0263352	FBpp0113084	1057	0.6414	93	678	0.4454
FBgn0263353	FBpp0301052	332	0.4970	48	165	0.3903
FBgn0263354	FBpp0301048	984	0.6382	142	628	0.4418
FBgn0263355	FBpp0303237	714	0.6232	95	445	0.4364
FBgn0263376	FBpp0423288	268	0.9627	256	258	0.5784
FBgn0263386	FBpp0301082	55	0.7455	12	41	0.4246
FBgn0263387	FBpp0301083	56	0.5714	19	32	0.4723
FBgn0263390	FBpp0301109	714	0.3585	76	256	0.3290
FBgn0263391	FBpp0301121	1833	0.6847	149	1255	0.4603
FBgn0263392	FBpp0306013	2921	0.7699	197	2249	0.4917
FBgn0263395	FBpp0085692	1218	0.4425	138	539	0.3993
FBgn0263396	FBpp0082320	344	0.5756	37	198	0.4038
FBgn0263397	FBpp0099780	1327	0.5810	75	771	0.4249
FBgn0263398	FBpp0288805	305	0.4852	48	148	0.3759
FBgn0263399	FBpp0301129	64	0.4219	14	27	0.3600
FBgn0263400	FBpp0301131	267	0.4757	59	127	0.3978
FBgn0263401	FBpp0301132	65	0.7692	48	50	0.4677
FBgn0263402	FBpp0301135	94	0.7766	73	73	0.4895
FBgn0263403	FBpp0301136	78	0.8205	46	64	0.4795
FBgn0263404	FBpp0301138	48	0.6667	17	32	0.4511
FBgn0263456	FBpp0310643	1075	0.6223	78	669	0.4314
FBgn0263490	FBpp0293452	1965	0.8041	222	1580	0.4971
FBgn0263510	FBpp0087323	459	0.4749	59	218	0.4006
FBgn0263511	FBpp0070747	837	0.5245	69	439	0.3989
FBgn0263512	FBpp0309767	645	0.6062	106	391	0.4322
FBgn0025878	FBpp0071732	500	0.4860	44	243	0.3900
FBgn0034723	FBpp0071733	503	0.5567	43	280	0.3991
FBgn0034725	FBpp0071734	229	0.4105	46	94	0.3628
FBgn0053200	FBpp0071737	81	0.9506	75	77	0.5009
FBgn0034726	FBpp0071738	155	0.6581	81	102	0.4520
FBgn0022985	FBpp0071739	416	0.5841	59	243	0.4188
FBgn0034728	FBpp0290882	1318	0.7656	179	1009	0.4684
FBgn0034730	FBpp0071741	569	0.4728	59	269	0.3854
FBgn0034731	FBpp0309755	492	0.4350	56	214	0.3860
FBgn0034733	FBpp0071743	1294	0.2774	41	359	0.3512
FBgn0034734	FBpp0071744	2733	0.3626	64	991	0.3790
FBgn0034735	FBpp0071745	661	0.4523	53	299	0.3858
FBgn0034736	FBpp0071746	566	0.3905	41	221	0.3778
FBgn0034737	FBpp0071747	111	0.4685	25	52	0.3581
FBgn0003175	FBpp0071749	1995	0.6907	118	1378	0.4708
FBgn0034729	FBpp0071752	278	0.2374	24	66	0.2746
FBgn0034727	FBpp0071753	392	0.4898	52	192	0.3842
FBgn0022986	FBpp0071754	396	0.8384	118	332	0.4880
FBgn0022984	FBpp0298043	317	0.7792	90	247	0.4768
FBgn0034724	FBpp0071756	196	0.2194	29	43	0.3276
FBgn0034720	FBpp0112019	1152	0.6519	143	751	0.4407
FBgn0017482	FBpp0071759	464	0.3147	34	146	0.3560
FBgn0034718	FBpp0071761	677	0.6987	186	473	0.4445
FBgn0034739	FBpp0071764	270	0.6333	49	171	0.4528
FBgn0034741	FBpp0071765	102	0.4118	29	42	0.3754
FBgn0034743	FBpp0071766	148	0.4932	28	73	0.4017
FBgn0034744	FBpp0071767	212	0.7547	83	160	0.4587
FBgn0053143	FBpp0424328	813	0.5720	80	465	0.4186
FBgn0026261	FBpp0071771	280	0.8500	57	238	0.4568
FBgn0034740	FBpp0071772	340	0.7853	115	267	0.4927
FBgn0034758	FBpp0071773	129	0.6512	62	84	0.4379
FBgn0034759	FBpp0071774	122	0.3443	22	42	0.3438
FBgn0034761	FBpp0301555	134	0.6493	31	87	0.4154
FBgn0050273	FBpp0312413	128	0.3125	17	40	0.3299
FBgn0050269	FBpp0071778	144	0.5347	45	77	0.3941
FBgn0034763	FBpp0071779	150	0.8933	80	134	0.5315
FBgn0034766	FBpp0071781	202	0.7970	48	161	0.4503
FBgn0034768	FBpp0071782	203	0.4680	47	95	0.3779
FBgn0034770	FBpp0071783	218	0.3624	19	79	0.3443
FBgn0050275	FBpp0311002	1298	0.3598	40	467	0.3672
FBgn0050268	FBpp0271819	1240	0.3460	43	429	0.3649
FBgn0034774	FBpp0071789	154	0.2403	21	37	0.3319
FBgn0034776	FBpp0308966	292	0.2705	19	79	0.3099
FBgn0011211	FBpp0071794	552	0.1938	20	107	0.3383
FBgn0050271	FBpp0312281	501	0.6707	129	336	0.4632
FBgn0050274	FBpp0071799	468	0.3868	19	181	0.3722
FBgn0050272	FBpp0071801	497	0.2213	45	110	0.2969
FBgn0050265	FBpp0071802	485	0.1113	16	54	0.2700
FBgn0034782	FBpp0291857	479	0.1336	18	64	0.2687
FBgn0034783	FBpp0071804	485	0.2227	41	108	0.3042
FBgn0034784	FBpp0071805	495	0.2505	48	124	0.2974
FBgn0034785	FBpp0292797	486	0.2510	41	122	0.3054
FBgn0010078	FBpp0071808	140	0.2286	13	32	0.3432
FBgn0004896	FBpp0071809	456	0.4715	35	215	0.3960
FBgn0034788	FBpp0071810	263	0.3536	26	93	0.3614
FBgn0034789	FBpp0428316	891	0.7127	111	635	0.4617
FBgn0034793	FBpp0305129	258	0.7093	71	183	0.4480
FBgn0034795	FBpp0071814	1439	0.3530	110	508	0.3733
FBgn0034796	FBpp0071815	360	0.3722	36	134	0.3631
FBgn0034792	FBpp0293463	740	0.4189	70	310	0.3853
FBgn0034791	FBpp0071818	203	0.2906	21	59	0.3423
FBgn0001263	FBpp0293662	686	0.4723	52	324	0.4129
FBgn0034786	FBpp0071821	1815	0.3631	59	659	0.3727
FBgn0000405	FBpp0071822	530	0.5434	59	288	0.4185
FBgn0034769	FBpp0071831	199	0.4874	23	97	0.3815
FBgn0050259	FBpp0071832	540	0.7741	56	418	0.4540
FBgn0005631	FBpp0071833	1395	0.6143	125	857	0.4304
FBgn0020257	FBpp0303282	562	0.2367	24	133	0.3418
FBgn0050196	FBpp0071838	147	0.5510	50	81	0.4505
FBgn0034756	FBpp0071839	512	0.3867	25	198	0.3704
FBgn0034755	FBpp0071840	151	0.3377	16	51	0.3484
FBgn0050195	FBpp0071842	153	0.5817	55	89	0.4276
FBgn0034753	FBpp0071844	205	0.3317	21	68	0.3509
FBgn0040091	FBpp0071845	529	0.2268	26	120	0.3314
FBgn0034750	FBpp0071847	282	0.8156	75	230	0.5546
FBgn0019949	FBpp0071848	404	0.5495	80	222	0.4216
FBgn0034748	FBpp0071849	615	0.5366	87	330	0.4162
FBgn0034745	FBpp0071851	1171	0.5781	218	677	0.4176
FBgn0034742	FBpp0289638	1333	0.8080	116	1077	0.4990
FBgn0034797	FBpp0071853	1335	0.6906	241	922	0.5046
FBgn0034803	FBpp0071862	196	0.2908	16	57	0.3583
FBgn0021979	FBpp0071869	389	0.4267	73	166	0.3925
FBgn0034816	FBpp0071873	432	0.7639	82	330	0.4672
FBgn0045483	FBpp0071874	367	0.2452	19	90	0.3202
FBgn0045482	FBpp0071875	366	0.2158	20	79	0.2938
FBgn0050192	FBpp0071877	70	0.3000	21	21	0.3430
FBgn0034827	FBpp0071878	729	0.6173	83	450	0.4559
FBgn0034829	FBpp0071879	922	0.3666	143	338	0.3818
FBgn0034828	FBpp0297218	98	0.0000	0	0	0.2317
FBgn0034826	FBpp0071883	367	0.6730	54	247	0.4321
FBgn0034825	FBpp0071884	358	0.2011	17	72	0.3311
FBgn0034824	FBpp0071885	626	0.6310	138	395	0.4464
FBgn0041236	FBpp0071886	390	0.1231	26	48	0.2758
FBgn0041235	FBpp0071887	397	0.1134	7	45	0.2897
FBgn0034822	FBpp0071888	89	1.0000	89	89	0.5409
FBgn0034821	FBpp0071889	275	0.6291	37	173	0.4372
FBgn0034819	FBpp0071890	88	0.0000	0	0	0.2007
FBgn0034817	FBpp0113056	690	0.3971	52	274	0.3711
FBgn0003062	FBpp0071892	344	0.2384	23	82	0.3362
FBgn0034814	FBpp0071893	452	0.5022	62	227	0.3992
FBgn0010622	FBpp0071894	192	0.6094	57	117	0.4175
FBgn0034808	FBpp0071897	253	0.6126	48	155	0.4260
FBgn0034807	FBpp0423283	265	0.2642	27	70	0.3410
FBgn0052833	FBpp0071899	268	0.3172	26	85	0.3649
FBgn0052834	FBpp0292307	556	0.5881	305	327	0.4274
FBgn0034804	FBpp0302008	451	0.2284	47	103	0.2735
FBgn0034802	FBpp0071903	165	0.7273	81	120	0.4330
FBgn0034800	FBpp0071904	378	0.3730	49	141	0.3707
FBgn0010660	FBpp0071905	1711	0.5213	65	892	0.4087
FBgn0050187	FBpp0423058	500	0.2000	21	100	0.3294
FBgn0034833	FBpp0071907	260	0.4269	28	111	0.3736
FBgn0034835	FBpp0071908	347	0.5793	51	201	0.4119
FBgn0034839	FBpp0309886	135	0.8148	73	110	0.4939
FBgn0034841	FBpp0071910	172	0.7326	74	126	0.4694
FBgn0034844	FBpp0071911	898	0.6604	99	593	0.4624
FBgn0034846	FBpp0288724	267	0.4607	30	123	0.3881
FBgn0050410	FBpp0296955	241	0.0830	5	20	0.3038
FBgn0034850	FBpp0071915	157	0.6242	29	98	0.4268
FBgn0034853	FBpp0071919	1395	0.7082	103	988	0.4599
FBgn0041712	FBpp0071920	432	0.5093	43	220	0.3915
FBgn0034856	FBpp0071921	412	0.2937	21	121	0.3459
FBgn0034858	FBpp0071923	626	0.5112	82	320	0.4185
FBgn0050411	FBpp0071925	141	0.1702	13	24	0.2979
FBgn0034867	FBpp0071928	103	0.7184	52	74	0.4392
FBgn0034866	FBpp0071929	411	0.2044	25	84	0.3020
FBgn0034865	FBpp0071930	398	0.1683	16	67	0.2946
FBgn0034863	FBpp0071931	171	0.5848	42	100	0.4028
FBgn0026384	FBpp0071932	379	0.1266	19	48	0.2947
FBgn0034861	FBpp0112024	232	0.4741	33	110	0.3926
FBgn0034860	FBpp0297280	332	0.4307	86	143	0.3812
FBgn0034859	FBpp0071936	1204	0.2533	53	305	0.3433
FBgn0028497	FBpp0071938	761	0.5493	65	418	0.4112
FBgn0050414	FBpp0291522	305	0.2656	39	81	0.3363
FBgn0040660	FBpp0071942	107	0.5327	54	57	0.4272
FBgn0034854	FBpp0071945	1489	0.9140	201	1361	0.5096
FBgn0003977	FBpp0071946	1854	0.4083	170	757	0.3913
FBgn0034849	FBpp0071947	198	0.2020	25	40	0.2343
FBgn0046253	FBpp0271735	912	0.4375	44	399	0.3868
FBgn0050413	FBpp0071949	122	0.4098	15	50	0.3466
FBgn0050417	FBpp0071950	268	0.5187	80	139	0.4302
FBgn0050416	FBpp0309893	539	0.9147	244	493	0.5219
FBgn0050412	FBpp0071952	301	0.5116	30	154	0.3915
FBgn0034842	FBpp0071954	315	0.3079	37	97	0.3635
FBgn0034840	FBpp0071955	283	0.6749	78	191	0.4616
FBgn0003009	FBpp0071956	479	0.4781	60	229	0.3902
FBgn0034838	FBpp0071957	336	0.4792	32	161	0.4003
FBgn0034837	FBpp0071958	312	0.6506	62	203	0.4592
FBgn0040063	FBpp0071959	193	0.4663	14	90	0.3948
FBgn0034834	FBpp0071961	449	0.5078	76	228	0.4215
FBgn0034869	FBpp0071965	195	0.1231	14	24	0.3380
FBgn0034870	FBpp0071966	114	0.5351	35	61	0.3771
FBgn0041234	FBpp0071968	406	0.2586	31	105	0.3163
FBgn0050185	FBpp0071969	179	0.3520	27	63	0.3602
FBgn0034877	FBpp0071970	109	0.3945	37	43	0.3858
FBgn0010501	FBpp0071971	323	0.3994	17	129	0.3757
FBgn0034880	FBpp0423081	1018	0.3536	46	360	0.3665
FBgn0015277	FBpp0071973	949	0.4299	46	408	0.3760
FBgn0050184	FBpp0071974	223	0.3677	43	82	0.3437
FBgn0015903	FBpp0305146	499	0.7355	55	367	0.4689
FBgn0034882	FBpp0071980	238	0.0504	9	12	0.2284
FBgn0004795	FBpp0071982	911	0.6290	114	573	0.4447
FBgn0034887	FBpp0113033	338	0.3846	49	130	0.3825
FBgn0016762	FBpp0071992	354	0.4435	57	157	0.3919
FBgn0034893	FBpp0071993	192	0.8229	53	158	0.4606
FBgn0013548	FBpp0071994	769	0.6190	167	476	0.4443
FBgn0034897	FBpp0071996	497	0.3119	40	155	0.3602
FBgn0034899	FBpp0071997	181	0.8564	155	155	0.5959
FBgn0034900	FBpp0071998	157	0.8599	135	135	0.6490
FBgn0034901	FBpp0071999	157	0.8344	124	131	0.5159
FBgn0034902	FBpp0072000	112	0.0982	5	11	0.2393
FBgn0000562	FBpp0113078	1004	0.6414	156	644	0.4446
FBgn0034898	FBpp0072003	339	0.3009	38	102	0.3405
FBgn0011297	FBpp0072004	510	0.2706	80	138	0.3184
FBgn0034894	FBpp0072006	210	0.3095	24	65	0.3591
FBgn0050183	FBpp0072008	1555	0.7852	228	1221	0.4932
FBgn0011296	FBpp0072009	187	0.7594	42	142	0.4634
FBgn0034885	FBpp0307865	297	0.1684	22	50	0.2703
FBgn0034884	FBpp0297290	270	0.1185	21	32	0.2602
FBgn0034883	FBpp0307864	290	0.2793	42	81	0.3175
FBgn0034879	FBpp0072020	298	0.4664	26	139	0.3922
FBgn0034878	FBpp0072021	683	0.7057	65	482	0.4487
FBgn0034876	FBpp0072023	328	0.3902	32	128	0.3785
FBgn0041233	FBpp0072024	399	0.1679	31	67	0.2787
FBgn0050181	FBpp0072025	535	0.2449	41	131	0.3194
FBgn0015372	FBpp0072029	261	0.3525	23	92	0.3728
FBgn0034871	FBpp0072030	240	0.5042	34	121	0.3965
FBgn0050177	FBpp0072031	206	0.3689	61	76	0.3416
FBgn0034907	FBpp0072032	296	0.4831	58	143	0.3689
FBgn0034908	FBpp0072033	655	0.6275	88	411	0.4440
FBgn0034911	FBpp0290385	1188	0.3476	103	413	0.3328
FBgn0034914	FBpp0309938	330	0.4788	84	158	0.4234
FBgn0024234	FBpp0072036	455	0.3890	44	177	0.3895
FBgn0034919	FBpp0072037	196	0.3520	18	69	0.3780
FBgn0011236	FBpp0072038	601	0.6489	128	390	0.4508
FBgn0034920	FBpp0072040	260	0.5000	39	130	0.3730
FBgn0034924	FBpp0072042	478	0.3577	24	171	0.3630
FBgn0034928	FBpp0297130	342	0.3304	52	113	0.3435
FBgn0034931	FBpp0072049	348	0.4310	24	150	0.3846
FBgn0023477	FBpp0072050	331	0.3474	20	115	0.3621
FBgn0001123	FBpp0072052	385	0.5844	54	225	0.4368
FBgn0034936	FBpp0072054	366	0.4809	57	176	0.3910
FBgn0034937	FBpp0072055	451	0.5233	37	236	0.4066
FBgn0034939	FBpp0072056	616	0.5601	56	345	0.4168
FBgn0034943	FBpp0072059	416	0.3413	28	142	0.3635
FBgn0020764	FBpp0072060	539	0.3729	36	201	0.3621
FBgn0003008	FBpp0072061	191	0.3089	30	59	0.3312
FBgn0034946	FBpp0072063	400	0.8550	91	342	0.4842
FBgn0002791	FBpp0072065	802	0.3878	66	311	0.3693
FBgn0005612	FBpp0072066	669	0.7758	181	519	0.4783
FBgn0050178	FBpp0072068	187	0.2995	11	56	0.3537
FBgn0034950	FBpp0072069	985	0.5127	67	505	0.4007
FBgn0034957	FBpp0072070	708	0.5932	86	420	0.4460
FBgn0034959	FBpp0072071	458	0.4389	51	201	0.3780
FBgn0011695	FBpp0072073	126	0.6032	67	76	0.4191
FBgn0034961	FBpp0072074	368	0.6277	81	231	0.4588
FBgn0034962	FBpp0072075	650	0.6585	123	428	0.4236
FBgn0034964	FBpp0072077	2053	0.3755	50	771	0.3742
FBgn0003353	FBpp0072078	855	0.4608	58	394	0.3761
FBgn0034966	FBpp0112030	613	0.7635	144	468	0.4823
FBgn0034968	FBpp0072084	165	0.2970	21	49	0.3814
FBgn0034971	FBpp0309994	537	0.3724	32	200	0.3393
FBgn0034970	FBpp0402906	418	0.7416	66	310	0.4523
FBgn0023170	FBpp0072094	51	0.9804	47	50	0.5496
FBgn0034965	FBpp0288405	425	0.4965	39	211	0.3862
FBgn0028552	FBpp0072096	302	0.4570	26	138	0.3926
FBgn0011726	FBpp0072097	148	0.6419	24	95	0.4319
FBgn0034963	FBpp0072099	247	0.2915	12	72	0.3524
FBgn0013764	FBpp0072101	596	0.6762	68	403	0.4553
FBgn0050172	FBpp0072102	112	0.3482	25	39	0.3678
FBgn0061198	FBpp0072103	76	0.4079	17	31	0.3881
FBgn0034958	FBpp0072104	400	0.7275	67	291	0.4341
FBgn0034956	FBpp0072106	478	0.1778	19	85	0.2779
FBgn0034951	FBpp0309953	457	0.5886	68	269	0.4349
FBgn0034948	FBpp0072113	317	0.5868	50	186	0.4159
FBgn0034945	FBpp0072114	266	0.8421	63	224	0.4860
FBgn0034942	FBpp0297709	202	0.3713	27	75	0.3105
FBgn0034940	FBpp0072116	253	0.4901	50	124	0.4054
FBgn0034938	FBpp0072117	393	0.2748	39	108	0.3288
FBgn0034935	FBpp0072118	133	0.3158	20	42	0.3313
FBgn0034933	FBpp0072119	700	0.6143	64	430	0.4355
FBgn0015268	FBpp0072128	370	0.6865	65	254	0.4565
FBgn0034925	FBpp0072129	305	0.3148	40	96	0.3464
FBgn0034923	FBpp0072130	492	0.8354	201	411	0.5528
FBgn0034921	FBpp0072132	372	0.7177	52	267	0.4559
FBgn0025334	FBpp0072133	220	0.6909	42	152	0.4413
FBgn0025336	FBpp0072134	406	0.5887	59	239	0.4205
FBgn0025352	FBpp0072135	469	0.2900	27	136	0.3522
FBgn0025335	FBpp0072136	392	0.3189	43	125	0.3139
FBgn0004581	FBpp0072141	1215	0.2914	26	354	0.3503
FBgn0034918	FBpp0072142	207	0.9469	78	196	0.5509
FBgn0021895	FBpp0072143	194	0.8711	63	169	0.5575
FBgn0034915	FBpp0072144	245	0.2612	25	64	0.3400
FBgn0003401	FBpp0072146	455	0.5956	104	271	0.4283
FBgn0034910	FBpp0072147	344	0.3285	34	113	0.3338
FBgn0034909	FBpp0072148	533	0.2458	31	131	0.2902
FBgn0028411	FBpp0072150	133	0.5564	24	74	0.4025
FBgn0010278	FBpp0072151	723	0.6362	215	460	0.4689
FBgn0034904	FBpp0072154	157	0.4395	34	69	0.3788
FBgn0034973	FBpp0072155	81	0.3827	27	31	0.3610
FBgn0034974	FBpp0072157	779	0.8074	166	629	0.4917
FBgn0034975	FBpp0072159	2291	0.7975	239	1827	0.4884
FBgn0041706	FBpp0072160	389	0.4267	33	166	0.3973
FBgn0021875	FBpp0072162	347	0.6427	53	223	0.4196
FBgn0015544	FBpp0072164	534	0.7247	161	387	0.4761
FBgn0034985	FBpp0072165	1423	0.5987	106	852	0.4235
FBgn0034988	FBpp0072168	319	0.4796	27	153	0.3790
FBgn0034989	FBpp0072169	1122	0.3779	65	424	0.3749
FBgn0050418	FBpp0072170	587	0.4923	34	289	0.3991
FBgn0034996	FBpp0072171	521	0.2879	45	150	0.3175
FBgn0005636	FBpp0303462	757	0.5258	86	398	0.4074
FBgn0034999	FBpp0072175	687	0.2518	35	173	0.3373
FBgn0004101	FBpp0072178	449	0.7372	79	331	0.4701
FBgn0005638	FBpp0072179	449	0.6815	80	306	0.4819
FBgn0034998	FBpp0289595	437	0.8398	239	367	0.4925
FBgn0034994	FBpp0072181	716	0.2947	62	211	0.3567
FBgn0050419	FBpp0072182	297	0.6061	51	180	0.4269
FBgn0034986	FBpp0072184	155	0.5355	39	83	0.4110
FBgn0041582	FBpp0072188	797	0.5910	62	471	0.4294
FBgn0023081	FBpp0072194	1637	0.5504	278	901	0.4134
FBgn0034972	FBpp0072195	603	0.3267	36	197	0.3538
FBgn0002787	FBpp0303270	358	0.4190	76	150	0.4308
FBgn0035005	FBpp0072200	391	0.3274	51	128	0.3611
FBgn0035007	FBpp0072201	404	0.5965	103	241	0.4333
FBgn0035008	FBpp0072202	240	0.5292	34	127	0.4039
FBgn0035009	FBpp0072204	130	0.4308	25	56	0.3967
FBgn0035010	FBpp0303263	716	0.4567	49	327	0.3716
FBgn0029501	FBpp0072206	745	0.8188	145	610	0.4916
FBgn0035014	FBpp0072207	208	0.8606	70	179	0.5154
FBgn0050169	FBpp0072209	971	0.8527	125	828	0.4850
FBgn0035020	FBpp0072210	110	0.5455	31	60	0.4038
FBgn0035022	FBpp0072212	142	0.4296	21	61	0.3269
FBgn0035023	FBpp0289424	119	0.2857	11	34	0.3453
FBgn0035024	FBpp0072214	867	0.7151	170	620	0.4697
FBgn0035025	FBpp0072215	731	0.8304	137	607	0.5050
FBgn0035027	FBpp0072216	637	0.4961	77	316	0.4037
FBgn0020521	FBpp0072219	462	0.4827	69	223	0.3875
FBgn0035031	FBpp0072221	324	0.4383	32	142	0.3838
FBgn0035033	FBpp0072222	453	0.8675	113	393	0.5099
FBgn0035034	FBpp0072223	244	0.2295	12	56	0.3450
FBgn0035035	FBpp0072224	302	0.4570	45	138	0.3944
FBgn0035039	FBpp0072227	518	0.4035	35	209	0.3730
FBgn0015040	FBpp0072228	522	0.3257	28	170	0.3639
FBgn0035042	FBpp0072229	296	0.4358	25	129	0.3781
FBgn0035044	FBpp0072230	208	0.2692	22	56	0.3608
FBgn0035046	FBpp0072231	175	0.6571	50	115	0.4408
FBgn0035047	FBpp0072234	495	0.6606	62	327	0.4359
FBgn0035049	FBpp0271771	584	0.4966	42	290	0.3923
FBgn0260456	FBpp0072239	657	0.7519	106	494	0.5211
FBgn0050161	FBpp0072240	251	0.7809	74	196	0.4470
FBgn0050163	FBpp0072241	93	0.5269	21	49	0.3730
FBgn0035043	FBpp0072242	469	0.4051	35	190	0.3607
FBgn0035041	FBpp0072243	478	0.4414	116	211	0.3964
FBgn0035040	FBpp0072244	207	0.6473	33	134	0.4178
FBgn0035036	FBpp0072245	673	0.7474	79	503	0.4822
FBgn0035032	FBpp0072246	107	0.2804	8	30	0.3632
FBgn0069913	FBpp0072248	388	0.8479	148	329	0.5026
FBgn0035026	FBpp0072249	880	0.5852	63	515	0.4366
FBgn0016687	FBpp0072250	338	0.5148	43	174	0.4041
FBgn0035019	FBpp0307897	572	0.2605	46	149	0.3222
FBgn0035016	FBpp0072253	307	0.5212	55	160	0.3988
FBgn0017556	FBpp0072257	252	0.4762	38	120	0.4020
FBgn0015300	FBpp0072258	219	0.4338	34	95	0.3865
FBgn0035012	FBpp0072260	193	0.3420	21	66	0.3528
FBgn0035011	FBpp0072261	174	0.2471	13	43	0.3287
FBgn0035006	FBpp0072262	537	0.2700	31	145	0.3488
FBgn0035004	FBpp0072263	280	0.4071	34	114	0.3947
FBgn0035003	FBpp0072264	297	0.2256	19	67	0.3160
FBgn0010414	FBpp0428152	768	0.3568	94	274	0.3230
FBgn0000037	FBpp0072275	805	0.4509	42	363	0.3804
FBgn0050421	FBpp0072276	1272	0.6250	85	795	0.4402
FBgn0035056	FBpp0072277	425	0.5906	81	251	0.4218
FBgn0035057	FBpp0072278	400	0.6550	48	262	0.4424
FBgn0035059	FBpp0289407	322	0.3727	45	120	0.3877
FBgn0035063	FBpp0072281	250	0.8320	85	208	0.5035
FBgn0035065	FBpp0072282	509	0.2750	46	140	0.3555
FBgn0035069	FBpp0072284	121	0.5868	26	71	0.4109
FBgn0000157	FBpp0289353	347	0.7291	106	253	0.4662
FBgn0035070	FBpp0072287	249	0.3052	52	76	0.3537
FBgn0035077	FBpp0113055	317	0.1073	19	34	0.2875
FBgn0022343	FBpp0072299	271	0.8819	97	239	0.5028
FBgn0035085	FBpp0072300	219	0.1918	21	42	0.2689
FBgn0035086	FBpp0289987	1081	0.8381	111	906	0.4970
FBgn0035088	FBpp0072302	263	0.3536	46	93	0.4010
FBgn0035091	FBpp0072303	597	0.4405	38	263	0.3846
FBgn0004055	FBpp0072304	488	0.5102	82	249	0.3983
FBgn0010435	FBpp0072308	551	0.3702	32	204	0.3541
FBgn0035090	FBpp0072310	507	0.4793	41	243	0.3592
FBgn0035089	FBpp0072311	121	0.5620	31	68	0.3832
FBgn0050424	FBpp0428407	459	0.4815	88	221	0.4011
FBgn0035087	FBpp0112031	243	0.7243	114	176	0.4708
FBgn0027599	FBpp0072315	540	0.7907	168	427	0.5079
FBgn0035084	FBpp0072316	205	0.1463	9	30	0.3061
FBgn0035082	FBpp0072318	157	0.5860	29	92	0.4296
FBgn0043792	FBpp0072319	506	0.2885	40	146	0.3484
FBgn0060296	FBpp0072323	913	0.4064	54	371	0.3679
FBgn0035078	FBpp0293340	323	0.3034	26	98	0.3331
FBgn0035076	FBpp0072325	628	0.4076	36	256	0.3746
FBgn0035073	FBpp0072328	988	0.5263	131	520	0.4033
FBgn0023181	FBpp0072330	459	0.2832	39	130	0.3515
FBgn0028738	FBpp0072331	203	0.6355	38	129	0.4108
FBgn0015801	FBpp0072332	288	0.5590	27	161	0.4043
FBgn0041205	FBpp0296952	389	0.8355	98	325	0.4781
FBgn0035064	FBpp0072334	464	0.4159	44	193	0.3821
FBgn0025578	FBpp0072335	92	0.1630	4	15	0.3198
FBgn0035060	FBpp0072340	1253	0.5778	88	724	0.4211
FBgn0027590	FBpp0072341	223	0.2735	17	61	0.3455
FBgn0040666	FBpp0072342	120	0.6583	32	79	0.4260
FBgn0035050	FBpp0072346	474	0.5527	57	262	0.4068
FBgn0035092	FBpp0288531	487	0.6879	50	335	0.4339
FBgn0050430	FBpp0072350	51	0.0000	0	0	0.2630
FBgn0001325	FBpp0072351	502	0.6195	86	311	0.4270
FBgn0050429	FBpp0072352	305	0.5639	67	172	0.4129
FBgn0050428	FBpp0072353	263	0.6844	68	180	0.4552
FBgn0035094	FBpp0305376	850	0.4765	88	405	0.3855
FBgn0004181	FBpp0072356	377	0.3289	95	124	0.3423
FBgn0011694	FBpp0072357	66	0.1515	8	10	0.2848
FBgn0004919	FBpp0289416	601	0.5175	99	311	0.3998
FBgn0001147	FBpp0072363	449	0.5256	83	236	0.4125
FBgn0052475	FBpp0072364	492	0.1789	24	88	0.2768
FBgn0002564	FBpp0072365	772	0.2694	21	208	0.3532
FBgn0020386	FBpp0072366	836	0.6005	80	502	0.4423
FBgn0035099	FBpp0271859	672	0.2723	31	183	0.3115
FBgn0035101	FBpp0289142	831	0.6065	87	504	0.4330
FBgn0035104	FBpp0072378	486	0.6687	77	325	0.4509
FBgn0027786	FBpp0072379	316	0.2089	25	66	0.3307
FBgn0035107	FBpp0072382	439	0.4715	66	207	0.3869
FBgn0024945	FBpp0072385	460	0.3870	33	178	0.3828
FBgn0035109	FBpp0072386	287	0.4495	30	129	0.3680
FBgn0035111	FBpp0072388	1044	0.4713	80	492	0.4058
FBgn0035112	FBpp0289934	108	0.7222	29	78	0.4183
FBgn0053229	FBpp0072401	167	0.7305	68	122	0.4782
FBgn0052476	FBpp0072402	533	0.2983	52	159	0.3185
FBgn0035120	FBpp0288410	163	0.5276	28	86	0.4001
FBgn0035122	FBpp0072404	176	0.6193	30	109	0.4238
FBgn0027111	FBpp0072405	185	0.8486	155	157	0.5011
FBgn0029002	FBpp0305059	282	0.8298	184	234	0.5199
FBgn0035124	FBpp0072407	409	0.5648	54	231	0.4252
FBgn0004373	FBpp0423146	1682	0.6124	60	1030	0.4328
FBgn0052845	FBpp0072418	386	0.6658	95	257	0.4581
FBgn0035121	FBpp0072419	926	0.5756	59	533	0.4096
FBgn0024806	FBpp0072420	1773	0.4535	305	804	0.3943
FBgn0000541	FBpp0304412	2761	0.7479	194	2065	0.4756
FBgn0035113	FBpp0072423	956	0.3190	132	305	0.3428
FBgn0035110	FBpp0072425	288	0.7326	59	211	0.4469
FBgn0027587	FBpp0311155	912	0.7018	339	640	0.4965
FBgn0025592	FBpp0072428	538	0.3253	59	175	0.3606
FBgn0035106	FBpp0072431	3241	0.7976	301	2585	0.4997
FBgn0035103	FBpp0072433	342	0.3421	34	117	0.3607
FBgn0035102	FBpp0072436	336	0.5000	34	168	0.3847
FBgn0040688	FBpp0072439	88	0.0455	3	4	0.2396
FBgn0035097	FBpp0072440	190	0.9105	71	173	0.5002
FBgn0035134	FBpp0072445	345	0.7362	36	254	0.4529
FBgn0040291	FBpp0072446	122	0.4016	11	49	0.3568
FBgn0035137	FBpp0072447	1129	0.6112	84	690	0.4327
FBgn0035140	FBpp0072449	302	0.6192	71	187	0.4459
FBgn0035142	FBpp0428131	1409	0.6253	121	881	0.4406
FBgn0035143	FBpp0072452	352	0.3949	25	139	0.3559
FBgn0035145	FBpp0311212	1555	0.4502	86	700	0.3930
FBgn0035147	FBpp0072455	350	0.3800	35	133	0.3648
FBgn0035150	FBpp0072456	995	0.5256	106	523	0.4101
FBgn0035149	FBpp0072457	318	0.6855	50	218	0.4570
FBgn0035148	FBpp0072458	123	0.2927	14	36	0.3663
FBgn0016715	FBpp0072460	260	0.5077	35	132	0.4081
FBgn0035146	FBpp0072461	407	0.5233	32	213	0.3987
FBgn0035144	FBpp0072462	442	0.6810	50	301	0.4541
FBgn0035141	FBpp0072463	176	0.3352	15	59	0.3713
FBgn0001316	FBpp0305983	2272	0.7214	116	1639	0.4716
FBgn0035139	FBpp0072465	158	0.7278	76	115	0.4784
FBgn0035138	FBpp0072467	163	0.1534	12	25	0.2619
FBgn0023000	FBpp0072470	522	0.2663	42	139	0.3136
FBgn0035132	FBpp0072472	585	0.2855	59	167	0.3300
FBgn0035131	FBpp0072473	513	0.2476	43	127	0.2887
FBgn0052343	FBpp0301175	583	0.5472	65	319	0.4118
FBgn0052344	FBpp0072475	827	0.5792	186	479	0.4332
FBgn0035155	FBpp0303111	222	0.4865	28	108	0.3810
FBgn0035165	FBpp0072480	228	0.5395	91	123	0.3806
FBgn0035167	FBpp0072482	436	0.1491	23	65	0.2817
FBgn0035168	FBpp0072483	1978	0.8771	198	1735	0.5034
FBgn0035169	FBpp0072484	262	0.4504	30	118	0.3705
FBgn0035171	FBpp0289574	738	0.7913	230	584	0.4837
FBgn0052479	FBpp0072486	1517	0.7251	244	1100	0.4803
FBgn0035176	FBpp0288411	238	0.2983	21	71	0.3502
FBgn0028999	FBpp0072489	469	0.7207	129	338	0.4794
FBgn0035173	FBpp0072490	816	0.4314	61	352	0.3461
FBgn0035170	FBpp0072491	525	0.5524	52	290	0.4076
FBgn0035166	FBpp0289936	401	0.2818	34	113	0.3570
FBgn0035164	FBpp0072493	222	0.7477	62	166	0.4459
FBgn0035162	FBpp0072494	1227	0.3488	32	428	0.3665
FBgn0035161	FBpp0072496	151	0.2980	29	45	0.3473
FBgn0035160	FBpp0072497	333	0.7327	61	244	0.4792
FBgn0035159	FBpp0428161	252	0.6905	77	174	0.4353
FBgn0025676	FBpp0072500	391	0.7826	96	306	0.4755
FBgn0035158	FBpp0304158	506	0.6877	77	348	0.4547
FBgn0035157	FBpp0072502	528	0.7083	196	374	0.4814
FBgn0052483	FBpp0072504	439	0.2711	28	119	0.3483
FBgn0035154	FBpp0072505	446	0.2175	35	97	0.3355
FBgn0035153	FBpp0072506	581	0.7332	96	426	0.4756
FBgn0035152	FBpp0072507	288	0.7569	134	218	0.4913
FBgn0035151	FBpp0072508	581	0.8503	104	494	0.4981
FBgn0035179	FBpp0072515	407	0.4595	39	187	0.3842
FBgn0035181	FBpp0072517	224	0.2589	17	58	0.3627
FBgn0035186	FBpp0072521	162	0.3086	48	50	0.3777
FBgn0040281	FBpp0072523	490	0.4735	49	232	0.4018
FBgn0004425	FBpp0072524	140	0.2357	10	33	0.3356
FBgn0004428	FBpp0072526	140	0.2786	10	39	0.3383
FBgn0004430	FBpp0072527	140	0.1071	5	15	0.3079
FBgn0004429	FBpp0072529	141	0.5106	23	72	0.3879
FBgn0004427	FBpp0072530	140	0.2357	10	33	0.3363
FBgn0035189	FBpp0072531	322	0.3820	38	123	0.3822
FBgn0063667	FBpp0271924	322	0.4472	24	144	0.3844
FBgn0004431	FBpp0072533	142	0.1831	11	26	0.3275
FBgn0035187	FBpp0072534	555	0.4685	63	260	0.3911
FBgn0025525	FBpp0072535	1067	0.5567	116	594	0.4352
FBgn0004870	FBpp0072538	977	0.5517	79	539	0.4341
FBgn0024277	FBpp0072539	2263	0.5890	120	1333	0.4254
FBgn0035192	FBpp0072545	729	0.5720	171	417	0.4385
FBgn0035196	FBpp0072547	251	0.6853	67	172	0.4355
FBgn0035199	FBpp0072553	376	0.7739	105	291	0.4706
FBgn0035203	FBpp0072560	392	0.2704	53	106	0.3317
FBgn0035205	FBpp0072561	1150	0.5470	266	629	0.4573
FBgn0035207	FBpp0302692	1062	0.3032	33	322	0.3543
FBgn0010246	FBpp0072567	1052	0.4335	61	456	0.3900
FBgn0011361	FBpp0304248	181	0.3315	21	60	0.3738
FBgn0010786	FBpp0072572	652	0.3681	62	240	0.3803
FBgn0029514	FBpp0072573	241	0.4938	31	119	0.3977
FBgn0003295	FBpp0072574	341	0.2199	36	75	0.2765
FBgn0263585	FBpp0428204	55	0.3455	19	19	0.2674
FBgn0263593	FBpp0087891	1089	0.6713	171	731	0.4504
FBgn0263594	FBpp0078561	545	0.5670	134	309	0.4417
FBgn0263596	FBpp0301628	56	0.3571	19	20	0.3572
FBgn0263597	FBpp0301787	25	0.0400	1	1	0.1845
FBgn0263598	FBpp0079999	614	0.3827	25	235	0.3763
FBgn0263599	FBpp0075282	2142	0.4687	52	1004	0.3896
FBgn0263600	FBpp0075277	1092	0.4689	40	512	0.3987
FBgn0263601	FBpp0075275	1226	0.3401	47	417	0.3605
FBgn0263602	FBpp0075253	365	0.2877	30	105	0.3381
FBgn0263603	FBpp0075249	884	0.5882	63	520	0.4214
FBgn0263605	FBpp0305742	699	0.4878	40	341	0.4029
FBgn0263606	FBpp0111355	240	0.7958	59	191	0.4686
FBgn0263607	FBpp0075214	373	0.3324	26	124	0.3442
FBgn0263608	FBpp0075215	345	0.4174	64	144	0.3726
FBgn0263621	FBpp0301700	48	0.0000	0	0	0.1753
FBgn0263647	FBpp0301714	122	0.8033	30	98	0.4516
FBgn0263654	FBpp0401602	36	0.0000	0	0	0.2670
FBgn0263655	FBpp0428445	148	0.1351	20	20	0.2358
FBgn0263656	FBpp0301790	146	0.0274	2	4	0.2272
FBgn0263667	FBpp0072043	1482	0.5999	83	889	0.4258
FBgn0263697	FBpp0086711	450	0.4444	40	200	0.3657
FBgn0263705	FBpp0302017	3145	0.5170	198	1626	0.4127
FBgn0263706	FBpp0302018	2263	0.5979	83	1353	0.4302
FBgn0263707	FBpp0302028	86	0.5116	31	44	0.3827
FBgn0263738	FBpp0302532	562	0.5249	63	295	0.4084
FBgn0263740	FBpp0302537	475	0.3663	32	174	0.3607
FBgn0263741	FBpp0302541	284	0.7007	132	199	0.4516
FBgn0263742	FBpp0302540	207	0.6329	47	131	0.4313
FBgn0263743	FBpp0302539	180	0.7167	66	129	0.4271
FBgn0263747	FBpp0428094	1690	0.2604	35	440	0.3243
FBgn0263748	FBpp0302543	230	0.5522	46	127	0.4111
FBgn0263750	FBpp0310744	372	0.6989	86	260	0.4626
FBgn0263757	FBpp0302530	139	0.6259	51	87	0.4289
FBgn0263760	FBpp0302600	184	0.6902	45	127	0.4668
FBgn0263761	FBpp0302606	84	0.7262	61	61	0.4454
FBgn0263762	FBpp0302604	63	0.5238	23	33	0.3743
FBgn0263763	FBpp0302603	49	0.0816	3	4	0.2273
FBgn0263772	FBpp0302633	1706	0.6940	198	1184	0.4654
FBgn0263773	FBpp0302695	129	0.8372	104	108	0.4852
FBgn0263774	FBpp0302699	1096	0.8504	141	932	0.4900
FBgn0263776	FBpp0302706	572	0.2762	35	158	0.2991
FBgn0263777	FBpp0302714	42	0.5476	16	23	0.3795
FBgn0263780	FBpp0289380	855	0.4058	41	347	0.3706
FBgn0263782	FBpp0083842	920	0.3000	43	276	0.3308
FBgn0263829	FBpp0111448	708	0.8446	198	598	0.5418
FBgn0263830	FBpp0110508	247	0.1984	17	49	0.3159
FBgn0263831	FBpp0076879	726	0.5826	87	423	0.4289
FBgn0263832	FBpp0073058	578	0.5882	69	340	0.4378
FBgn0263841	FBpp0302846	77	0.1948	15	15	0.2972
FBgn0263842	FBpp0302844	84	0.5595	37	47	0.3572
FBgn0263846	FBpp0302849	2021	0.7724	135	1561	0.4735
FBgn0263848	FBpp0302860	154	0.4740	29	73	0.3980
FBgn0263849	FBpp0302859	340	0.6794	120	231	0.4929
FBgn0263850	FBpp0302858	412	0.7767	207	320	0.5196
FBgn0263852	FBpp0079324	112	0.1607	10	18	0.2432
FBgn0263855	FBpp0085368	1460	0.6589	111	962	0.4426
FBgn0263863	FBpp0083665	361	0.6343	63	229	0.4322
FBgn0263864	FBpp0086122	1440	0.3764	47	542	0.3685
FBgn0263873	FBpp0302886	2707	0.6963	263	1885	0.4616
FBgn0263911	FBpp0305654	68	0.2500	15	17	0.3227
FBgn0263916	FBpp0309853	458	0.2162	45	99	0.2886
FBgn0263929	FBpp0296972	1315	0.7582	159	997	0.4773
FBgn0263930	FBpp0076310	626	0.4553	36	285	0.3934
FBgn0263933	FBpp0077715	700	0.4471	86	313	0.4052
FBgn0263934	FBpp0302896	1134	0.6772	140	768	0.4580
FBgn0263968	FBpp0070933	3218	0.3956	50	1273	0.3751
FBgn0263971	FBpp0302938	64	0.6562	42	42	0.3889
FBgn0263973	FBpp0300169	1912	0.8274	263	1582	0.5080
FBgn0263974	FBpp0302955	1857	0.5105	75	948	0.4091
FBgn0263977	FBpp0112618	173	0.2890	25	50	0.3080
FBgn0263979	FBpp0082511	430	0.5349	38	230	0.4086
FBgn0263980	FBpp0303048	1970	0.7183	76	1415	0.4623
FBgn0263982	FBpp0303052	60	0.6333	30	38	0.4168
FBgn0263983	FBpp0312407	36	0.0278	1	1	0.1339
FBgn0263986	FBpp0083696	830	0.5012	39	416	0.3907
FBgn0263987	FBpp0070761	607	0.5667	121	344	0.4267
FBgn0263988	FBpp0072438	764	0.5942	81	454	0.4203
FBgn0263993	FBpp0303300	1367	0.6006	115	821	0.4403
FBgn0263994	FBpp0303292	1605	0.6579	104	1056	0.4463
FBgn0263995	FBpp0303306	962	0.5977	65	575	0.4210
FBgn0263996	FBpp0303290	15	0.0000	0	0	0.3440
FBgn0263997	FBpp0303356	496	0.5927	86	294	0.4197
FBgn0263998	FBpp0303364	1495	0.6301	103	942	0.4356
FBgn0263999	FBpp0306131	474	0.2658	28	126	0.3351
FBgn0264000	FBpp0303373	1182	0.3621	48	428	0.3686
FBgn0264001	FBpp0428115	552	0.4946	102	273	0.4155
FBgn0264002	FBpp0303392	647	0.3014	65	195	0.3354
FBgn0264005	FBpp0303412	718	0.7187	114	516	0.4770
FBgn0264006	FBpp0303444	1254	0.6300	246	790	0.4676
FBgn0264075	FBpp0081483	642	0.6526	115	419	0.4455
FBgn0264077	FBpp0074074	639	0.5665	123	362	0.4480
FBgn0264078	FBpp0303248	448	0.4308	98	193	0.3865
FBgn0264081	FBpp0303534	259	0.9382	154	243	0.5330
FBgn0264086	FBpp0303539	682	0.8548	289	583	0.5131
FBgn0264087	FBpp0303549	1347	0.7357	282	991	0.4679
FBgn0264089	FBpp0303578	2157	0.5818	112	1255	0.4276
FBgn0264090	FBpp0303584	900	0.6144	106	553	0.4425
FBgn0264253	FBpp0080214	239	0.2176	13	52	0.3378
FBgn0264260	FBpp0303716	78	0.0641	3	5	0.3392
FBgn0264270	FBpp0303712	722	0.7355	263	531	0.4747
FBgn0264272	FBpp0307717	1069	0.6024	78	644	0.4426
FBgn0264273	FBpp0303027	824	0.4308	51	355	0.3864
FBgn0264291	FBpp0082849	153	0.6601	27	101	0.4522
FBgn0264294	FBpp0087979	134	0.6343	36	85	0.4355
FBgn0264295	FBpp0303888	75	0.4000	7	30	0.3877
FBgn0264296	FBpp0303889	95	0.6421	22	61	0.4206
FBgn0264297	FBpp0303890	272	0.3125	16	85	0.3480
FBgn0264298	FBpp0310083	270	0.3444	26	93	0.3742
FBgn0264299	FBpp0310084	273	0.3773	22	103	0.3682
FBgn0264301	FBpp0303896	256	0.0781	19	20	0.2052
FBgn0264302	FBpp0303897	162	0.6358	40	103	0.4386
FBgn0264303	FBpp0303899	57	0.2807	15	16	0.2261
FBgn0264305	FBpp0303909	1248	0.5761	81	719	0.4162
FBgn0264307	FBpp0423157	769	0.4460	81	343	0.3971
FBgn0264308	FBpp0428276	1003	0.5274	122	529	0.4004
FBgn0264309	FBpp0311893	90	0.3778	22	34	0.3573
FBgn0264324	FBpp0303336	2187	0.5167	82	1130	0.4073
FBgn0264325	FBpp0083975	422	0.4479	98	189	0.4088
FBgn0264326	FBpp0083800	2236	0.4302	103	962	0.3951
FBgn0264329	FBpp0304292	62	0.5000	18	31	0.3748
FBgn0264330	FBpp0304293	60	0.5000	25	30	0.3614
FBgn0264339	FBpp0304311	1420	0.5218	110	741	0.4013
FBgn0264340	FBpp0304331	127	0.5827	58	74	0.4167
FBgn0264341	FBpp0304329	232	0.5086	70	118	0.4067
FBgn0264342	FBpp0304328	213	0.7089	80	151	0.4927
FBgn0264343	FBpp0304325	249	0.7831	109	195	0.4865
FBgn0264344	FBpp0304326	127	0.7087	31	90	0.4657
FBgn0264357	FBpp0290803	1400	0.6807	166	953	0.4514
FBgn0264361	FBpp0304534	37	0.2703	7	10	0.3242
FBgn0264362	FBpp0304517	37	0.2162	8	8	0.3141
FBgn0264363	FBpp0304526	54	0.9259	49	50	0.5874
FBgn0264364	FBpp0304529	53	0.0943	5	5	0.2551
FBgn0264377	FBpp0304558	72	0.5556	26	40	0.3850
FBgn0264386	FBpp0306997	3218	0.5491	131	1767	0.4146
FBgn0264389	FBpp0309375	242	0.3264	32	79	0.3317
FBgn0264393	FBpp0304671	75	0.5733	40	43	0.3979
FBgn0264395	FBpp0304692	345	0.8000	67	276	0.4799
FBgn0264426	FBpp0312533	98	0.2755	12	27	0.3058
FBgn0264427	FBpp0402847	66	0.1818	7	12	0.2263
FBgn0264432	FBpp0312089	76	0.4868	35	37	0.3562
FBgn0264433	FBpp0304787	145	0.6414	30	93	0.4211
FBgn0264442	FBpp0304816	904	0.5675	97	513	0.4417
FBgn0264443	FBpp0304823	568	0.7835	165	445	0.4792
FBgn0264449	FBpp0310016	1852	0.6409	109	1187	0.4434
FBgn0264472	FBpp0305013	162	0.3642	18	59	0.3501
FBgn0264478	FBpp0304998	71	0.1690	12	12	0.2478
FBgn0264486	FBpp0305025	235	0.7447	101	175	0.4624
FBgn0264487	FBpp0305037	55	0.1636	6	9	0.3383
FBgn0264488	FBpp0305040	2113	0.4089	52	864	0.3834
FBgn0264489	FBpp0305053	1385	0.8209	159	1137	0.5036
FBgn0264490	FBpp0303410	1188	0.7348	150	873	0.4641
FBgn0264491	FBpp0307182	418	0.4641	45	194	0.4001
FBgn0264492	FBpp0311359	336	0.3542	23	119	0.3705
FBgn0264493	FBpp0099767	829	0.6224	209	516	0.4459
FBgn0264494	FBpp0077553	766	0.2285	34	175	0.3110
FBgn0264495	FBpp0292801	2137	0.7029	144	1502	0.4668
FBgn0264502	FBpp0305151	2281	0.6681	138	1524	0.4634
FBgn0264503	FBpp0305153	1220	0.8000	183	976	0.5010
FBgn0264516	FBpp0305341	105	0.3524	31	37	0.3656
FBgn0264540	FBpp0305370	157	0.3185	24	50	0.3433
FBgn0264541	FBpp0311033	56	0.5357	30	30	0.3765
FBgn0264542	FBpp0305357	1768	0.7110	384	1257	0.4773
FBgn0264543	FBpp0305444	81	0.2963	24	24	0.2474
FBgn0264544	FBpp0305442	134	0.4403	29	59	0.3994
FBgn0264545	FBpp0305441	134	0.4403	29	59	0.3994
FBgn0264546	FBpp0305436	87	0.3793	17	33	0.3870
FBgn0264552	FBpp0305478	98	0.5918	36	58	0.4525
FBgn0264556	FBpp0081038	381	0.2756	22	105	0.3143
FBgn0264560	FBpp0087010	1983	0.4423	83	877	0.3885
FBgn0264561	FBpp0304963	1107	0.4571	67	506	0.3866
FBgn0264562	FBpp0305535	2123	0.6675	99	1417	0.4793
FBgn0264563	FBpp0305617	42	0.2143	4	9	0.3134
FBgn0264566	FBpp0305639	83	0.5904	27	49	0.4357
FBgn0264574	FBpp0305685	1440	0.6278	158	904	0.4225
FBgn0264598	FBpp0305709	2777	0.7184	132	1995	0.4611
FBgn0264605	FBpp0305803	118	0.4068	47	48	0.3502
FBgn0264606	FBpp0305807	1314	0.6606	189	868	0.4433
FBgn0264607	FBpp0289608	531	0.5028	89	267	0.3978
FBgn0264672	FBpp0303533	520	0.4885	49	254	0.3894
FBgn0264691	FBpp0071303	313	0.3099	30	97	0.3732
FBgn0264693	FBpp0112048	1241	0.8695	243	1079	0.5280
FBgn0264694	FBpp0081882	194	0.7320	50	142	0.4459
FBgn0264695	FBpp0298828	1962	0.7467	254	1465	0.4623
FBgn0264696	FBpp0306022	38	0.1053	4	4	0.2329
FBgn0264699	FBpp0306044	1026	0.3577	48	367	0.3672
FBgn0264707	FBpp0306084	3519	0.7607	297	2677	0.4811
FBgn0264711	FBpp0306094	1549	0.4545	84	704	0.3881
FBgn0264712	FBpp0078436	249	0.4096	34	102	0.3878
FBgn0264714	FBpp0306161	86	0.9651	76	83	0.4930
FBgn0264725	FBpp0306228	81	0.3827	22	31	0.3731
FBgn0264738	FBpp0306234	327	0.7401	77	242	0.4592
FBgn0264739	FBpp0306235	139	0.6691	42	93	0.4136
FBgn0264740	FBpp0308726	153	0.4641	26	71	0.3815
FBgn0264741	FBpp0308724	166	0.4578	59	76	0.3805
FBgn0264742	FBpp0306236	135	0.1778	13	24	0.3289
FBgn0264743	FBpp0306241	181	0.2762	23	50	0.3625
FBgn0264744	FBpp0306251	345	0.6841	63	236	0.4568
FBgn0264746	FBpp0311251	368	0.3913	25	144	0.3769
FBgn0264747	FBpp0306247	370	0.3919	26	145	0.3805
FBgn0264748	FBpp0306249	374	0.3396	23	127	0.3716
FBgn0264750	FBpp0310819	79	0.6076	26	48	0.3613
FBgn0264751	FBpp0306261	122	0.6967	45	85	0.3888
FBgn0264753	FBpp0306398	1379	0.7491	138	1033	0.4945
FBgn0264775	FBpp0306267	219	0.3699	37	81	0.3560
FBgn0264776	FBpp0306269	219	0.3607	21	79	0.3413
FBgn0264785	FBpp0306391	478	0.5628	44	269	0.4324
FBgn0264810	FBpp0080207	141	0.5957	28	84	0.3943
FBgn0264815	FBpp0306255	1173	0.6130	105	719	0.4314
FBgn0264816	FBpp0306263	259	0.2124	25	55	0.3383
FBgn0264817	FBpp0312609	436	0.6927	80	302	0.4651
FBgn0264829	FBpp0306748	71	0.1549	6	11	0.2916
FBgn0264830	FBpp0306749	50	0.2800	4	14	0.3697
FBgn0264832	FBpp0306750	60	0.4667	28	28	0.3604
FBgn0264836	FBpp0306753	66	0.6212	27	41	0.4267
FBgn0264848	FBpp0075690	178	0.5056	22	90	0.3865
FBgn0264855	FBpp0088945	952	0.4548	75	433	0.3939
FBgn0264894	FBpp0306886	2381	0.9139	285	2176	0.5456
FBgn0264895	FBpp0306873	959	0.6246	126	599	0.4377
FBgn0264897	FBpp0306926	124	0.7500	76	93	0.4657
FBgn0264899	FBpp0306951	99	0.7273	43	72	0.4273
FBgn0264903	FBpp0306973	90	0.3667	23	33	0.3154
FBgn0264907	FBpp0311364	813	0.4563	135	371	0.3769
FBgn0264908	FBpp0306994	978	0.5521	71	540	0.4128
FBgn0264911	FBpp0311857	293	0.6553	48	192	0.4269
FBgn0264922	FBpp0078984	90	0.7000	34	63	0.4453
FBgn0264953	FBpp0312565	2973	0.4168	108	1239	0.3544
FBgn0264954	FBpp0423184	764	0.6440	75	492	0.4657
FBgn0264959	FBpp0428449	1606	0.6582	101	1057	0.4496
FBgn0264962	FBpp0291500	1953	0.6641	201	1297	0.4610
FBgn0264975	FBpp0297081	1309	0.6463	66	846	0.4319
FBgn0264978	FBpp0077461	639	0.4163	28	266	0.3770
FBgn0264979	FBpp0077431	374	0.5160	45	193	0.3958
FBgn0264988	FBpp0307440	56	0.4643	23	26	0.4045
FBgn0264989	FBpp0307444	59	0.1864	11	11	0.2563
FBgn0264990	FBpp0307445	59	0.1864	11	11	0.2563
FBgn0264991	FBpp0307438	83	0.5060	42	42	0.3608
FBgn0265001	FBpp0307473	553	0.3436	27	190	0.3495
FBgn0265002	FBpp0307477	1946	0.4132	83	804	0.3788
FBgn0265003	FBpp0307480	965	0.6404	148	618	0.4285
FBgn0265011	FBpp0111472	1041	0.6936	357	722	0.4939
FBgn0265041	FBpp0307573	93	0.9140	46	85	0.5127
FBgn0265042	FBpp0307580	652	0.5184	82	338	0.3988
FBgn0265045	FBpp0307635	8255	0.6860	1784	5663	0.4744
FBgn0265046	FBpp0307622	118	0.0169	2	2	0.1632
FBgn0265047	FBpp0422977	402	0.9328	167	375	0.5291
FBgn0265048	FBpp0082643	1470	0.4850	57	713	0.3939
FBgn0265052	FBpp0307661	526	0.5741	49	302	0.4137
FBgn0265063	FBpp0307767	43	0.0000	0	0	0.2698
FBgn0265082	FBpp0307781	4273	0.8294	341	3544	0.4957
FBgn0265083	FBpp0307783	65	0.6154	25	40	0.4395
FBgn0265084	FBpp0307811	694	0.6297	81	437	0.4388
FBgn0265087	FBpp0423325	57	0.1404	7	8	0.2852
FBgn0265089	FBpp0076424	244	0.3443	15	84	0.3636
FBgn0265101	FBpp0081351	178	0.6910	85	123	0.4581
FBgn0265102	FBpp0076386	1169	0.2660	27	311	0.3541
FBgn0265137	FBpp0085523	424	0.3585	28	152	0.3621
FBgn0265138	FBpp0077566	383	0.1384	16	53	0.2711
FBgn0265139	FBpp0289461	428	0.1565	19	67	0.2966
FBgn0265140	FBpp0290713	1407	0.6063	123	853	0.4296
FBgn0265146	FBpp0402849	38	0.3947	15	15	0.3026
FBgn0265158	FBpp0308000	53	0.2453	13	13	0.3389
FBgn0265174	FBpp0308217	449	0.1514	17	68	0.2986
FBgn0265177	FBpp0308230	80	0.4375	11	35	0.3758
FBgn0265178	FBpp0308231	396	0.5354	38	212	0.4174
FBgn0265180	FBpp0308240	440	0.9477	246	417	0.5610
FBgn0265182	FBpp0308242	536	0.7276	87	390	0.4457
FBgn0265184	FBpp0308248	407	0.7002	156	285	0.4470
FBgn0265185	FBpp0308250	297	0.2862	19	85	0.3598
FBgn0265186	FBpp0308251	478	0.3054	50	146	0.3660
FBgn0265187	FBpp0308253	714	0.3123	32	223	0.3463
FBgn0265188	FBpp0308256	78	0.4487	14	35	0.3453
FBgn0265189	FBpp0308258	536	0.5112	37	274	0.4093
FBgn0265190	FBpp0308257	536	0.4403	27	236	0.3745
FBgn0265191	FBpp0308234	699	0.6180	115	432	0.4642
FBgn0265192	FBpp0308244	281	0.4413	41	124	0.3921
FBgn0265193	FBpp0308241	381	0.7139	142	272	0.4717
FBgn0265194	FBpp0428447	2056	0.5501	99	1131	0.4088
FBgn0265197	FBpp0308314	48	0.3125	11	15	0.3585
FBgn0265199	FBpp0308316	65	0.5077	21	33	0.4065
FBgn0265201	FBpp0308317	98	1.0000	98	98	0.5611
FBgn0265256	FBpp0308343	130	0.8231	102	107	0.4848
FBgn0265257	FBpp0308345	106	0.3396	21	36	0.3644
FBgn0265262	FBpp0080010	614	0.3844	33	236	0.3789
FBgn0265263	FBpp0292021	50	0.0400	1	2	0.3167
FBgn0265264	FBpp0290352	1087	0.7387	379	803	0.4938
FBgn0265265	FBpp0071014	122	0.6066	23	74	0.3962
FBgn0265266	FBpp0297242	69	0.4783	22	33	0.3291
FBgn0265267	FBpp0074166	468	0.5043	93	236	0.3879
FBgn0265268	FBpp0289326	515	0.2951	33	152	0.3630
FBgn0265269	FBpp0077160	205	0.9805	117	201	0.5295
FBgn0265271	FBpp0081901	306	0.1536	17	47	0.3422
FBgn0265272	FBpp0086831	202	0.2376	21	48	0.3496
FBgn0265274	FBpp0084719	395	0.3038	34	120	0.3147
FBgn0265276	FBpp0303203	455	0.4308	42	196	0.4079
FBgn0265296	FBpp0303369	2101	0.5079	213	1067	0.4179
FBgn0265297	FBpp0085915	634	0.4953	69	314	0.4103
FBgn0265298	FBpp0088838	195	0.7077	82	138	0.4964
FBgn0265313	FBpp0310839	45	0.1778	8	8	0.1794
FBgn0265317	FBpp0308427	69	0.6087	17	42	0.4066
FBgn0265342	FBpp0308503	76	0.3289	11	25	0.3293
FBgn0265349	FBpp0291148	50	0.3800	8	19	0.3195
FBgn0265351	FBpp0081352	337	0.1335	19	45	0.2951
FBgn0265356	FBpp0113114	1517	0.7146	274	1084	0.4754
FBgn0265362	FBpp0308574	88	0.7614	24	67	0.4658
FBgn0265373	FBpp0308655	97	0.2784	20	27	0.3423
FBgn0265413	FBpp0308719	146	0.0000	0	0	0.2326
FBgn0265416	FBpp0308760	822	0.5681	80	467	0.4383
FBgn0265417	FBpp0308761	153	0.9085	84	139	0.5160
FBgn0265429	FBpp0308793	214	0.6449	58	138	0.4517
FBgn0265455	FBpp0308847	56	0.1964	5	11	0.2662
FBgn0265464	FBpp0071136	475	0.6337	52	301	0.4370
FBgn0265469	FBpp0308958	107	0.4019	21	43	0.3791
FBgn0265487	FBpp0307871	956	0.6077	64	581	0.4271
FBgn0265512	FBpp0087457	459	0.5338	36	245	0.4155
FBgn0265523	FBpp0305909	3607	0.7003	267	2526	0.4898
FBgn0265535	FBpp0309112	279	0.6882	72	192	0.4397
FBgn0265538	FBpp0401593	30	0.0667	2	2	0.2367
FBgn0265574	FBpp0072468	814	0.7973	102	649	0.4917
FBgn0265575	FBpp0309178	780	0.3436	46	268	0.3362
FBgn0265576	FBpp0309190	147	0.9932	130	146	0.5523
FBgn0265577	FBpp0423415	41	0.4146	17	17	0.3006
FBgn0265578	FBpp0309210	591	0.8308	108	491	0.4944
FBgn0265579	FBpp0309212	94	0.4043	38	38	0.3440
FBgn0265595	FBpp0309294	746	0.6555	91	489	0.4699
FBgn0265597	FBpp0309308	1799	0.6865	154	1235	0.4637
FBgn0265598	FBpp0309325	424	0.3184	43	135	0.3615
FBgn0265605	FBpp0086392	264	0.4886	37	129	0.3934
FBgn0265606	FBpp0083336	249	0.4137	37	103	0.3795
FBgn0265607	FBpp0292391	343	0.5831	41	200	0.4094
FBgn0265608	FBpp0309376	89	0.4382	21	39	0.3767
FBgn0265610	FBpp0309377	95	0.3789	15	36	0.3659
FBgn0265623	FBpp0303463	1396	0.7715	186	1077	0.4915
FBgn0265625	FBpp0309421	721	0.8169	113	589	0.5115
FBgn0265626	FBpp0309422	899	0.8999	322	809	0.5532
FBgn0265627	FBpp0309423	732	0.8347	125	611	0.5268
FBgn0265629	FBpp0309426	187	0.7861	44	147	0.4439
FBgn0265630	FBpp0309425	1653	0.5608	88	927	0.4240
FBgn0265631	FBpp0309433	55	0.6000	32	33	0.3834
FBgn0265632	FBpp0309434	44	0.9773	43	43	0.5238
FBgn0265668	FBpp0309461	81	0.4815	23	39	0.3968
FBgn0265669	FBpp0309466	77	0.3896	26	30	0.3388
FBgn0265670	FBpp0309458	35	0.4571	16	16	0.3801
FBgn0265714	FBpp0309508	92	0.9565	87	88	0.5400
FBgn0265725	FBpp0309510	183	0.6612	46	121	0.4662
FBgn0265726	FBpp0309520	1890	0.7328	98	1385	0.4653
FBgn0265762	FBpp0309529	82	0.8171	33	67	0.5338
FBgn0265767	FBpp0290356	542	0.1863	41	101	0.2836
FBgn0265778	FBpp0078879	1573	0.5556	86	874	0.4225
FBgn0265784	FBpp0402805	331	0.6616	66	219	0.4625
FBgn0265785	FBpp0309551	141	0.6596	54	93	0.4289
FBgn0265833	FBpp0309573	138	0.0000	0	0	0.1973
FBgn0265834	FBpp0309575	153	0.0719	6	11	0.2287
FBgn0265835	FBpp0309576	62	0.1613	3	10	0.2895
FBgn0265836	FBpp0309577	80	0.1250	10	10	0.2434
FBgn0265877	FBpp0423213	1040	0.9029	833	939	0.6050
FBgn0265935	FBpp0307638	535	0.4579	37	245	0.3785
FBgn0265959	FBpp0309721	746	0.4839	80	361	0.3935
FBgn0265968	FBpp0290353	73	0.0000	0	0	0.2762
FBgn0265974	FBpp0423167	772	0.4443	41	343	0.3881
FBgn0265991	FBpp0099801	2194	0.7306	232	1603	0.4828
FBgn0265998	FBpp0289029	2045	0.7726	185	1580	0.4892
FBgn0266000	FBpp0309836	622	0.7412	187	461	0.4753
FBgn0266019	FBpp0428278	2162	0.5712	398	1235	0.4627
FBgn0266047	FBpp0309971	86	0.5930	29	51	0.4156
FBgn0266050	FBpp0310029	119	0.1092	10	13	0.3172
FBgn0266053	FBpp0082833	968	0.6560	176	635	0.4564
FBgn0266064	FBpp0082496	709	0.4203	49	298	0.3860
FBgn0266083	FBpp0072167	2175	0.6731	136	1464	0.4461
FBgn0266084	FBpp0306020	2528	0.7694	368	1945	0.5001
FBgn0266098	FBpp0310999	3785	0.4951	194	1874	0.4110
FBgn0266099	FBpp0310151	833	0.5030	99	419	0.4105
FBgn0266100	FBpp0310153	964	0.4730	66	456	0.3966
FBgn0266101	FBpp0310159	828	0.6449	41	534	0.4388
FBgn0266111	FBpp0087015	1977	0.2757	45	545	0.3503
FBgn0266124	FBpp0076190	81	0.0000	0	0	0.2121
FBgn0266129	FBpp0303264	1143	0.6710	102	767	0.4471
FBgn0266136	FBpp0291486	1525	0.4623	53	705	0.3868
FBgn0266137	FBpp0303325	807	0.4114	62	332	0.3645
FBgn0266163	FBpp0310290	76	0.7763	33	59	0.5366
FBgn0266170	FBpp0310312	131	0.4046	27	53	0.3739
FBgn0266171	FBpp0310313	103	0.5728	13	59	0.4120
FBgn0266172	FBpp0310310	200	0.4650	33	93	0.3994
FBgn0266173	FBpp0310314	107	0.5047	22	54	0.3997
FBgn0266174	FBpp0310315	73	0.7260	22	53	0.4353
FBgn0266175	FBpp0310316	136	0.6029	58	82	0.4235
FBgn0266176	FBpp0310319	70	0.4857	23	34	0.3964
FBgn0266177	FBpp0310317	138	0.6812	62	94	0.4269
FBgn0266178	FBpp0310318	95	0.5474	27	52	0.4078
FBgn0266186	FBpp0088416	218	0.2890	33	63	0.3309
FBgn0266195	FBpp0310356	466	0.5451	83	254	0.4180
FBgn0266259	FBpp0310417	87	0.6552	56	57	0.4394
FBgn0266261	FBpp0310416	162	0.8086	67	131	0.4516
FBgn0266268	FBpp0085208	384	0.4609	55	177	0.3970
FBgn0266282	FBpp0083958	1122	0.7629	156	856	0.4747
FBgn0266284	FBpp0070284	606	0.7360	68	446	0.4538
FBgn0266346	FBpp0071592	1040	0.6231	159	648	0.4368
FBgn0266347	FBpp0289395	539	0.2393	24	129	0.3332
FBgn0266354	FBpp0310523	1098	0.4317	55	474	0.3878
FBgn0266363	FBpp0310540	67	0.0000	0	0	0.2600
FBgn0266364	FBpp0310542	65	0.2769	12	18	0.2998
FBgn0266369	FBpp0080968	886	0.5079	43	450	0.3931
FBgn0266377	FBpp0310596	1050	0.4905	42	515	0.3979
FBgn0266405	FBpp0423416	42	0.4762	20	20	0.3739
FBgn0266409	FBpp0310731	273	0.3407	32	93	0.3211
FBgn0266410	FBpp0310736	199	0.8090	69	161	0.4822
FBgn0266411	FBpp0310749	1593	0.6698	219	1067	0.4730
FBgn0266417	FBpp0310766	192	0.6354	24	122	0.4146
FBgn0266418	FBpp0310776	1648	0.5182	132	854	0.4212
FBgn0266420	FBpp0085947	424	0.8184	116	347	0.4785
FBgn0266429	FBpp0070550	394	0.2284	36	90	0.2890
FBgn0266430	FBpp0310792	76	0.6184	36	47	0.3885
FBgn0266431	FBpp0310791	76	0.2237	10	17	0.3107
FBgn0266432	FBpp0310794	794	0.2191	23	174	0.3013
FBgn0266433	FBpp0310793	252	0.4127	32	104	0.3747
FBgn0266434	FBpp0310797	281	0.8363	136	235	0.5365
FBgn0266435	FBpp0310796	613	0.3670	35	225	0.3720
FBgn0266436	FBpp0310799	267	0.5805	66	155	0.4362
FBgn0266437	FBpp0402781	881	0.4472	45	394	0.3594
FBgn0266438	FBpp0310802	696	0.1753	31	122	0.3046
FBgn0266439	FBpp0310800	129	0.0388	2	5	0.2404
FBgn0266441	FBpp0310805	429	0.6247	79	268	0.4327
FBgn0266442	FBpp0310808	301	0.3854	37	116	0.3645
FBgn0266443	FBpp0310807	271	0.3506	37	95	0.3383
FBgn0266445	FBpp0310811	83	0.9157	71	76	0.5142
FBgn0266446	FBpp0310812	619	0.8255	105	511	0.4866
FBgn0266448	FBpp0310817	163	0.8466	41	138	0.4843
FBgn0266449	FBpp0078823	276	0.2536	45	70	0.3413
FBgn0266450	FBpp0310810	845	0.6757	80	571	0.4481
FBgn0266451	FBpp0310816	131	0.9695	125	127	0.5513
FBgn0266452	FBpp0310803	627	0.4083	29	256	0.3823
FBgn0266454	FBpp0310822	89	0.5955	53	53	0.3865
FBgn0266455	FBpp0310823	55	0.2364	13	13	0.2991
FBgn0266456	FBpp0310828	92	0.1413	11	13	0.3068
FBgn0266459	FBpp0310847	44	0.1136	4	5	0.2661
FBgn0266465	FBpp0082840	642	0.5561	148	357	0.4312
FBgn0266486	FBpp0310880	48	0.9792	44	47	0.5818
FBgn0266487	FBpp0310882	31	0.9355	26	29	0.4861
FBgn0266488	FBpp0310884	27	0.6296	17	17	0.4609
FBgn0266489	FBpp0310879	21	1.0000	21	21	0.4788
FBgn0266490	FBpp0310886	54	0.4630	25	25	0.3502
FBgn0266491	FBpp0310895	28	0.0714	2	2	0.1417
FBgn0266492	FBpp0310891	29	0.0345	1	1	0.1487
FBgn0266518	FBpp0085479	396	0.5808	36	230	0.4200
FBgn0266521	FBpp0293447	381	0.7979	129	304	0.4854
FBgn0266525	FBpp0310912	165	0.6606	57	109	0.4527
FBgn0266534	FBpp0310944	346	0.8121	107	281	0.4720
FBgn0266538	FBpp0310949	34	0.0882	2	3	0.2269
FBgn0266539	FBpp0310952	38	0.0263	1	1	0.2145
FBgn0266540	FBpp0310953	68	0.0294	1	2	0.2380
FBgn0266557	FBpp0289115	5517	0.7027	226	3877	0.4790
FBgn0266566	FBpp0311012	1138	0.8234	117	937	0.4935
FBgn0266569	FBpp0288846	92	0.2609	7	24	0.3141
FBgn0266570	FBpp0070616	653	0.5130	70	335	0.4224
FBgn0266572	FBpp0308529	1054	0.3197	44	337	0.3637
FBgn0266579	FBpp0311078	717	0.9470	213	679	0.5525
FBgn0266580	FBpp0085380	1876	0.3523	75	661	0.3739
FBgn0266581	FBpp0083572	680	0.5559	109	378	0.4361
FBgn0266582	FBpp0072975	265	0.4604	34	122	0.3826
FBgn0266591	FBpp0311135	118	0.5763	66	68	0.3732
FBgn0266598	FBpp0290434	95	0.8105	40	77	0.4815
FBgn0266599	FBpp0082514	651	0.5084	57	331	0.3979
FBgn0266615	FBpp0311146	86	0.6512	39	56	0.5045
FBgn0266647	FBpp0311903	89	0.4270	26	38	0.3805
FBgn0266666	FBpp0079031	79	0.9620	46	76	0.5402
FBgn0266667	FBpp0076339	693	0.5426	81	376	0.4130
FBgn0266669	FBpp0074993	889	0.5489	54	488	0.4138
FBgn0266670	FBpp0077208	894	0.4653	39	416	0.3930
FBgn0266671	FBpp0085888	738	0.5027	50	371	0.4013
FBgn0266672	FBpp0078326	985	0.5228	73	515	0.4133
FBgn0266673	FBpp0083932	710	0.4423	47	314	0.3953
FBgn0266674	FBpp0083436	766	0.4543	84	348	0.3916
FBgn0266696	FBpp0311337	4526	0.8087	290	3660	0.4914
FBgn0266708	FBpp0086454	476	0.7773	134	370	0.4677
FBgn0266709	FBpp0075628	451	0.3392	28	153	0.3565
FBgn0266710	FBpp0073758	149	0.1409	15	21	0.3153
FBgn0266711	FBpp0085724	117	0.3333	19	39	0.3547
FBgn0266717	FBpp0304070	4976	0.4204	63	2092	0.3872
FBgn0266719	FBpp0292144	1153	0.4935	59	569	0.4014
FBgn0266720	FBpp0081641	212	0.7594	52	161	0.4400
FBgn0266721	FBpp0081673	283	0.4417	31	125	0.3843
FBgn0266722	FBpp0082570	152	0.3421	17	52	0.3634
FBgn0266723	FBpp0086599	194	0.5412	35	105	0.4113
FBgn0266724	FBpp0075246	139	0.5540	31	77	0.4158
FBgn0266734	FBpp0423285	65	0.2769	6	18	0.3067
FBgn0266745	FBpp0311425	84	0.4881	38	41	0.3901
FBgn0266756	FBpp0306407	3734	0.7488	218	2796	0.4807
FBgn0266757	FBpp0271797	1647	0.3940	50	649	0.3793
FBgn0266758	FBpp0297166	853	0.4725	110	403	0.3805
FBgn0266801	FBpp0311578	1876	0.6679	216	1253	0.4569
FBgn0266811	FBpp0423289	88	0.4886	40	43	0.3869
FBgn0266845	FBpp0311647	26	0.6154	7	16	0.4172
FBgn0266848	FBpp0077060	343	0.2974	28	102	0.3553
FBgn0266916	FBpp0088911	1411	0.8880	368	1253	0.5275
FBgn0266917	FBpp0082817	784	0.7487	114	587	0.4627
FBgn0266918	FBpp0072874	412	0.6262	88	258	0.4299
FBgn0266962	FBpp0311809	148	0.1081	5	16	0.2741
FBgn0266977	FBpp0312443	95	0.5684	25	54	0.4234
FBgn0267001	FBpp0311958	3387	0.4762	100	1613	0.3951
FBgn0267002	FBpp0086227	1739	0.5906	80	1027	0.4292
FBgn0267033	FBpp0311880	1553	0.5744	127	892	0.4286
FBgn0267042	FBpp0311902	90	0.4111	24	37	0.3704
FBgn0267043	FBpp0311901	90	0.3778	22	34	0.3596
FBgn0267044	FBpp0311900	90	0.3778	22	34	0.3573
FBgn0267045	FBpp0311899	92	0.4239	26	39	0.3723
FBgn0267046	FBpp0311898	92	0.3478	24	32	0.3485
FBgn0267047	FBpp0311897	92	0.4239	26	39	0.3746
FBgn0267048	FBpp0311896	90	0.3333	22	30	0.3435
FBgn0267049	FBpp0311895	90	0.3778	22	34	0.3573
FBgn0267050	FBpp0311894	90	0.3778	22	34	0.3573
FBgn0267104	FBpp0312014	77	0.8052	46	62	0.5181
FBgn0267105	FBpp0312016	58	0.5517	31	32	0.4387
FBgn0267106	FBpp0312017	93	0.4301	21	40	0.3670
FBgn0267163	FBpp0312040	121	0.6116	27	74	0.4126
FBgn0267236	FBpp0312083	67	0.6269	30	42	0.4071
FBgn0267252	FBpp0312039	238	0.8529	137	203	0.5010
FBgn0267253	FBpp0071308	218	0.7339	56	160	0.4404
FBgn0267254	FBpp0312119	45	0.4667	21	21	0.4062
FBgn0267255	FBpp0312120	70	0.9286	57	65	0.5841
FBgn0267326	FBpp0079102	590	0.1847	47	109	0.2706
FBgn0267327	FBpp0079854	47	0.0000	0	0	0.2683
FBgn0267330	FBpp0079611	212	0.0142	2	3	0.2384
FBgn0267336	FBpp0305838	950	0.8232	246	782	0.4884
FBgn0267337	FBpp0303173	952	0.6229	124	593	0.4373
FBgn0267339	FBpp0083967	356	0.2584	30	92	0.3511
FBgn0267347	FBpp0099829	241	0.7925	78	191	0.4816
FBgn0267348	FBpp0076111	1639	0.6400	174	1049	0.4252
FBgn0267350	FBpp0303977	2154	0.3719	63	801	0.3701
FBgn0267351	FBpp0085754	1038	0.6416	166	666	0.4621
FBgn0267363	FBpp0312297	1009	0.2795	44	282	0.3308
FBgn0267365	FBpp0079651	204	0.4755	93	97	0.3818
FBgn0267366	FBpp0084615	283	0.6360	58	180	0.4584
FBgn0267376	FBpp0081772	208	0.5481	67	114	0.4281
FBgn0267378	FBpp0100140	294	0.5238	47	154	0.4018
FBgn0267383	FBpp0082303	168	0.4940	33	83	0.3992
FBgn0267384	FBpp0074058	167	0.2395	7	40	0.3486
FBgn0267385	FBpp0083611	533	0.2627	20	140	0.3480
FBgn0267390	FBpp0075315	2139	0.6176	146	1321	0.4341
FBgn0267398	FBpp0288749	241	0.8714	89	210	0.5016
FBgn0267408	FBpp0082608	1273	0.3284	46	418	0.3653
FBgn0267411	FBpp0312347	214	0.9486	121	203	0.5299
FBgn0267412	FBpp0312348	214	0.9486	121	203	0.5303
FBgn0267413	FBpp0312349	214	0.9486	121	203	0.5299
FBgn0267417	FBpp0312352	214	0.9486	121	203	0.5303
FBgn0267428	FBpp0312361	548	0.5219	80	286	0.4059
FBgn0267429	FBpp0312363	615	0.2650	80	163	0.3104
FBgn0267430	FBpp0401450	2326	0.3074	51	715	0.3272
FBgn0267431	FBpp0352251	2082	0.5231	65	1089	0.4078
FBgn0267432	FBpp0312366	4593	0.3758	61	1726	0.3779
FBgn0267433	FBpp0312367	4559	0.3797	60	1731	0.3752
FBgn0267435	FBpp0303134	1338	0.4051	74	542	0.3812
FBgn0267449	FBpp0312450	1069	0.4032	67	431	0.3830
FBgn0267486	FBpp0080614	682	0.4677	37	319	0.4068
FBgn0267487	FBpp0072602	548	0.5584	75	306	0.4189
FBgn0267488	FBpp0079165	1760	0.4460	65	785	0.3941
FBgn0267489	FBpp0312368	1247	0.3881	44	484	0.3688
FBgn0267490	FBpp0312346	213	0.9108	82	194	0.5262
FBgn0267491	FBpp0312353	214	0.9486	121	203	0.5286
FBgn0267492	FBpp0312350	214	0.9626	122	206	0.5339
FBgn0267493	FBpp0312351	214	0.9159	82	196	0.5283
FBgn0267592	FBpp0312563	1333	0.6992	128	932	0.4500
FBgn0267648	FBpp0312472	94	0.7021	33	66	0.4376
FBgn0267649	FBpp0312471	111	0.5135	28	57	0.4098
FBgn0267650	FBpp0312469	85	0.5882	37	50	0.4294
FBgn0267651	FBpp0312468	142	0.7465	78	106	0.4495
FBgn0267652	FBpp0312467	177	0.7175	44	127	0.4637
FBgn0267689	FBpp0312501	596	0.7919	80	472	0.4700
FBgn0267690	FBpp0312502	666	0.9459	561	630	0.5982
FBgn0267698	FBpp0306607	840	0.6333	74	532	0.4452
FBgn0267709	FBpp0423284	98	0.3163	22	31	0.3625
FBgn0267726	FBpp0312523	47	0.0000	0	0	0.2505
FBgn0267728	FBpp0087134	433	0.5935	53	257	0.4075
FBgn0267790	FBpp0081601	632	0.5000	40	316	0.4038
FBgn0267791	FBpp0089363	502	0.4701	34	236	0.3927
FBgn0267792	FBpp0308449	889	0.6918	177	615	0.4517
FBgn0267795	FBpp0075517	1183	0.5951	101	704	0.4195
FBgn0267796	FBpp0312604	2036	0.7117	408	1449	0.4727
FBgn0267821	FBpp0423185	775	0.6194	169	480	0.4371
FBgn0267823	FBpp0071816	321	0.3240	24	104	0.3644
FBgn0267824	FBpp0312548	562	0.5801	126	326	0.4351
FBgn0267828	FBpp0312556	746	0.4062	49	303	0.3631
FBgn0267849	FBpp0078007	282	0.6986	87	197	0.4569
FBgn0267861	FBpp0112552	226	0.3407	25	77	0.3893
FBgn0267903	FBpp0312571	102	0.8039	40	82	0.4598
FBgn0267904	FBpp0312570	133	0.6466	40	86	0.4339
FBgn0267905	FBpp0312569	102	0.9118	41	93	0.4747
FBgn0267912	FBpp0074067	584	0.4606	44	269	0.4028
FBgn0267964	FBpp0312582	26	0.1154	2	3	0.2931
FBgn0267967	FBpp0074259	554	0.8159	169	452	0.4825
FBgn0267972	FBpp0077489	245	0.1878	27	46	0.2841
FBgn0267975	FBpp0301765	273	0.5238	26	143	0.4163
FBgn0267976	FBpp0112504	206	0.5146	71	106	0.3797
FBgn0267977	FBpp0073890	724	0.6519	91	472	0.4598
FBgn0267978	FBpp0085394	469	0.7249	78	340	0.4464
FBgn0268063	FBpp0076507	817	0.4933	108	403	0.4169
FBgn0270924	FBpp0079461	777	0.5972	147	464	0.4494
FBgn0270925	FBpp0271767	1224	0.5858	211	717	0.4178
FBgn0270926	FBpp0089009	558	0.3244	32	181	0.3573
FBgn0270927	FBpp0085217	686	0.4111	48	282	0.3838
FBgn0270928	FBpp0083086	578	0.2993	96	173	0.3110
FBgn0275436	FBpp0086720	453	0.4305	28	195	0.3793
FBgn0278600	FBpp0373668	16	0.1875	3	3	0.3603
FBgn0278604	FBpp0081564	857	0.9592	221	822	0.5249
FBgn0278608	FBpp0288398	397	0.7985	103	317	0.4988
FBgn0283427	FBpp0307371	2540	0.3815	99	969	0.3751
FBgn0283432	FBpp0401440	533	0.4916	44	262	0.4015
FBgn0283433	FBpp0401439	533	0.4916	44	262	0.4015
FBgn0283434	FBpp0401438	544	0.5037	44	274	0.4033
FBgn0283437	FBpp0291497	690	0.5275	81	364	0.4052
FBgn0283438	FBpp0401442	532	0.4530	47	241	0.3941
FBgn0283439	FBpp0401444	234	0.8248	56	193	0.4820
FBgn0283440	FBpp0401448	1031	0.5674	103	585	0.4264
FBgn0283442	FBpp0401445	661	0.4160	80	275	0.3954
FBgn0283450	FBpp0088085	176	0.4261	44	75	0.3886
FBgn0283451	FBpp0303432	1011	0.5430	85	549	0.4182
FBgn0283461	FBpp0072935	70	0.3571	23	25	0.3061
FBgn0283467	FBpp0292263	431	0.8144	201	351	0.5261
FBgn0283468	FBpp0303082	597	0.3987	75	238	0.3917
FBgn0283469	FBpp0074278	442	0.5724	80	253	0.4180
FBgn0283471	FBpp0074298	269	0.7993	113	215	0.4998
FBgn0283472	FBpp0076820	490	0.4122	35	202	0.3840
FBgn0283473	FBpp0074405	483	0.5507	66	266	0.4353
FBgn0283476	FBpp0074283	4081	0.3894	55	1589	0.3741
FBgn0283477	FBpp0082724	255	0.5255	45	134	0.4426
FBgn0283478	FBpp0079462	448	0.5513	73	247	0.4185
FBgn0283479	FBpp0304205	530	0.4245	47	225	0.3747
FBgn0283480	FBpp0071695	538	0.3587	44	193	0.3683
FBgn0283494	FBpp0072072	240	0.3958	51	95	0.3852
FBgn0283499	FBpp0083519	2144	0.5965	99	1279	0.4287
FBgn0283500	FBpp0072546	592	0.3598	32	213	0.3569
FBgn0283503	FBpp0401556	1780	0.4871	108	867	0.3974
FBgn0283508	FBpp0296983	491	0.6701	77	329	0.4304
FBgn0283509	FBpp0072111	365	0.4767	36	174	0.3967
FBgn0283510	FBpp0087473	541	0.3789	35	205	0.3761
FBgn0283521	FBpp0309831	970	0.7041	61	683	0.4543
FBgn0283525	FBpp0077624	503	0.4712	92	237	0.4106
FBgn0283531	FBpp0289611	1537	0.4047	40	622	0.3680
FBgn0283535	FBpp0078349	226	0.5841	62	132	0.4272
FBgn0283536	FBpp0083214	117	0.5983	53	70	0.4635
FBgn0283545	FBpp0070464	237	0.7806	96	185	0.4796
FBgn0283625	FBpp0401594	129	0.7984	71	103	0.6143
FBgn0283649	FBpp0075265	315	0.4794	45	151	0.3919
FBgn0283651	FBpp0401605	1237	0.5853	67	724	0.4282
FBgn0283652	FBpp0077802	297	0.4242	39	126	0.3895
FBgn0283657	FBpp0288856	1489	0.6736	360	1003	0.4818
FBgn0283658	FBpp0079072	512	0.3750	37	192	0.3652
FBgn0283659	FBpp0080286	286	0.5280	30	151	0.4041
FBgn0283666	FBpp0072086	182	0.2582	24	47	0.3710
FBgn0283678	FBpp0079803	282	0.3369	25	95	0.3456
FBgn0283680	FBpp0311961	691	0.5355	111	370	0.4290
FBgn0283681	FBpp0075139	347	0.3458	29	120	0.3607
FBgn0283682	FBpp0079818	1354	0.5561	79	753	0.4149
FBgn0283712	FBpp0073493	1257	0.5871	119	738	0.4343
FBgn0283724	FBpp0072899	1381	0.8233	313	1137	0.4905
FBgn0283728	FBpp0085303	233	0.1245	12	29	0.2703
FBgn0283741	FBpp0291798	852	0.6878	223	586	0.4808
FBgn0284080	FBpp0402851	171	0.2456	14	42	0.3448
FBgn0284081	FBpp0402852	88	0.7159	53	63	0.4207
FBgn0284082	FBpp0402853	57	0.1053	6	6	0.3157
FBgn0284083	FBpp0402854	23	0.0000	0	0	0.1319
FBgn0284084	FBpp0079060	468	0.5406	64	253	0.4111
FBgn0284220	FBpp0080825	1447	0.6234	84	902	0.4385
FBgn0284221	FBpp0075784	1093	0.5993	83	655	0.4202
FBgn0284222	FBpp0402872	30	0.8000	23	24	0.5339
FBgn0284223	FBpp0402873	42	0.6190	14	26	0.4316
FBgn0284224	FBpp0402874	27	0.7778	21	21	0.5335
FBgn0284225	FBpp0402875	42	0.2143	6	9	0.3595
FBgn0284226	FBpp0402876	23	0.3043	6	7	0.3055
FBgn0284227	FBpp0402877	40	0.0500	2	2	0.2678
FBgn0284228	FBpp0402878	55	1.0000	55	55	0.5929
FBgn0284229	FBpp0402879	19	0.0000	0	0	0.1171
FBgn0284230	FBpp0402880	26	0.4615	12	12	0.4166
FBgn0284231	FBpp0402881	15	0.2667	4	4	0.3880
FBgn0284232	FBpp0402883	22	0.0000	0	0	0.0404
FBgn0284233	FBpp0402884	15	0.4000	3	6	0.3986
FBgn0284234	FBpp0402885	26	0.8462	22	22	0.4700
FBgn0284235	FBpp0402886	59	0.8814	52	52	0.5032
FBgn0284236	FBpp0402889	54	0.5926	29	32	0.4576
FBgn0284237	FBpp0402892	121	0.8595	104	104	0.6540
FBgn0284243	FBpp0085721	456	0.3750	44	171	0.3870
FBgn0284244	FBpp0294007	639	0.5102	108	326	0.4063
FBgn0284245	FBpp0087142	463	0.3456	26	160	0.3696
FBgn0284246	FBpp0085359	419	0.5704	49	239	0.4206
FBgn0284247	FBpp0077708	3556	0.4418	63	1571	0.3882
FBgn0284248	FBpp0080446	108	0.3333	17	36	0.3860
FBgn0284249	FBpp0303284	274	0.5803	63	159	0.4352
FBgn0284251	FBpp0113107	1071	0.4332	43	464	0.3908
FBgn0284252	FBpp0072254	1013	0.7048	58	714	0.4488
FBgn0284253	FBpp0077251	1182	0.4924	52	582	0.3961
FBgn0284254	FBpp0086416	1075	0.2567	34	276	0.3385
FBgn0284255	FBpp0078831	168	0.4702	25	79	0.3909
FBgn0284256	FBpp0080637	1412	0.4851	70	685	0.4080
FBgn0284257	FBpp0112273	515	0.5398	59	278	0.4246
FBgn0284408	FBpp0428427	4489	0.5781	158	2595	0.4241
FBgn0284421	FBpp0077850	541	0.4104	64	222	0.3521
FBgn0284435	FBpp0099481	715	0.4951	38	354	0.4024
FBgn0284436	FBpp0087764	546	0.2473	27	135	0.3476
FBgn0284442	FBpp0070729	819	0.5079	81	416	0.3974
FBgn0284444	FBpp0289113	117	0.5556	52	65	0.4632
FBgn0285879	FBpp0074029	1311	0.6240	106	818	0.4546
FBgn0285892	FBpp0290143	1878	0.7098	155	1333	0.4600
FBgn0285896	FBpp0075520	1052	0.4781	44	503	0.3885
FBgn0285910	FBpp0070584	350	0.1600	10	56	0.3256
FBgn0285911	FBpp0081459	833	0.4538	34	378	0.3893
FBgn0285912	FBpp0084126	527	0.2106	58	111	0.2716
FBgn0285913	FBpp0082380	366	0.7404	79	271	0.4902
FBgn0285917	FBpp0303032	2330	0.7013	153	1634	0.4772
FBgn0285925	FBpp0111715	662	0.4653	41	308	0.3709
FBgn0285926	FBpp0293680	638	0.6787	118	433	0.4569
FBgn0285937	FBpp0083503	205	0.5073	32	104	0.3929
FBgn0285938	FBpp0422632	23	0.9130	19	21	0.4833
FBgn0285943	FBpp0086272	734	0.8215	284	603	0.4914
FBgn0285944	FBpp0303597	2145	0.3548	91	761	0.3384
FBgn0285947	FBpp0074500	160	0.5563	58	89	0.4140
FBgn0285948	FBpp0077142	149	0.5570	21	83	0.4064
FBgn0285949	FBpp0087608	124	0.9113	60	113	0.4944
FBgn0285950	FBpp0072312	203	0.7389	52	150	0.4782
FBgn0285951	FBpp0075138	188	0.7394	77	139	0.4509
FBgn0285952	FBpp0072081	159	0.4528	18	72	0.3846
FBgn0285954	FBpp0073996	399	0.4862	36	194	0.4061
FBgn0285955	FBpp0111542	2351	0.6529	148	1535	0.4517
FBgn0285958	FBpp0100046	494	0.3644	36	180	0.3711
FBgn0285963	FBpp0422661	1194	0.4447	50	531	0.3854
FBgn0285970	FBpp0077066	283	0.4558	39	129	0.3936
FBgn0285971	FBpp0079289	558	0.6129	75	342	0.4297
FBgn0286027	FBpp0080257	427	0.5667	78	242	0.4141
FBgn0286051	FBpp0076685	681	0.6549	49	446	0.4362
FBgn0286070	FBpp0086117	1557	0.7335	200	1142	0.4664
FBgn0286071	FBpp0082614	1688	0.6345	211	1071	0.4281
FBgn0286075	FBpp0082071	806	0.5720	100	461	0.4210
FBgn0286198	FBpp0079118	928	0.3782	32	351	0.3681
FBgn0286199	FBpp0083984	477	0.2914	32	139	0.3489
FBgn0286203	FBpp0289196	784	0.3890	67	305	0.3716
FBgn0286204	FBpp0081492	592	0.5355	65	317	0.4371
FBgn0286213	FBpp0075612	139	0.2374	11	33	0.3247
FBgn0286222	FBpp0070914	495	0.4081	38	202	0.3793
FBgn0286506	FBpp0081609	396	0.3283	27	130	0.3617
FBgn0286507	FBpp0082100	387	0.6693	93	259	0.4700
FBgn0286508	FBpp0074019	315	0.3683	29	116	0.3742
FBgn0286511	FBpp0112984	1364	0.5535	92	755	0.4158
FBgn0286516	FBpp0081413	285	0.8105	55	231	0.4900
FBgn0286567	FBpp0072906	1320	0.3992	60	527	0.3858
FBgn0286723	FBpp0080168	681	0.2834	46	193	0.3551
FBgn0286741	FBpp0423118	65	0.5692	10	37	0.4058
FBgn0286778	FBpp0423181	1107	0.6034	139	668	0.4730
FBgn0286781	FBpp0080554	536	0.4664	82	250	0.4074
FBgn0286782	FBpp0271893	1693	0.7153	180	1211	0.4787
FBgn0286783	FBpp0087472	604	0.3195	24	193	0.3634
FBgn0286784	FBpp0111818	826	0.4153	67	343	0.3881
FBgn0286785	FBpp0086501	1115	0.5139	91	573	0.3998
FBgn0286786	FBpp0079443	127	0.4094	23	52	0.3754
FBgn0286788	FBpp0088033	924	0.5985	128	553	0.4376
FBgn0286809	FBpp0423201	2079	0.6662	233	1385	0.4481
FBgn0286813	FBpp0428157	1009	0.6056	178	611	0.4796
FBgn0286818	FBpp0075401	496	0.4093	24	203	0.3799
FBgn0286828	FBpp0083103	592	0.6385	65	378	0.4214
FBgn0286833	FBpp0423228	145	0.9034	54	131	0.5224
FBgn0286834	FBpp0423227	192	0.3229	25	62	0.3579
FBgn0286852	FBpp0083009	406	0.3719	73	151	0.3768
FBgn0286872	FBpp0423261	104	0.3365	17	35	0.3513
FBgn0286873	FBpp0423262	60	0.7667	16	46	0.4471
FBgn0286874	FBpp0423263	103	0.6019	42	62	0.4198
FBgn0286875	FBpp0423264	65	0.4615	16	30	0.3152
FBgn0286876	FBpp0423265	110	0.2727	12	30	0.3150
FBgn0286877	FBpp0423266	196	0.8010	54	157	0.4879
FBgn0286893	FBpp0423270	72	0.0278	2	2	0.2227
FBgn0286898	FBpp0078925	1430	0.7266	203	1039	0.4735
FBgn0286929	FBpp0423290	44	0.4091	18	18	0.3099
FBgn0286930	FBpp0423291	85	0.2118	17	18	0.3378
FBgn0286931	FBpp0423297	93	0.6237	27	58	0.4205
FBgn0286932	FBpp0423295	53	0.9057	20	48	0.4821
FBgn0286933	FBpp0423317	185	0.6432	25	119	0.4150
FBgn0286939	FBpp0423321	68	0.8235	20	56	0.4301
FBgn0286940	FBpp0423326	296	0.8547	168	253	0.5325
FBgn0286941	FBpp0423328	33	0.2121	7	7	0.2472
FBgn0286976	FBpp0423395	351	0.3989	81	140	0.3517
FBgn0286977	FBpp0423396	284	0.5317	70	151	0.3791
FBgn0286979	FBpp0423397	518	0.8320	188	431	0.5062
FBgn0286980	FBpp0423399	287	0.4739	50	136	0.3909
FBgn0287182	FBpp0112471	2630	0.2916	66	767	0.3584
FBgn0287183	FBpp0112540	780	0.4436	52	346	0.3830
FBgn0287184	FBpp0297101	2394	0.2740	48	656	0.3480
FBgn0287185	FBpp0112384	429	0.3310	40	142	0.3532
FBgn0287186	FBpp0112474	468	0.7137	69	334	0.4644
FBgn0287187	FBpp0110439	407	0.5504	44	224	0.4145
FBgn0287204	FBpp0079833	570	0.4667	72	266	0.3872
FBgn0287209	FBpp0112410	694	0.3386	44	235	0.3651
FBgn0287210	FBpp0423418	117	0.6581	45	77	0.4697
FBgn0287211	FBpp0423417	96	0.1667	12	16	0.2633
FBgn0287212	FBpp0423420	115	0.0348	3	4	0.2588
FBgn0287213	FBpp0423419	161	0.1615	12	26	0.2198
FBgn0287218	FBpp0423421	44	1.0000	44	44	0.4873
FBgn0287225	FBpp0082728	604	0.5745	166	347	0.4356
FBgn0287234	FBpp0077108	231	0.5238	60	121	0.4032
FBgn0287423	FBpp0312403	119	0.3782	20	45	0.3448
FBgn0287454	FBpp0073312	122	0.7623	86	93	0.4875
FBgn0287478	FBpp0289754	2044	0.7285	166	1489	0.4719
FBgn0287585	FBpp0077872	498	0.3012	41	150	0.3236
FBgn0287586	FBpp0428191	56	0.5714	32	32	0.4019
FBgn0287587	FBpp0428194	133	0.0902	11	12	0.1889
FBgn0287588	FBpp0428196	31	0.6452	20	20	0.5287
FBgn0287589	FBpp0428197	104	0.8942	78	93	0.4915
FBgn0287590	FBpp0428198	31	0.7097	22	22	0.4284
FBgn0287592	FBpp0428253	34	0.0000	0	0	0.1657
FBgn0287594	FBpp0428266	92	0.9891	91	91	0.5360
FBgn0287595	FBpp0428267	51	0.3137	6	16	0.3329
FBgn0287596	FBpp0428268	190	0.4105	65	78	0.3877
FBgn0287597	FBpp0428269	272	0.8088	61	220	0.4620
FBgn0287598	FBpp0428273	69	0.5362	24	37	0.4128
FBgn0287599	FBpp0428275	29	0.0000	0	0	0.0800
FBgn0287630	FBpp0079692	652	0.5767	67	376	0.4136
FBgn0287631	FBpp0428286	682	0.7141	88	487	0.4640
FBgn0287632	FBpp0428287	265	0.7849	143	208	0.4756
FBgn0287645	FBpp0076948	263	0.2281	22	60	0.3000
FBgn0287695	FBpp0078895	300	0.3967	56	119	0.3712
FBgn0287696	FBpp0075105	608	0.4704	88	286	0.4088
FBgn0287720	FBpp0079527	522	0.4387	66	229	0.3943
FBgn0287724	FBpp0301962	844	0.7441	189	628	0.4856
FBgn0287725	FBpp0070922	3313	0.7123	247	2360	0.4754
FBgn0287767	FBpp0085374	478	0.3954	63	189	0.3684
FBgn0287768	FBpp0080293	470	0.7574	118	356	0.4508
FBgn0287774	FBpp0085616	813	0.6175	149	502	0.4521
FBgn0287775	FBpp0085620	1385	0.4065	75	563	0.3812
FBgn0287788	FBpp0079490	142	0.5704	25	81	0.3982
FBgn0287825	FBpp0288470	836	0.6232	268	521	0.4410
FBgn0287828	FBpp0309085	1894	0.7687	523	1456	0.4979
FBgn0287831	FBpp0089101	275	0.2727	25	75	0.3669
FBgn0287844	FBpp0310725	4724	0.4164	57	1967	0.3847
FBgn0287864	FBpp0086545	1235	0.4688	50	579	0.3946
FBgn0287873	FBpp0072306	2056	0.7529	406	1548	0.4705
FBgn0288229	FBpp0077812	699	0.3190	21	223	0.3360
FBgn0288232	FBpp0086586	504	0.4325	31	218	0.3835
FBgn0288310	FBpp0293022	3535	0.4260	76	1506	0.3893
FBgn0288433	FBpp0292053	1366	0.6252	111	854	0.4350
FBgn0288447	FBpp0086780	257	0.7626	51	196	0.4253
FBgn0288469	FBpp0074615	1350	0.4163	56	562	0.3842
FBgn0288470	FBpp0110163	237	0.6203	85	147	0.4313
FBgn0288631	FBpp0084411	402	0.3930	34	158	0.3607
FBgn0288686	FBpp0072177	454	0.4031	45	183	0.3890
FBgn0288690	FBpp0071350	1100	0.4600	38	506	0.3926
FBgn0288700	FBpp0428452	1000	0.6580	126	658	0.4399
FBgn0288729	FBpp0428464	213	0.6197	53	132	0.4628
FBgn0288730	FBpp0428465	213	0.6009	53	128	0.4559
FBgn0288731	FBpp0428466	213	0.6432	63	137	0.4608
FBgn0288732	FBpp0428467	213	0.6150	53	131	0.4580
FBgn0288733	FBpp0428468	213	0.6150	53	131	0.4591
FBgn0288734	FBpp0428469	213	0.6150	53	131	0.4553
FBgn0288735	FBpp0428470	213	0.6150	53	131	0.4589
FBgn0288736	FBpp0428471	213	0.6150	53	131	0.4590
FBgn0288737	FBpp0428472	213	0.6150	53	131	0.4504
FBgn0288738	FBpp0428473	213	0.6150	53	131	0.4591
FBgn0288739	FBpp0428461	213	0.6009	53	128	0.4559
FBgn0288740	FBpp0428474	213	0.6009	53	128	0.4559
FBgn0288741	FBpp0428475	213	0.6009	53	128	0.4559
FBgn0288742	FBpp0428476	213	0.6150	53	131	0.4591
FBgn0288743	FBpp0428477	213	0.6009	53	128	0.4559
FBgn0288744	FBpp0428478	213	0.6150	53	131	0.4591
FBgn0288745	FBpp0428479	213	0.6009	53	128	0.4559
FBgn0288746	FBpp0428480	213	0.6009	53	128	0.4547
FBgn0288747	FBpp0428481	213	0.6009	53	128	0.4559
FBgn0288748	FBpp0428462	31	0.5484	15	17	0.4223
FBgn0288810	FBpp0428482	20	0.0000	0	0	0.0686
FBgn0288833	FBpp0073380	112	0.0804	3	9	0.3319
FBgn0288834	FBpp0080967	246	0.3374	28	83	0.3618
FBgn0288835	FBpp0428495	20	0.8500	17	17	0.4787
FBgn0288846	FBpp0081284	947	0.2957	32	280	0.3605
FBgn0288856	FBpp0422656	244	0.4262	46	104	0.3917
FBgn0288857	FBpp0073620	121	0.4132	19	50	0.3759
FBgn0288875	FBpp0084786	852	0.4777	47	407	0.3994
FBgn0288888	FBpp0084381	384	0.6901	55	265	0.4638
FBgn0288966	FBpp0085176	771	0.4553	65	351	0.4107
FBgn0288967	FBpp0070511	479	0.4092	30	196	0.3945
FBgn0288976	FBpp0082402	845	0.2876	36	243	0.3515
FBgn0289108	FBpp0083515	156	0.2115	17	33	0.3233
FBgn0289122	FBpp0083185	1638	0.6593	99	1080	0.4446
FBgn0289323	FBpp0086186	1007	0.3247	40	327	0.3668
FBgn0289556	FBpp0288554	1269	0.9417	363	1195	0.5539
FBgn0289578	FBpp0070320	593	0.3272	65	194	0.3655
FBgn0289579	FBpp0074906	504	0.2579	33	130	0.3342
FBgn0289650	FBpp0303267	2990	0.4492	464	1343	0.4030
FBgn0289678	FBpp0079449	121	0.8843	106	107	0.5169
FBgn0289712	FBpp0071461	286	0.6189	52	177	0.4240
FBgn0289743	FBpp0085466	506	0.3597	43	182	0.3651
FBgn0289744	FBpp0087120	310	0.5484	36	170	0.3951
FBgn0289745	FBpp0308684	707	0.5347	58	378	0.3984
FBgn0289868	FBpp0076029	404	0.2228	20	90	0.2890
FBgn0289933	FBpp0079113	1788	0.5945	130	1063	0.4210
FBgn0289994	FBpp0076182	213	0.5681	32	121	0.4154
FBgn0290109	FBpp0074075	341	0.5748	35	196	0.4145
FBgn0290170	FBpp0074005	681	0.2966	29	202	0.3584
FBgn0290174	FBpp0082346	752	0.3577	24	269	0.3712
FBgn0290182	FBpp0302536	635	0.5827	103	370	0.4275
FBgn0290203	FBpp0079543	623	0.7416	95	462	0.4763
FBgn0290324	FBpp0072145	284	0.7711	86	219	0.4749
FBgn0290396	FBpp0083939	354	0.6441	56	228	0.4428
FBgn0290397	FBpp0083931	1100	0.6600	134	726	0.4480
FBgn0290398	FBpp0289845	920	0.5554	123	511	0.4385
FBgn0290399	FBpp0083969	516	0.4012	51	207	0.3832
FBgn0290416	FBpp0293580	4010	0.6152	136	2467	0.4441
FBgn0290417	FBpp0084348	228	0.3991	38	91	0.3955
FBgn0290418	FBpp0084351	672	0.5759	91	387	0.4330
FBgn0290419	FBpp0084363	798	0.5990	129	478	0.3886
FBgn0290420	FBpp0084342	317	0.4290	38	136	0.3741
FBgn0290421	FBpp0084349	253	0.4348	30	110	0.3903
FBgn0290431	FBpp0084340	256	0.4609	54	118	0.3833
FBgn0052320	FBpp0308933	767	0.3638	93	279	0.3580
FBgn0035216	FBpp0423088	648	0.5571	50	361	0.4033
FBgn0035217	FBpp0072577	447	0.4966	38	222	0.3951
FBgn0004635	FBpp0072578	355	0.2676	35	95	0.2993
FBgn0028567	FBpp0072579	104	0.3750	25	39	0.3814
FBgn0035227	FBpp0072587	1544	0.5389	58	832	0.4183
FBgn0011204	FBpp0072590	644	0.4441	47	286	0.3881
FBgn0028577	FBpp0072593	637	0.3862	50	246	0.3743
FBgn0043458	FBpp0072595	793	0.2573	33	204	0.3461
FBgn0020248	FBpp0072596	485	0.3216	31	156	0.3109
FBgn0052319	FBpp0072598	211	0.1469	18	31	0.3064
FBgn0043865	FBpp0291002	973	0.2765	30	269	0.3540
FBgn0035218	FBpp0072604	433	0.6005	80	260	0.4213
FBgn0035213	FBpp0072605	733	0.8254	109	605	0.4934
FBgn0035211	FBpp0072607	330	0.2424	21	80	0.3438
FBgn0035210	FBpp0072608	253	0.6640	45	168	0.4287
FBgn0035208	FBpp0072609	242	0.4463	75	108	0.4037
FBgn0035206	FBpp0072611	307	0.2313	18	71	0.3359
FBgn0035204	FBpp0072613	534	0.4476	42	239	0.3820
FBgn0010333	FBpp0072614	192	0.2917	15	56	0.3515
FBgn0035194	FBpp0072615	202	0.4901	19	99	0.3938
FBgn0052318	FBpp0088995	164	0.6098	35	100	0.4350
FBgn0004378	FBpp0072616	1066	0.7580	88	808	0.4651
FBgn0035193	FBpp0072617	311	0.4341	79	135	0.3959
FBgn0035229	FBpp0072619	1449	0.4686	45	679	0.3960
FBgn0041342	FBpp0072621	526	0.6711	83	353	0.4498
FBgn0035231	FBpp0072625	381	0.5564	46	212	0.4170
FBgn0035233	FBpp0072626	299	0.5652	44	169	0.4086
FBgn0035234	FBpp0072627	456	0.7522	108	343	0.4656
FBgn0035236	FBpp0112035	486	0.3025	57	147	0.3266
FBgn0035237	FBpp0072630	2019	0.7746	227	1564	0.4734
FBgn0035244	FBpp0072637	743	0.3338	45	248	0.3494
FBgn0053230	FBpp0072640	446	0.3722	28	166	0.3810
FBgn0013753	FBpp0303213	253	0.6047	59	153	0.4393
FBgn0035248	FBpp0072642	131	0.0305	4	4	0.2203
FBgn0013755	FBpp0072643	213	0.6291	52	134	0.4443
FBgn0025712	FBpp0072644	160	0.1688	14	27	0.2914
FBgn0035252	FBpp0312396	255	0.2784	29	71	0.3454
FBgn0035254	FBpp0072646	294	0.8027	88	236	0.5059
FBgn0035257	FBpp0072647	528	0.7462	64	394	0.4590
FBgn0035260	FBpp0292221	888	0.7579	119	673	0.4808
FBgn0035263	FBpp0072649	300	0.4800	63	144	0.3708
FBgn0035266	FBpp0072650	576	0.4392	64	253	0.3852
FBgn0035267	FBpp0423138	1129	0.6377	163	720	0.4413
FBgn0035268	FBpp0072657	748	0.5829	134	436	0.4376
FBgn0027903	FBpp0072658	431	0.3179	39	137	0.3741
FBgn0035272	FBpp0072659	258	0.7481	44	193	0.4555
FBgn0011573	FBpp0072660	389	0.7121	165	277	0.4612
FBgn0035273	FBpp0072661	366	0.4836	29	177	0.3916
FBgn0067864	FBpp0072662	871	0.4214	88	367	0.3845
FBgn0027790	FBpp0072667	293	0.8055	153	236	0.5061
FBgn0035280	FBpp0072669	194	0.1959	16	38	0.3067
FBgn0035279	FBpp0288835	136	0.5368	29	73	0.3646
FBgn0025820	FBpp0072671	152	0.3947	36	60	0.3638
FBgn0024510	FBpp0072673	1240	0.5387	89	668	0.4105
FBgn0035271	FBpp0072674	95	0.0105	1	1	0.3014
FBgn0035270	FBpp0072675	671	0.2712	28	182	0.3527
FBgn0013811	FBpp0292225	3964	0.3691	93	1463	0.3713
FBgn0022702	FBpp0072677	484	0.3533	48	171	0.3677
FBgn0035265	FBpp0072678	504	0.1786	25	90	0.2749
FBgn0035264	FBpp0072679	1205	0.3585	30	432	0.3647
FBgn0027594	FBpp0306204	1042	0.4818	85	502	0.3978
FBgn0035262	FBpp0072682	760	0.5039	85	383	0.4250
FBgn0035256	FBpp0072685	685	0.5168	63	354	0.3993
FBgn0035255	FBpp0290743	277	0.4838	43	134	0.4043
FBgn0026372	FBpp0072687	277	0.5993	52	166	0.4388
FBgn0035251	FBpp0072691	316	0.5665	61	179	0.4166
FBgn0035249	FBpp0072692	472	0.9195	159	434	0.4893
FBgn0025725	FBpp0072693	1234	0.3509	40	433	0.3678
FBgn0035247	FBpp0072696	325	0.4123	32	134	0.3968
FBgn0013342	FBpp0303878	206	0.7039	78	145	0.4405
FBgn0035245	FBpp0072701	672	0.3750	49	252	0.3509
FBgn0035246	FBpp0072702	245	0.5796	31	142	0.4087
FBgn0035243	FBpp0072703	197	0.3909	29	77	0.3732
FBgn0035241	FBpp0072704	1509	0.8164	318	1232	0.5080
FBgn0035238	FBpp0072705	250	0.8240	107	206	0.4752
FBgn0035235	FBpp0072706	985	0.6690	114	659	0.4703
FBgn0035232	FBpp0072708	708	0.6102	85	432	0.4537
FBgn0052313	FBpp0305590	182	0.3956	21	72	0.3561
FBgn0035228	FBpp0072711	321	0.4611	36	148	0.3813
FBgn0035283	FBpp0072712	292	0.7295	104	213	0.4733
FBgn0035285	FBpp0072714	170	0.4647	73	79	0.3555
FBgn0035286	FBpp0292252	494	0.8522	118	421	0.5043
FBgn0035294	FBpp0072720	478	0.9017	289	431	0.5477
FBgn0035295	FBpp0072721	689	0.8258	242	569	0.5029
FBgn0035298	FBpp0072723	516	0.2829	38	146	0.3466
FBgn0035300	FBpp0072724	451	0.1685	43	76	0.2470
FBgn0035299	FBpp0072731	283	0.8940	169	253	0.5614
FBgn0027547	FBpp0072732	213	0.5728	41	122	0.3866
FBgn0002872	FBpp0072735	1280	0.6977	352	893	0.4729
FBgn0035293	FBpp0072737	683	0.1962	40	134	0.2712
FBgn0035290	FBpp0271769	615	0.4569	46	281	0.3857
FBgn0035287	FBpp0289940	431	0.5058	48	218	0.4157
FBgn0042712	FBpp0072745	670	0.4955	73	332	0.3962
FBgn0004636	FBpp0072746	184	0.3859	27	71	0.3920
FBgn0035282	FBpp0292254	193	0.6010	61	116	0.4286
FBgn0035281	FBpp0072748	180	0.1167	5	21	0.2471
FBgn0035313	FBpp0300549	490	0.1980	66	97	0.2881
FBgn0035315	FBpp0072750	114	0.5088	28	58	0.3839
FBgn0035317	FBpp0304907	1754	0.3381	33	593	0.3654
FBgn0040507	FBpp0072753	1162	0.3632	57	422	0.3491
FBgn0052301	FBpp0290536	1111	0.3123	42	347	0.3155
FBgn0052305	FBpp0290537	1164	0.2869	39	334	0.3155
FBgn0015359	FBpp0072756	262	0.4771	33	125	0.4011
FBgn0035323	FBpp0072757	170	0.7412	93	126	0.4692
FBgn0035325	FBpp0072758	297	0.2997	23	89	0.3573
FBgn0052304	FBpp0072759	219	0.2557	17	56	0.3429
FBgn0052302	FBpp0072760	313	0.4473	32	140	0.3838
FBgn0035328	FBpp0072761	382	0.4241	42	162	0.3599
FBgn0035332	FBpp0072766	690	0.2449	42	169	0.2777
FBgn0035334	FBpp0072767	142	0.4155	34	59	0.3704
FBgn0035336	FBpp0072768	854	0.5703	101	487	0.4396
FBgn0052298	FBpp0289085	200	0.5500	67	110	0.4313
FBgn0052299	FBpp0072776	134	0.4478	33	60	0.3834
FBgn0035337	FBpp0072777	277	0.9097	100	252	0.5674
FBgn0035335	FBpp0072778	150	0.8067	46	121	0.4716
FBgn0035333	FBpp0072779	988	0.1943	52	192	0.2873
FBgn0041709	FBpp0072780	393	0.3410	49	134	0.3594
FBgn0000543	FBpp0072781	684	0.6579	96	450	0.4322
FBgn0015360	FBpp0072782	876	0.3870	59	339	0.3815
FBgn0035321	FBpp0072783	340	0.3029	25	103	0.3062
FBgn0035318	FBpp0072788	375	0.7120	130	267	0.4674
FBgn0035316	FBpp0072789	446	0.5919	39	264	0.4223
FBgn0026593	FBpp0300550	361	0.5042	51	182	0.3902
FBgn0035312	FBpp0072791	308	0.3799	56	117	0.3665
FBgn0026570	FBpp0072792	335	0.3045	31	102	0.3534
FBgn0035309	FBpp0072793	342	0.4327	37	148	0.3814
FBgn0035308	FBpp0305643	1267	0.6796	139	861	0.4420
FBgn0035346	FBpp0072798	315	0.7365	73	232	0.4624
FBgn0016794	FBpp0072803	878	0.7358	107	646	0.4509
FBgn0062517	FBpp0072805	307	0.6840	56	210	0.4400
FBgn0035355	FBpp0072806	149	0.0738	4	11	0.3409
FBgn0035356	FBpp0072807	143	0.1748	9	25	0.3036
FBgn0035357	FBpp0072808	1152	0.6259	64	721	0.4395
FBgn0035359	FBpp0072814	296	0.6014	73	178	0.4367
FBgn0035360	FBpp0072815	437	0.4851	166	212	0.3844
FBgn0053233	FBpp0271698	489	0.1656	39	81	0.2498
FBgn0053234	FBpp0288582	475	0.1642	31	78	0.2604
FBgn0020509	FBpp0072820	115	0.3043	22	35	0.3337
FBgn0052296	FBpp0310920	1788	0.7349	177	1314	0.4685
FBgn0027082	FBpp0072825	458	0.4563	56	209	0.3974
FBgn0035358	FBpp0072826	208	0.4279	27	89	0.3685
FBgn0011828	FBpp0072828	1527	0.4532	84	692	0.3877
FBgn0028504	FBpp0072829	694	0.2637	29	183	0.3430
FBgn0010909	FBpp0072830	1504	0.6257	214	941	0.4488
FBgn0010905	FBpp0293163	2148	0.7519	281	1615	0.4702
FBgn0260480	FBpp0072832	358	0.7793	97	279	0.4871
FBgn0035348	FBpp0303831	396	0.4091	74	162	0.3622
FBgn0035344	FBpp0072837	510	0.2686	21	137	0.3498
FBgn0035343	FBpp0072838	254	0.6063	56	154	0.4362
FBgn0035370	FBpp0072839	244	0.7541	85	184	0.4958
FBgn0044452	FBpp0072840	1906	0.5215	68	994	0.4111
FBgn0035374	FBpp0290840	326	0.7699	69	251	0.4605
FBgn0035375	FBpp0072842	666	0.4715	64	314	0.4033
FBgn0035382	FBpp0072847	420	0.2762	25	116	0.3367
FBgn0035383	FBpp0072848	667	0.5337	44	356	0.4046
FBgn0035384	FBpp0072849	183	0.6120	73	112	0.4502
FBgn0035385	FBpp0072850	549	0.3807	43	209	0.3509
FBgn0035388	FBpp0311278	662	0.7583	157	502	0.4905
FBgn0040308	FBpp0072852	242	0.2603	20	63	0.3546
FBgn0052485	FBpp0072855	222	0.4550	41	101	0.3764
FBgn0035392	FBpp0072857	556	0.3471	35	193	0.3687
FBgn0035393	FBpp0072860	177	0.9379	68	166	0.5347
FBgn0035397	FBpp0072861	790	0.4595	42	363	0.3841
FBgn0035390	FBpp0072875	263	0.4905	25	129	0.3752
FBgn0004372	FBpp0072876	568	0.6461	67	367	0.4499
FBgn0052487	FBpp0072877	320	0.1719	13	55	0.3333
FBgn0052488	FBpp0072878	307	0.3355	25	103	0.3513
FBgn0052846	FBpp0293005	356	0.6461	67	230	0.4280
FBgn0035380	FBpp0072880	484	0.4277	73	207	0.3904
FBgn0035379	FBpp0072881	387	0.6873	58	266	0.4483
FBgn0035372	FBpp0072885	380	0.5789	146	220	0.4149
FBgn0035371	FBpp0072886	521	0.3436	72	179	0.3704
FBgn0035401	FBpp0072887	424	0.3302	21	140	0.3443
FBgn0035405	FBpp0072891	518	0.5888	88	305	0.4204
FBgn0024194	FBpp0072893	500	0.1500	23	75	0.2656
FBgn0052280	FBpp0072894	130	0.4615	28	60	0.3501
FBgn0052278	FBpp0072897	111	0.9279	68	103	0.5106
FBgn0052281	FBpp0072898	457	0.6346	47	290	0.4175
FBgn0052284	FBpp0072901	102	0.5196	29	53	0.3682
FBgn0035412	FBpp0072902	96	0.1458	5	14	0.2893
FBgn0035413	FBpp0072903	145	0.2483	14	36	0.3317
FBgn0001233	FBpp0072904	717	0.5565	100	399	0.4271
FBgn0035421	FBpp0072907	442	0.3348	31	148	0.3325
FBgn0035423	FBpp0072908	110	0.6455	23	71	0.4108
FBgn0035424	FBpp0072910	1531	0.6786	137	1039	0.4563
FBgn0035427	FBpp0072914	140	0.5286	27	74	0.3928
FBgn0035428	FBpp0072915	331	0.5287	52	175	0.3761
FBgn0035429	FBpp0072916	594	0.6768	124	402	0.4486
FBgn0035430	FBpp0072917	905	0.8122	122	735	0.5036
FBgn0035432	FBpp0303136	545	0.4220	48	230	0.3536
FBgn0052279	FBpp0072923	70	0.1714	7	12	0.2666
FBgn0052283	FBpp0072924	71	0.0282	2	2	0.2420
FBgn0052282	FBpp0072925	71	0.3239	20	23	0.2979
FBgn0035434	FBpp0072926	69	0.3478	23	24	0.3091
FBgn0035436	FBpp0072927	323	0.4923	74	159	0.3971
FBgn0035438	FBpp0072932	238	0.3571	32	85	0.3836
FBgn0035439	FBpp0072933	914	0.8020	150	733	0.5052
FBgn0004167	FBpp0289294	4337	0.6938	185	3009	0.4542
FBgn0035443	FBpp0072937	717	0.3013	31	216	0.3588
FBgn0035444	FBpp0072938	122	0.3525	25	43	0.3248
FBgn0035445	FBpp0072939	512	0.4746	30	243	0.3839
FBgn0027616	FBpp0072940	721	0.6713	208	484	0.4625
FBgn0052268	FBpp0072942	72	0.3194	22	23	0.3011
FBgn0052274	FBpp0072943	69	0.3043	19	21	0.3077
FBgn0035440	FBpp0072944	315	0.4508	34	142	0.3802
FBgn0035437	FBpp0072946	927	0.5221	134	484	0.3945
FBgn0035435	FBpp0422629	312	0.2532	44	79	0.2955
FBgn0035431	FBpp0072948	199	0.4322	48	86	0.3999
FBgn0035425	FBpp0072955	371	0.3881	59	144	0.3696
FBgn0035422	FBpp0072957	144	0.7361	43	106	0.4535
FBgn0035420	FBpp0291508	2300	0.4878	73	1122	0.4039
FBgn0053160	FBpp0072964	258	0.1860	13	48	0.3227
FBgn0052277	FBpp0072965	261	0.1992	14	52	0.3334
FBgn0053159	FBpp0072966	257	0.3230	39	83	0.3479
FBgn0052271	FBpp0072967	248	0.2137	17	53	0.3171
FBgn0047135	FBpp0072968	64	0.5469	35	35	0.3730
FBgn0035415	FBpp0072970	140	0.5286	36	74	0.4106
FBgn0035414	FBpp0072971	557	0.7953	193	443	0.5033
FBgn0035410	FBpp0297861	1443	0.7477	244	1079	0.4755
FBgn0035409	FBpp0072973	261	0.2146	22	56	0.3294
FBgn0035407	FBpp0072974	388	0.7010	41	272	0.4257
FBgn0035402	FBpp0072976	827	0.4692	53	388	0.3931
FBgn0035400	FBpp0112045	705	0.3617	76	255	0.3388
FBgn0026189	FBpp0072980	1013	0.4985	44	505	0.3649
FBgn0035398	FBpp0072985	1013	0.4432	61	449	0.3855
FBgn0005640	FBpp0303101	538	0.6078	80	327	0.4337
FBgn0035452	FBpp0271712	485	0.5649	66	274	0.4087
FBgn0035453	FBpp0289339	321	0.2181	28	70	0.3420
FBgn0035455	FBpp0072998	354	0.6299	75	223	0.4415
FBgn0040694	FBpp0072999	126	0.3810	32	48	0.3753
FBgn0001254	FBpp0073000	466	0.7082	195	330	0.4684
FBgn0052267	FBpp0073001	49	0.3878	19	19	0.3358
FBgn0035449	FBpp0073002	469	0.2836	47	133	0.3116
FBgn0026259	FBpp0073003	1144	0.5857	218	670	0.4527
FBgn0014388	FBpp0073004	589	0.6010	189	354	0.4303
FBgn0052266	FBpp0073006	77	0.0130	1	1	0.2425
FBgn0035462	FBpp0073007	631	0.4152	60	262	0.3846
FBgn0035464	FBpp0073008	561	0.2549	47	143	0.3224
FBgn0004888	FBpp0073010	328	0.2195	21	72	0.3328
FBgn0004875	FBpp0305410	1942	0.6962	280	1352	0.4708
FBgn0064227	FBpp0073012	47	0.9574	45	45	0.5745
FBgn0013751	FBpp0303103	287	0.6167	100	177	0.4178
FBgn0026592	FBpp0073015	250	0.2080	12	52	0.2742
FBgn0035469	FBpp0303128	164	0.4512	33	74	0.3904
FBgn0035471	FBpp0073017	302	0.3377	35	102	0.3412
FBgn0041147	FBpp0073018	777	0.3591	74	279	0.3665
FBgn0004910	FBpp0073031	193	0.4404	27	85	0.3973
FBgn0035473	FBpp0073033	148	0.6081	52	90	0.4294
FBgn0035470	FBpp0073036	485	0.4165	43	202	0.3904
FBgn0035468	FBpp0113004	489	0.1922	31	94	0.2999
FBgn0015585	FBpp0073038	81	0.3827	24	31	0.3477
FBgn0052263	FBpp0073039	206	0.1553	12	32	0.2774
FBgn0052262	FBpp0073040	273	0.2308	23	63	0.3345
FBgn0035461	FBpp0073041	314	0.6369	67	200	0.4390
FBgn0052264	FBpp0073043	1008	0.8760	164	883	0.4909
FBgn0035458	FBpp0292213	422	0.3223	31	136	0.3569
FBgn0035490	FBpp0073059	458	0.5415	38	248	0.4119
FBgn0042179	FBpp0073060	583	0.3722	67	217	0.3725
FBgn0000449	FBpp0073061	489	0.4601	41	225	0.3901
FBgn0052259	FBpp0290210	163	0.7607	100	124	0.4959
FBgn0035495	FBpp0300673	246	0.4390	63	108	0.3906
FBgn0035496	FBpp0073064	322	0.4255	31	137	0.3690
FBgn0035498	FBpp0073065	708	0.5607	57	397	0.4115
FBgn0028484	FBpp0073067	1073	0.5405	86	580	0.4195
FBgn0003206	FBpp0073068	192	0.4583	23	88	0.3908
FBgn0004552	FBpp0073069	79	0.4051	26	32	0.3463
FBgn0052260	FBpp0073070	575	0.4278	56	246	0.3939
FBgn0035501	FBpp0073071	511	0.5245	71	268	0.4040
FBgn0040696	FBpp0073074	291	0.6220	65	181	0.4203
FBgn0003710	FBpp0073075	452	0.4668	37	211	0.3791
FBgn0035513	FBpp0073079	247	0.1174	27	29	0.2551
FBgn0035515	FBpp0073081	457	0.4092	20	187	0.3788
FBgn0011692	FBpp0073083	887	0.6843	131	607	0.4513
FBgn0035517	FBpp0073084	221	0.1131	11	25	0.2789
FBgn0035519	FBpp0073085	524	0.3263	30	171	0.3483
FBgn0035521	FBpp0112049	85	0.0118	1	1	0.2162
FBgn0035522	FBpp0073087	1168	0.7380	127	862	0.4841
FBgn0035523	FBpp0073088	691	0.3314	60	229	0.2938
FBgn0035526	FBpp0073089	470	0.6277	64	295	0.4311
FBgn0015829	FBpp0073090	292	0.6610	59	193	0.4527
FBgn0041630	FBpp0073091	622	0.3505	39	218	0.3668
FBgn0035529	FBpp0289999	152	0.2763	11	42	0.3550
FBgn0035528	FBpp0290000	152	0.1382	12	21	0.2499
FBgn0035524	FBpp0073098	356	0.6882	53	245	0.4616
FBgn0035520	FBpp0073099	194	0.7990	81	155	0.5297
FBgn0035518	FBpp0073100	840	0.6536	75	549	0.4311
FBgn0041171	FBpp0073101	1326	0.5724	154	759	0.4259
FBgn0001257	FBpp0073106	267	0.4457	37	119	0.3955
FBgn0035512	FBpp0073108	188	0.2074	28	39	0.2756
FBgn0035511	FBpp0073109	120	0.1750	15	21	0.2798
FBgn0035510	FBpp0073110	192	0.1979	37	38	0.2883
FBgn0035508	FBpp0073111	750	0.8747	259	656	0.5290
FBgn0028664	FBpp0073112	84	0.1429	8	12	0.2382
FBgn0040697	FBpp0073113	448	0.4018	39	180	0.3630
FBgn0035505	FBpp0289848	313	0.5080	33	159	0.3777
FBgn0035504	FBpp0290859	524	0.5134	27	269	0.3872
FBgn0011653	FBpp0073116	1047	0.5855	121	613	0.4489
FBgn0004574	FBpp0073119	597	0.4104	55	245	0.3874
FBgn0035499	FBpp0073126	188	0.6862	44	129	0.4332
FBgn0004516	FBpp0073131	510	0.2863	37	146	0.3503
FBgn0016013	FBpp0073134	417	0.3357	14	140	0.3702
FBgn0024179	FBpp0303105	913	0.5969	108	545	0.4300
FBgn0035491	FBpp0073137	98	0.5816	22	57	0.4305
FBgn0035488	FBpp0113001	484	0.5971	124	289	0.4352
FBgn0052251	FBpp0073142	1465	0.8881	488	1301	0.5386
FBgn0052250	FBpp0073143	314	0.2707	37	85	0.3397
FBgn0035534	FBpp0073144	147	0.5510	30	81	0.4229
FBgn0035539	FBpp0073147	512	0.8789	125	450	0.4929
FBgn0035540	FBpp0303212	346	0.6185	40	214	0.4063
FBgn0035542	FBpp0300394	417	0.8681	118	362	0.5157
FBgn0035543	FBpp0073154	604	0.5281	57	319	0.4117
FBgn0000038	FBpp0073155	521	0.2802	20	146	0.3330
FBgn0035544	FBpp0073157	420	0.9310	361	391	0.6051
FBgn0035545	FBpp0073158	155	0.4452	32	69	0.3974
FBgn0052249	FBpp0292128	242	0.2975	18	72	0.3730
FBgn0052248	FBpp0292129	182	0.3022	28	55	0.3645
FBgn0035550	FBpp0292130	629	0.6502	105	409	0.4378
FBgn0035551	FBpp0073162	321	0.6573	47	211	0.4133
FBgn0035552	FBpp0303816	456	0.4342	53	198	0.3831
FBgn0035557	FBpp0073164	754	0.2255	23	170	0.3138
FBgn0035558	FBpp0073166	434	0.4954	72	215	0.4069
FBgn0052246	FBpp0292067	565	0.1593	23	90	0.2980
FBgn0015805	FBpp0073173	521	0.4607	117	240	0.4117
FBgn0035563	FBpp0073175	117	0.9487	46	111	0.5107
FBgn0052243	FBpp0073178	485	0.4784	41	232	0.4087
FBgn0014073	FBpp0073179	1233	0.6058	113	747	0.4365
FBgn0035555	FBpp0305765	487	0.8070	143	393	0.5102
FBgn0035554	FBpp0073184	106	0.2453	25	26	0.3001
FBgn0035553	FBpp0303817	708	0.9407	662	666	0.5431
FBgn0052241	FBpp0292131	415	0.8048	69	334	0.4841
FBgn0040699	FBpp0288653	106	0.6038	37	64	0.3904
FBgn0035548	FBpp0288664	169	0.7811	125	132	0.5213
FBgn0035547	FBpp0073189	295	0.6576	108	194	0.4520
FBgn0035546	FBpp0073190	242	0.7149	108	173	0.4222
FBgn0035541	FBpp0073191	146	0.8425	94	123	0.5440
FBgn0052240	FBpp0073192	145	0.5862	35	85	0.4172
FBgn0035538	FBpp0073193	322	0.1180	13	38	0.2591
FBgn0035537	FBpp0073194	238	0.3782	33	90	0.3861
FBgn0035533	FBpp0112051	665	0.7985	126	531	0.4732
FBgn0035532	FBpp0073196	324	0.6049	56	196	0.4613
FBgn0066365	FBpp0073197	611	0.3764	77	230	0.3721
FBgn0052238	FBpp0073200	487	0.4353	47	212	0.3904
FBgn0035574	FBpp0073201	1984	0.6457	94	1281	0.4413
FBgn0042199	FBpp0073202	99	0.8384	41	83	0.5186
FBgn0035572	FBpp0073203	127	0.8740	62	111	0.4987
FBgn0027085	FBpp0073204	869	0.4925	55	428	0.4017
FBgn0035581	FBpp0288420	4385	0.3786	72	1660	0.3733
FBgn0035582	FBpp0073208	432	0.6806	38	294	0.4415
FBgn0035583	FBpp0073209	136	0.5221	52	71	0.3591
FBgn0028699	FBpp0428106	501	0.1337	25	67	0.2597
FBgn0047330	FBpp0073211	83	0.3253	15	27	0.3841
FBgn0052237	FBpp0073212	911	0.7014	41	639	0.4456
FBgn0035578	FBpp0297711	163	0.4601	28	75	0.4009
FBgn0035577	FBpp0073214	1301	0.6480	139	843	0.4436
FBgn0042131	FBpp0073217	385	0.2130	26	82	0.3207
FBgn0035575	FBpp0073218	615	0.4195	39	258	0.3778
FBgn0035571	FBpp0073219	296	0.5338	35	158	0.4133
FBgn0035570	FBpp0073220	117	1.0000	117	117	0.5598
FBgn0035569	FBpp0073221	138	0.8116	47	112	0.4813
FBgn0035568	FBpp0073222	311	0.2508	21	78	0.3307
FBgn0035567	FBpp0073223	301	0.2193	21	66	0.3139
FBgn0046793	FBpp0073225	385	0.5922	114	228	0.4205
FBgn0035585	FBpp0073228	147	0.6667	53	98	0.4831
FBgn0052232	FBpp0073229	975	0.5077	121	495	0.4080
FBgn0035584	FBpp0073230	180	0.5667	37	102	0.4349
FBgn0005775	FBpp0073231	691	0.4269	56	295	0.3835
FBgn0030234	FBpp0073232	177	0.1412	25	25	0.2425
FBgn0040850	FBpp0073233	69	0.8116	30	56	0.5614
FBgn0030237	FBpp0073234	147	0.6054	61	89	0.4452
FBgn0030239	FBpp0073235	243	0.3128	35	76	0.3708
FBgn0030240	FBpp0073236	889	0.6839	64	608	0.4455
FBgn0030243	FBpp0428085	1193	0.7955	119	949	0.5173
FBgn0030244	FBpp0308867	247	0.1296	15	32	0.2746
FBgn0030247	FBpp0073239	365	0.5397	82	197	0.4088
FBgn0003965	FBpp0073242	379	0.3958	63	150	0.3902
FBgn0030251	FBpp0073243	592	0.7162	117	424	0.4605
FBgn0030257	FBpp0073246	532	0.3966	56	211	0.4035
FBgn0030261	FBpp0073248	128	0.4531	26	58	0.3866
FBgn0030260	FBpp0073250	135	0.3037	36	41	0.3282
FBgn0030259	FBpp0288875	128	0.5000	22	64	0.3793
FBgn0030258	FBpp0073252	184	0.5924	34	109	0.4043
FBgn0021742	FBpp0073256	559	0.5796	60	324	0.4250
FBgn0052670	FBpp0073257	214	0.3645	40	78	0.3713
FBgn0052671	FBpp0073258	197	0.4772	24	94	0.3944
FBgn0030246	FBpp0073259	1288	0.4651	66	599	0.3886
FBgn0017561	FBpp0310181	1019	0.5819	94	593	0.4169
FBgn0030245	FBpp0308868	459	0.4336	37	199	0.3727
FBgn0030242	FBpp0073265	607	0.7529	98	457	0.4797
FBgn0030241	FBpp0073266	671	0.8048	238	540	0.4893
FBgn0003321	FBpp0073267	672	0.5357	81	360	0.4155
FBgn0052669	FBpp0073268	604	0.1325	22	80	0.2517
FBgn0003360	FBpp0073278	312	0.2212	13	69	0.3180
FBgn0025111	FBpp0073281	307	0.1075	12	33	0.2918
FBgn0030263	FBpp0073284	341	0.1965	46	67	0.2722
FBgn0027498	FBpp0073285	419	0.2816	22	118	0.3416
FBgn0015245	FBpp0073290	573	0.2862	36	164	0.3523
FBgn0028686	FBpp0073292	413	0.3705	35	153	0.3934
FBgn0030269	FBpp0303413	295	0.6610	65	195	0.4569
FBgn0030271	FBpp0073294	115	0.5478	27	63	0.3795
FBgn0030272	FBpp0073295	113	0.2566	13	29	0.3160
FBgn0030274	FBpp0073296	602	0.7458	226	449	0.4913
FBgn0030276	FBpp0073299	493	0.5598	86	276	0.4197
FBgn0030278	FBpp0073301	113	0.3628	24	41	0.3683
FBgn0030280	FBpp0073302	112	0.4821	40	54	0.3779
FBgn0030283	FBpp0073303	122	0.5574	32	68	0.4048
FBgn0030286	FBpp0073304	1712	0.5964	140	1021	0.4315
FBgn0030290	FBpp0073306	203	0.8128	78	165	0.4931
FBgn0030291	FBpp0073307	182	0.9286	86	169	0.5349
FBgn0030292	FBpp0073308	109	0.7798	28	85	0.4257
FBgn0030293	FBpp0073309	943	0.7614	154	718	0.4766
FBgn0000499	FBpp0073310	623	0.6164	92	384	0.4311
FBgn0004864	FBpp0073313	1177	0.4979	49	586	0.4024
FBgn0030289	FBpp0298826	849	0.5147	52	437	0.3959
FBgn0028421	FBpp0288393	1038	0.4817	86	500	0.4016
FBgn0001491	FBpp0073316	144	0.5903	51	85	0.4467
FBgn0003411	FBpp0073317	189	0.6402	39	121	0.4469
FBgn0030277	FBpp0073323	167	0.1557	13	26	0.3006
FBgn0026268	FBpp0073324	250	0.1600	14	40	0.3291
FBgn0052668	FBpp0073325	863	0.3940	68	340	0.3774
FBgn0020255	FBpp0073327	216	0.3750	28	81	0.3732
FBgn0030270	FBpp0073329	116	0.3621	14	42	0.3316
FBgn0052667	FBpp0073330	88	0.4545	21	40	0.3334
FBgn0030268	FBpp0073331	805	0.5553	81	447	0.4295
FBgn0010391	FBpp0073336	614	0.4104	113	252	0.3908
FBgn0030266	FBpp0073337	3539	0.7392	201	2616	0.5009
FBgn0027359	FBpp0073338	88	0.6250	23	55	0.4163
FBgn0030296	FBpp0290073	445	0.7955	66	354	0.5021
FBgn0001145	FBpp0310162	373	0.4584	35	171	0.3899
FBgn0030300	FBpp0073346	641	0.5164	81	331	0.3986
FBgn0030301	FBpp0073348	837	0.8674	275	726	0.5274
FBgn0030304	FBpp0073352	574	0.3711	47	213	0.3715
FBgn0030305	FBpp0073354	404	0.4530	53	183	0.3749
FBgn0030306	FBpp0073355	199	0.4623	30	92	0.3816
FBgn0052666	FBpp0309256	674	0.5104	149	344	0.4232
FBgn0030310	FBpp0073358	203	0.2611	26	53	0.3251
FBgn0030311	FBpp0073359	146	0.3219	24	47	0.3323
FBgn0030313	FBpp0073360	240	0.3250	39	78	0.3397
FBgn0030314	FBpp0073361	664	0.6235	147	414	0.4444
FBgn0030316	FBpp0073362	544	0.6029	88	328	0.4272
FBgn0002948	FBpp0073363	666	0.5916	109	394	0.4251
FBgn0030318	FBpp0073366	417	0.3525	83	147	0.3350
FBgn0030321	FBpp0073367	901	0.6160	160	555	0.4770
FBgn0002723	FBpp0073368	716	0.6257	93	448	0.4365
FBgn0004370	FBpp0303418	1990	0.6457	103	1285	0.4274
FBgn0014133	FBpp0306541	1305	0.7670	170	1001	0.4837
FBgn0030326	FBpp0073376	114	0.3333	23	38	0.3201
FBgn0030323	FBpp0073378	238	0.6429	49	153	0.4383
FBgn0030320	FBpp0073381	1048	0.5573	107	584	0.4337
FBgn0030319	FBpp0073382	180	0.7611	67	137	0.4371
FBgn0030317	FBpp0073384	635	0.5528	96	351	0.4259
FBgn0000618	FBpp0073385	101	0.5644	22	57	0.4366
FBgn0027259	FBpp0073386	183	0.5301	26	97	0.4364
FBgn0003277	FBpp0073387	1887	0.6047	351	1141	0.4319
FBgn0030309	FBpp0073388	160	0.1437	23	23	0.2349
FBgn0030307	FBpp0073390	1584	0.9640	471	1527	0.5239
FBgn0030298	FBpp0312370	406	0.1453	20	59	0.2867
FBgn0045502	FBpp0312371	408	0.2426	29	99	0.3172
FBgn0030297	FBpp0073395	373	0.2359	38	88	0.2830
FBgn0030329	FBpp0073396	416	0.4784	28	199	0.3947
FBgn0030330	FBpp0073397	587	0.3305	43	194	0.3470
FBgn0030331	FBpp0111892	545	0.1945	24	106	0.2534
FBgn0002577	FBpp0073400	682	0.4135	78	282	0.3872
FBgn0030334	FBpp0073401	266	0.5301	31	141	0.4040
FBgn0030339	FBpp0073409	505	0.3089	28	156	0.3403
FBgn0030343	FBpp0271765	1254	0.3062	44	384	0.3407
FBgn0030345	FBpp0428178	390	0.4872	47	190	0.3887
FBgn0030347	FBpp0073413	308	0.2305	20	71	0.3440
FBgn0030350	FBpp0073414	110	0.4182	20	46	0.3548
FBgn0030351	FBpp0073415	118	0.4661	21	55	0.3622
FBgn0030352	FBpp0073416	334	0.4341	64	145	0.3879
FBgn0030360	FBpp0073418	399	0.4987	69	199	0.3580
FBgn0030362	FBpp0073422	319	0.2696	22	86	0.3527
FBgn0030361	FBpp0073423	592	0.2652	46	157	0.3491
FBgn0001083	FBpp0073424	1174	0.4744	63	557	0.3960
FBgn0030359	FBpp0073425	706	0.5807	70	410	0.4278
FBgn0003865	FBpp0073426	249	0.3614	26	90	0.3512
FBgn0000808	FBpp0304588	531	0.4087	44	217	0.3783
FBgn0030358	FBpp0073429	1037	0.5391	110	559	0.4136
FBgn0030357	FBpp0304137	339	0.5959	56	202	0.4264
FBgn0030354	FBpp0073433	1180	0.4932	42	582	0.3936
FBgn0030349	FBpp0112944	1029	0.4101	41	422	0.3601
FBgn0030348	FBpp0303979	315	0.2698	24	85	0.3311
FBgn0030346	FBpp0073437	349	0.5530	53	193	0.4067
FBgn0030344	FBpp0073438	1147	0.4804	56	551	0.4062
FBgn0030342	FBpp0073439	580	0.3931	31	228	0.3819
FBgn0030341	FBpp0073441	210	0.2952	23	62	0.3359
FBgn0030340	FBpp0292360	975	0.7159	191	698	0.4786
FBgn0030338	FBpp0073443	135	0.8667	117	117	0.6350
FBgn0001218	FBpp0073445	656	0.4970	66	326	0.3969
FBgn0004511	FBpp0073449	699	0.4778	152	334	0.4239
FBgn0030332	FBpp0073450	251	0.3068	26	77	0.3379
FBgn0030328	FBpp0073452	550	0.6309	72	347	0.4477
FBgn0030327	FBpp0073457	619	0.5024	61	311	0.3866
FBgn0030364	FBpp0073458	217	0.6912	67	150	0.4388
FBgn0030365	FBpp0073459	482	0.3672	35	177	0.3765
FBgn0030369	FBpp0073460	536	0.3489	54	187	0.3626
FBgn0030376	FBpp0290140	1882	0.9150	285	1722	0.5166
FBgn0052655	FBpp0073466	330	0.8333	101	275	0.5121
FBgn0030377	FBpp0073467	570	0.5965	80	340	0.4226
FBgn0030375	FBpp0428418	273	0.5055	73	138	0.3729
FBgn0030374	FBpp0290058	107	0.4299	23	46	0.3731
FBgn0030373	FBpp0073470	172	0.3314	45	57	0.3983
FBgn0030370	FBpp0073471	340	0.3941	41	134	0.3906
FBgn0030367	FBpp0073473	483	0.3043	19	147	0.3482
FBgn0030366	FBpp0073474	1129	0.6112	61	690	0.4189
FBgn0043001	FBpp0073475	140	0.7071	27	99	0.4631
FBgn0030384	FBpp0073476	344	0.3779	34	130	0.3767
FBgn0030386	FBpp0073477	239	0.6485	58	155	0.4384
FBgn0030389	FBpp0073480	189	0.6561	81	124	0.4608
FBgn0030394	FBpp0073483	270	0.5815	60	157	0.4048
FBgn0002562	FBpp0073484	816	0.2794	24	228	0.3473
FBgn0030396	FBpp0073485	470	0.7277	72	342	0.4763
FBgn0030398	FBpp0073486	197	0.5431	27	107	0.3946
FBgn0052654	FBpp0309104	2326	0.6883	358	1601	0.4754
FBgn0030407	FBpp0073488	572	0.5035	41	288	0.3957
FBgn0030408	FBpp0073489	295	0.5153	38	152	0.3811
FBgn0030406	FBpp0073490	336	0.6458	72	217	0.4433
FBgn0030403	FBpp0073491	761	0.3390	48	258	0.3577
FBgn0030400	FBpp0271753	630	0.4730	60	298	0.3986
FBgn0030395	FBpp0073500	699	0.5794	87	405	0.4306
FBgn0030391	FBpp0073502	265	0.4906	42	130	0.4088
FBgn0030390	FBpp0073503	319	0.1379	32	44	0.3163
FBgn0052651	FBpp0073505	618	0.6262	126	387	0.4400
FBgn0030385	FBpp0307907	642	0.3318	28	213	0.3426
FBgn0030409	FBpp0073507	298	0.1846	22	55	0.2861
FBgn0030411	FBpp0073508	311	0.4244	24	132	0.3798
FBgn0030412	FBpp0073511	1470	0.4721	67	694	0.3956
FBgn0015024	FBpp0073513	337	0.4481	40	151	0.3860
FBgn0030417	FBpp0073518	745	0.5490	59	409	0.4313
FBgn0030418	FBpp0428091	359	0.7214	136	259	0.4820
FBgn0030421	FBpp0073521	343	0.2799	35	96	0.3277
FBgn0030425	FBpp0073523	655	0.3649	31	239	0.3657
FBgn0030433	FBpp0073524	179	0.6536	75	117	0.4314
FBgn0030435	FBpp0073525	360	0.1472	16	53	0.2898
FBgn0030434	FBpp0073526	259	0.8533	197	221	0.4782
FBgn0030432	FBpp0073527	308	0.6948	77	214	0.4522
FBgn0030431	FBpp0073528	322	0.5870	41	189	0.4137
FBgn0052649	FBpp0073530	661	0.4750	46	314	0.4020
FBgn0052650	FBpp0073531	346	0.6676	44	231	0.4341
FBgn0030429	FBpp0073532	633	0.7314	86	463	0.4558
FBgn0052647	FBpp0073535	233	0.3519	52	82	0.3636
FBgn0030420	FBpp0073537	681	0.6270	144	427	0.4478
FBgn0020513	FBpp0073538	429	0.3333	40	143	0.3562
FBgn0030410	FBpp0073542	294	0.5680	86	167	0.4460
FBgn0052642	FBpp0294049	373	0.6702	101	250	0.4138
FBgn0052644	FBpp0294050	626	0.7971	378	499	0.5572
FBgn0030438	FBpp0294051	894	0.9385	640	839	0.5404
FBgn0052643	FBpp0073547	101	0.3960	15	40	0.3830
FBgn0030441	FBpp0073548	153	0.7124	63	109	0.4376
FBgn0030447	FBpp0073552	240	0.2375	20	57	0.3617
FBgn0030451	FBpp0073554	252	0.3849	37	97	0.3797
FBgn0030452	FBpp0073555	559	0.3077	63	172	0.3153
FBgn0052645	FBpp0073556	853	0.2603	29	222	0.3162
FBgn0030456	FBpp0073557	562	0.3683	37	207	0.3505
FBgn0030457	FBpp0073558	506	0.2510	18	127	0.3447
FBgn0052640	FBpp0073559	132	0.5833	36	77	0.4084
FBgn0052641	FBpp0073560	132	0.5833	36	77	0.4084
FBgn0029133	FBpp0073561	245	0.4000	24	98	0.3962
FBgn0004456	FBpp0309167	1243	0.5318	99	661	0.4085
FBgn0030462	FBpp0073564	203	0.4335	24	88	0.3858
FBgn0052639	FBpp0073565	142	0.5563	34	79	0.4245
FBgn0030460	FBpp0073568	301	0.4884	69	147	0.4056
FBgn0030459	FBpp0073569	625	0.5824	66	364	0.4162
FBgn0025463	FBpp0073572	515	0.6932	48	357	0.4439
FBgn0030455	FBpp0290904	236	0.5805	59	137	0.4347
FBgn0052638	FBpp0289681	159	0.2642	41	42	0.3149
FBgn0030449	FBpp0073576	186	0.2634	20	49	0.3593
FBgn0010303	FBpp0428280	1294	0.6723	158	870	0.4502
FBgn0030443	FBpp0073581	505	0.4198	36	212	0.3784
FBgn0030440	FBpp0301612	160	0.5625	40	90	0.4188
FBgn0030439	FBpp0073583	418	0.6292	52	263	0.4698
FBgn0030437	FBpp0073584	486	0.2963	31	144	0.3136
FBgn0000346	FBpp0073585	745	0.3275	39	244	0.3703
FBgn0030465	FBpp0073586	355	0.4225	24	150	0.3744
FBgn0030466	FBpp0073587	1797	0.5949	81	1069	0.4139
FBgn0030468	FBpp0073588	398	0.6080	98	242	0.4698
FBgn0040309	FBpp0073594	194	0.3505	30	68	0.3715
FBgn0030474	FBpp0073597	387	0.8992	96	348	0.5431
FBgn0030477	FBpp0073599	377	0.7082	121	267	0.4476
FBgn0030478	FBpp0073600	575	0.4365	49	251	0.3917
FBgn0030480	FBpp0073606	95	0.6947	43	66	0.4358
FBgn0030481	FBpp0073607	245	0.2694	16	66	0.3477
FBgn0030482	FBpp0073608	443	0.4176	31	185	0.3736
FBgn0030484	FBpp0073609	237	0.6498	36	154	0.4189
FBgn0030486	FBpp0073610	2362	0.8082	255	1909	0.5013
FBgn0030492	FBpp0073613	281	0.7402	70	208	0.4787
FBgn0030493	FBpp0073614	298	0.5302	73	158	0.4192
FBgn0030494	FBpp0073615	173	0.5896	41	102	0.4136
FBgn0030495	FBpp0304577	362	0.6492	45	235	0.4426
FBgn0030485	FBpp0073618	406	0.2685	27	109	0.3260
FBgn0030483	FBpp0073619	163	0.6319	29	103	0.4187
FBgn0030479	FBpp0292970	247	0.7085	115	175	0.4789
FBgn0010198	FBpp0073623	130	0.2769	14	36	0.3451
FBgn0030467	FBpp0308969	268	0.4403	33	118	0.3918
FBgn0052631	FBpp0073630	312	0.6378	60	199	0.4203
FBgn0052633	FBpp0073631	285	0.1298	15	37	0.3318
FBgn0030499	FBpp0073636	707	0.4229	38	299	0.3830
FBgn0030501	FBpp0073637	249	0.8233	134	205	0.5617
FBgn0030503	FBpp0300867	340	0.5794	58	197	0.4207
FBgn0030505	FBpp0111893	1457	0.5752	158	838	0.4366
FBgn0030507	FBpp0073640	340	0.5324	37	181	0.4107
FBgn0030508	FBpp0305109	690	0.5261	62	363	0.4005
FBgn0030509	FBpp0073642	278	0.2122	21	59	0.3115
FBgn0030511	FBpp0073643	344	0.1308	7	45	0.3247
FBgn0002878	FBpp0073648	1425	0.5481	107	781	0.4254
FBgn0030518	FBpp0073649	227	0.3172	24	72	0.3590
FBgn0030519	FBpp0073650	115	0.2087	14	24	0.3441
FBgn0020909	FBpp0073651	384	0.2891	22	111	0.3482
FBgn0030528	FBpp0073658	283	0.6678	66	189	0.4226
FBgn0027537	FBpp0073659	823	0.4326	65	356	0.3897
FBgn0052626	FBpp0309386	798	0.5376	59	429	0.4074
FBgn0030530	FBpp0073665	728	0.5495	49	400	0.4182
FBgn0030529	FBpp0073666	260	0.4269	34	111	0.3915
FBgn0030525	FBpp0073667	392	0.3622	23	142	0.3757
FBgn0030524	FBpp0073668	210	0.6619	49	139	0.4603
FBgn0030521	FBpp0073669	340	0.3471	40	118	0.3561
FBgn0030520	FBpp0073671	509	0.4047	45	206	0.3846
FBgn0001612	FBpp0073672	917	0.3664	40	336	0.3661
FBgn0001087	FBpp0073673	1034	0.4497	69	465	0.4091
FBgn0030514	FBpp0073674	789	0.6109	98	482	0.4426
FBgn0030512	FBpp0073675	787	0.3151	52	248	0.3682
FBgn0030510	FBpp0073677	362	0.1851	22	67	0.3232
FBgn0030506	FBpp0073678	918	0.4183	44	384	0.3921
FBgn0030504	FBpp0073679	1384	0.4371	65	605	0.3901
FBgn0030502	FBpp0073680	428	0.5841	57	250	0.4302
FBgn0030500	FBpp0073681	675	0.7896	137	533	0.4706
FBgn0030536	FBpp0073685	299	0.8562	94	256	0.5105
FBgn0000173	FBpp0073686	151	0.4172	27	63	0.3991
FBgn0044817	FBpp0298298	172	0.3256	19	56	0.3788
FBgn0030537	FBpp0073690	611	0.6399	49	391	0.4056
FBgn0040871	FBpp0073691	74	0.3649	16	27	0.3467
FBgn0030539	FBpp0073708	186	0.6720	45	125	0.3965
FBgn0030540	FBpp0073709	334	0.5030	39	168	0.4027
FBgn0030541	FBpp0073710	662	0.7236	53	479	0.4215
FBgn0052603	FBpp0073711	345	0.3101	20	107	0.3701
FBgn0030543	FBpp0113000	342	0.4971	23	170	0.3915
FBgn0004649	FBpp0073715	1984	0.3926	76	779	0.3741
FBgn0052600	FBpp0073730	344	0.5145	52	177	0.3953
FBgn0052601	FBpp0073731	262	0.8321	77	218	0.4990
FBgn0030566	FBpp0073732	263	0.6996	59	184	0.4543
FBgn0030569	FBpp0073733	993	0.7412	169	736	0.4780
FBgn0052598	FBpp0073735	262	0.8473	77	222	0.4987
FBgn0030563	FBpp0073736	197	0.7107	51	140	0.4627
FBgn0030544	FBpp0073745	158	0.4937	24	78	0.3829
FBgn0030570	FBpp0073746	147	0.0952	11	14	0.3021
FBgn0030571	FBpp0308546	213	0.5446	103	116	0.4279
FBgn0030573	FBpp0073750	151	0.4305	9	65	0.3880
FBgn0030575	FBpp0288460	413	0.4552	76	188	0.3919
FBgn0030577	FBpp0073752	210	0.6000	33	126	0.4131
FBgn0030578	FBpp0073753	285	0.5404	57	154	0.4124
FBgn0015010	FBpp0073754	256	0.2344	25	60	0.3455
FBgn0020508	FBpp0073755	254	0.1614	8	41	0.3260
FBgn0030576	FBpp0073756	599	0.2788	57	167	0.3218
FBgn0015774	FBpp0073757	793	0.6721	53	533	0.4237
FBgn0030574	FBpp0073761	541	0.1941	73	105	0.2791
FBgn0030572	FBpp0073762	167	0.3653	19	61	0.3886
FBgn0030582	FBpp0073763	843	0.3594	55	303	0.3750
FBgn0030583	FBpp0073765	201	0.8706	98	175	0.5038
FBgn0000535	FBpp0110308	1270	0.4339	80	551	0.3766
FBgn0052594	FBpp0073774	825	0.5103	106	421	0.3981
FBgn0030603	FBpp0073775	463	0.4255	42	197	0.3843
FBgn0030605	FBpp0073777	117	0.5128	29	60	0.4113
FBgn0030607	FBpp0073778	480	0.4729	116	227	0.4190
FBgn0053177	FBpp0073779	167	0.2455	39	41	0.3110
FBgn0053178	FBpp0309372	177	0.2373	14	42	0.2882
FBgn0030612	FBpp0073781	462	0.3593	52	166	0.3808
FBgn0030611	FBpp0073782	180	0.7778	42	140	0.4942
FBgn0030610	FBpp0073783	88	0.3295	10	29	0.3831
FBgn0030608	FBpp0073784	352	0.5966	52	210	0.4279
FBgn0030600	FBpp0073787	5233	0.4305	96	2253	0.3830
FBgn0030599	FBpp0292387	210	0.1952	20	41	0.2953
FBgn0027601	FBpp0073789	597	0.3568	46	213	0.3816
FBgn0052591	FBpp0073790	392	0.8954	211	351	0.5235
FBgn0030598	FBpp0073791	626	0.2764	32	173	0.3473
FBgn0030597	FBpp0073792	657	0.3973	43	261	0.3763
FBgn0030596	FBpp0073793	633	0.2354	22	149	0.3435
FBgn0030595	FBpp0073794	103	0.0388	1	4	0.2843
FBgn0030594	FBpp0073795	646	0.3173	29	205	0.3566
FBgn0030593	FBpp0073796	623	0.4141	50	258	0.3760
FBgn0030592	FBpp0073797	726	0.3044	64	221	0.3526
FBgn0030590	FBpp0073800	703	0.3812	88	268	0.3839
FBgn0030589	FBpp0073801	622	0.3264	32	203	0.3535
FBgn0030588	FBpp0073802	621	0.3655	31	227	0.3651
FBgn0030587	FBpp0073803	616	0.3442	27	212	0.3647
FBgn0030586	FBpp0073804	626	0.3307	24	207	0.3635
FBgn0052590	FBpp0073805	183	0.7432	39	136	0.4608
FBgn0030584	FBpp0073806	159	0.3836	19	61	0.3642
FBgn0003301	FBpp0073809	2248	0.5098	151	1146	0.4024
FBgn0030613	FBpp0303427	2154	0.6128	105	1320	0.4370
FBgn0030620	FBpp0073816	292	0.3904	25	114	0.3674
FBgn0030625	FBpp0073818	984	0.4634	89	456	0.3941
FBgn0015926	FBpp0073824	649	0.4129	42	268	0.3812
FBgn0026428	FBpp0303431	1179	0.3919	77	462	0.3619
FBgn0030631	FBpp0073828	1224	0.5931	104	726	0.4402
FBgn0030634	FBpp0073829	317	0.4038	44	128	0.3814
FBgn0003132	FBpp0073834	302	0.2285	20	69	0.3345
FBgn0030630	FBpp0073835	443	0.4515	123	200	0.4307
FBgn0030629	FBpp0073836	434	0.4793	119	208	0.4364
FBgn0030628	FBpp0073837	619	0.4378	33	271	0.3893
FBgn0030624	FBpp0073838	143	0.3287	19	47	0.3417
FBgn0030623	FBpp0073840	309	0.7735	107	239	0.4748
FBgn0030622	FBpp0073841	198	0.6768	75	134	0.4750
FBgn0052588	FBpp0073842	170	0.0941	6	16	0.2486
FBgn0030617	FBpp0111897	1141	0.5916	211	675	0.4373
FBgn0030616	FBpp0073844	93	0.9570	49	89	0.5216
FBgn0030615	FBpp0073845	495	0.5131	55	254	0.3976
FBgn0030614	FBpp0073846	149	0.6376	37	95	0.4488
FBgn0014455	FBpp0073847	432	0.3009	23	130	0.3439
FBgn0030638	FBpp0073848	455	0.1780	30	81	0.2909
FBgn0030640	FBpp0073851	526	0.5152	79	271	0.3948
FBgn0030643	FBpp0073852	122	0.5492	34	67	0.3734
FBgn0030645	FBpp0073853	191	0.3508	53	67	0.3569
FBgn0030647	FBpp0311216	923	0.8505	169	785	0.5094
FBgn0030648	FBpp0073856	513	0.7193	192	369	0.5415
FBgn0027287	FBpp0423149	1401	0.8494	340	1190	0.4975
FBgn0030653	FBpp0073861	332	0.2349	26	78	0.3459
FBgn0030658	FBpp0073862	333	0.5405	45	180	0.3953
FBgn0030660	FBpp0073863	446	0.3161	23	141	0.3449
FBgn0030661	FBpp0073864	483	0.3623	32	175	0.3654
FBgn0030663	FBpp0073866	162	0.6173	95	100	0.4388
FBgn0030664	FBpp0073867	244	0.6475	65	158	0.4381
FBgn0030666	FBpp0073868	405	0.7037	135	285	0.4693
FBgn0030668	FBpp0073869	330	0.5606	50	185	0.4119
FBgn0030671	FBpp0073870	345	0.3797	41	131	0.3759
FBgn0030673	FBpp0073871	277	0.7762	67	215	0.4636
FBgn0030672	FBpp0073872	611	0.4370	57	267	0.3869
FBgn0030670	FBpp0073874	224	0.1205	21	27	0.2505
FBgn0030669	FBpp0073876	166	0.3373	20	56	0.3552
FBgn0030667	FBpp0312520	1144	0.8837	198	1011	0.5195
FBgn0030665	FBpp0073878	410	0.7439	142	305	0.4723
FBgn0003463	FBpp0073879	1038	0.5568	59	578	0.4196
FBgn0030659	FBpp0073882	560	0.7196	81	403	0.4635
FBgn0030655	FBpp0073887	687	0.7627	229	524	0.5047
FBgn0030654	FBpp0073888	212	0.4670	39	99	0.3806
FBgn0030642	FBpp0073892	183	0.2295	41	42	0.3117
FBgn0004391	FBpp0073893	2030	0.4025	69	817	0.3685
FBgn0040285	FBpp0073895	343	0.5131	99	176	0.3664
FBgn0030674	FBpp0309265	5151	0.4496	187	2316	0.3927
FBgn0030675	FBpp0073899	345	0.2928	29	101	0.3578
FBgn0026666	FBpp0304862	131	0.2290	14	30	0.3611
FBgn0030679	FBpp0073901	191	0.6387	50	122	0.4194
FBgn0027329	FBpp0073902	533	0.2627	35	140	0.3493
FBgn0030683	FBpp0073903	388	0.3273	47	127	0.3567
FBgn0030684	FBpp0073904	415	0.4434	48	184	0.3687
FBgn0030686	FBpp0073906	362	0.4945	47	179	0.4060
FBgn0030687	FBpp0290035	1383	0.4172	48	577	0.3779
FBgn0053172	FBpp0300435	998	0.3737	40	373	0.3662
FBgn0030692	FBpp0073910	557	0.7828	114	436	0.4661
FBgn0026374	FBpp0089121	718	0.5752	52	413	0.4180
FBgn0030694	FBpp0073912	342	0.6608	50	226	0.4372
FBgn0030696	FBpp0073913	432	0.4352	68	188	0.3808
FBgn0003345	FBpp0428180	747	0.7323	89	547	0.4575
FBgn0030697	FBpp0073917	790	0.5468	119	432	0.4233
FBgn0030699	FBpp0073918	396	0.7904	116	313	0.4832
FBgn0030700	FBpp0073919	377	0.4509	49	170	0.3714
FBgn0001105	FBpp0073921	340	0.1971	20	67	0.3437
FBgn0001092	FBpp0073922	332	0.1235	13	41	0.3270
FBgn0030701	FBpp0423172	1043	0.4420	54	461	0.3851
FBgn0030704	FBpp0073927	271	0.6716	49	182	0.4361
FBgn0003392	FBpp0305866	896	0.5246	71	470	0.4088
FBgn0030706	FBpp0073931	2009	0.4589	101	922	0.3898
FBgn0030707	FBpp0290450	612	0.4020	65	246	0.3789
FBgn0030710	FBpp0073935	514	0.5837	105	300	0.4232
FBgn0030711	FBpp0073937	159	0.4591	18	73	0.4056
FBgn0045073	FBpp0073955	570	0.6228	149	355	0.4377
FBgn0053180	FBpp0292664	1110	0.3162	33	351	0.3607
FBgn0010315	FBpp0289620	477	0.4864	86	232	0.4108
FBgn0030703	FBpp0073959	248	0.5887	87	146	0.4549
FBgn0065035	FBpp0089414	332	0.5934	96	197	0.4089
FBgn0002914	FBpp0073961	657	0.8432	84	554	0.4871
FBgn0026076	FBpp0073962	347	0.7320	81	254	0.4916
FBgn0014391	FBpp0073963	61	0.4754	21	29	0.4335
FBgn0027093	FBpp0073965	665	0.4556	43	303	0.3853
FBgn0000319	FBpp0073966	1678	0.3111	38	522	0.3600
FBgn0030695	FBpp0073968	345	0.6522	77	225	0.4411
FBgn0052581	FBpp0073969	283	0.5866	84	166	0.4160
FBgn0030693	FBpp0073970	277	0.6282	84	174	0.4313
FBgn0025809	FBpp0073975	225	0.3733	32	84	0.3985
FBgn0030691	FBpp0073977	793	0.4603	43	365	0.3941
FBgn0030688	FBpp0073978	276	0.1775	11	49	0.3006
FBgn0030685	FBpp0309266	1025	0.6566	112	673	0.4448
FBgn0030680	FBpp0073981	762	0.5092	72	388	0.4048
FBgn0030678	FBpp0073982	420	0.4167	42	175	0.3791
FBgn0011741	FBpp0073983	398	0.3518	28	140	0.3687
FBgn0030676	FBpp0271786	174	0.5402	43	94	0.3960
FBgn0030731	FBpp0073988	598	0.2107	24	126	0.3328
FBgn0004066	FBpp0073989	249	0.4378	22	109	0.3947
FBgn0000536	FBpp0073993	495	0.5354	95	265	0.4212
FBgn0030733	FBpp0073995	111	0.7117	46	79	0.4635
FBgn0030735	FBpp0111901	1250	0.5624	61	703	0.4255
FBgn0027521	FBpp0074001	643	0.7792	94	501	0.4853
FBgn0030739	FBpp0307917	1102	0.4610	53	508	0.3845
FBgn0052579	FBpp0304142	359	0.0947	19	34	0.2550
FBgn0003416	FBpp0074009	1236	0.5235	54	647	0.4130
FBgn0005411	FBpp0298005	427	0.4496	58	192	0.4114
FBgn0030743	FBpp0305494	102	0.5588	26	57	0.3850
FBgn0030742	FBpp0074015	318	0.5063	71	161	0.4007
FBgn0030740	FBpp0074016	301	0.4153	42	125	0.3628
FBgn0004432	FBpp0074017	227	0.3744	22	85	0.3731
FBgn0030738	FBpp0111905	820	0.8927	555	732	0.5988
FBgn0030734	FBpp0074020	412	0.4854	56	200	0.3909
FBgn0040207	FBpp0074025	819	0.5177	112	424	0.4152
FBgn0030729	FBpp0288526	304	0.6382	113	194	0.4378
FBgn0004598	FBpp0074042	1682	0.5404	74	909	0.4101
FBgn0030745	FBpp0074044	276	0.0616	13	17	0.2495
FBgn0004367	FBpp0074047	2517	0.4088	66	1029	0.3762
FBgn0030747	FBpp0074048	1342	0.4203	93	564	0.3643
FBgn0030748	FBpp0074051	474	0.7089	81	336	0.4572
FBgn0030753	FBpp0074054	458	0.5393	74	247	0.4123
FBgn0026181	FBpp0074061	1390	0.7129	201	991	0.4581
FBgn0030752	FBpp0074076	357	0.4986	36	178	0.3875
FBgn0030749	FBpp0074078	511	0.4932	121	252	0.4132
FBgn0030746	FBpp0074079	1060	0.3075	32	326	0.3359
FBgn0010416	FBpp0074080	578	0.3910	35	226	0.3775
FBgn0030744	FBpp0074082	322	0.6863	55	221	0.4667
FBgn0010412	FBpp0309135	156	0.3462	15	54	0.3676
FBgn0030766	FBpp0074089	676	0.3920	66	265	0.3493
FBgn0052573	FBpp0074090	392	0.3827	26	150	0.3712
FBgn0030776	FBpp0074095	254	0.2205	12	56	0.3399
FBgn0030780	FBpp0074096	877	0.7777	137	682	0.4967
FBgn0052572	FBpp0074098	575	0.7739	147	445	0.4951
FBgn0052571	FBpp0074099	346	0.4827	27	167	0.3808
FBgn0052570	FBpp0074100	247	0.5749	59	142	0.3999
FBgn0052569	FBpp0288687	210	0.7571	49	159	0.4443
FBgn0052574	FBpp0074103	388	0.5644	29	219	0.4035
FBgn0030786	FBpp0074104	233	0.5794	42	135	0.4448
FBgn0030788	FBpp0074105	173	0.7168	29	124	0.4716
FBgn0030790	FBpp0074106	269	0.5948	42	160	0.4205
FBgn0030792	FBpp0074107	274	0.3650	37	100	0.3812
FBgn0030794	FBpp0074108	480	0.5792	71	278	0.4214
FBgn0030795	FBpp0074109	606	0.4950	81	300	0.3939
FBgn0030796	FBpp0074110	822	0.3929	69	323	0.3756
FBgn0030799	FBpp0074113	355	0.3521	27	125	0.3675
FBgn0030801	FBpp0074115	238	0.9664	81	230	0.5125
FBgn0030803	FBpp0074116	351	0.4501	54	158	0.3907
FBgn0030804	FBpp0074117	212	0.2075	12	44	0.3163
FBgn0027556	FBpp0074118	538	0.2342	38	126	0.2911
FBgn0053252	FBpp0074120	174	0.1782	17	31	0.2576
FBgn0030802	FBpp0074121	189	0.5344	42	101	0.3944
FBgn0030800	FBpp0074122	412	0.2694	26	111	0.3547
FBgn0030798	FBpp0289660	1158	0.7358	115	852	0.4846
FBgn0030797	FBpp0300888	217	0.4931	42	107	0.3675
FBgn0030793	FBpp0074126	375	0.4347	30	163	0.3885
FBgn0030791	FBpp0074128	246	0.5610	63	138	0.4255
FBgn0030789	FBpp0074129	412	0.5316	110	219	0.4428
FBgn0030787	FBpp0074130	403	0.8759	77	353	0.4933
FBgn0001250	FBpp0074131	1396	0.5201	147	726	0.4091
FBgn0027528	FBpp0074133	879	0.4528	41	398	0.3870
FBgn0030777	FBpp0074135	253	0.2727	24	69	0.3102
FBgn0030775	FBpp0074136	261	0.2452	21	64	0.3250
FBgn0030774	FBpp0074137	249	0.0924	12	23	0.3091
FBgn0030773	FBpp0074138	251	0.3546	27	89	0.3572
FBgn0030770	FBpp0074147	134	0.8284	56	111	0.4871
FBgn0030769	FBpp0288655	129	0.4651	24	60	0.3773
FBgn0015336	FBpp0074149	1084	0.6568	73	712	0.4496
FBgn0030768	FBpp0074150	454	0.4229	78	192	0.3578
FBgn0030808	FBpp0288535	1552	0.7268	175	1128	0.4628
FBgn0030813	FBpp0074155	197	0.2995	23	59	0.3716
FBgn0030814	FBpp0074156	517	0.5106	45	264	0.3898
FBgn0030816	FBpp0074157	468	0.1902	29	89	0.2723
FBgn0030817	FBpp0306536	496	0.2802	78	139	0.3019
FBgn0000163	FBpp0110299	1520	0.7388	139	1123	0.4660
FBgn0030824	FBpp0074163	209	0.0000	0	0	0.2085
FBgn0052564	FBpp0074164	409	0.2812	39	115	0.3547
FBgn0052563	FBpp0074165	170	0.5235	43	89	0.3952
FBgn0030828	FBpp0074167	411	0.3139	45	129	0.3500
FBgn0030829	FBpp0074168	113	0.4602	25	52	0.3656
FBgn0030830	FBpp0113032	172	0.0872	14	15	0.2628
FBgn0030832	FBpp0271729	200	0.0050	1	1	0.2180
FBgn0003057	FBpp0074174	173	0.0058	1	1	0.2398
FBgn0030826	FBpp0074176	173	0.3237	27	56	0.3356
FBgn0030823	FBpp0074177	496	0.5726	81	284	0.4282
FBgn0002590	FBpp0074180	228	0.4868	22	111	0.3985
FBgn0065032	FBpp0074184	174	0.4713	33	82	0.3998
FBgn0030815	FBpp0074185	1430	0.7266	171	1039	0.4809
FBgn0030812	FBpp0302662	876	0.7420	133	650	0.4733
FBgn0030809	FBpp0074189	1824	0.3860	55	704	0.3715
FBgn0030807	FBpp0074190	110	0.7091	51	78	0.4557
FBgn0030806	FBpp0074191	335	0.6478	52	217	0.4294
FBgn0030805	FBpp0074192	406	0.4015	45	163	0.3557
FBgn0030838	FBpp0074199	303	0.6964	103	211	0.4694
FBgn0004854	FBpp0074203	645	0.6806	91	439	0.4818
FBgn0011758	FBpp0074204	544	0.5276	58	287	0.3991
FBgn0030839	FBpp0074205	655	0.4962	94	325	0.3988
FBgn0030841	FBpp0074210	759	0.8182	379	621	0.5182
FBgn0030840	FBpp0074211	538	0.5948	69	320	0.4303
FBgn0040877	FBpp0074212	67	0.2836	15	19	0.3266
FBgn0027602	FBpp0074214	975	0.6277	173	612	0.4558
FBgn0024238	FBpp0074217	641	0.3822	38	245	0.3678
FBgn0030837	FBpp0074218	198	0.3586	34	71	0.3574
FBgn0030836	FBpp0074219	214	0.1869	23	40	0.3208
FBgn0030834	FBpp0074220	234	0.8248	78	193	0.5225
FBgn0030833	FBpp0074221	976	0.4283	68	418	0.3857
FBgn0030847	FBpp0307237	469	0.6141	60	288	0.4335
FBgn0030846	FBpp0307239	432	0.9537	192	412	0.5242
FBgn0026313	FBpp0309485	1170	0.6282	75	735	0.4394
FBgn0030853	FBpp0074226	242	0.4380	40	106	0.3969
FBgn0030855	FBpp0074227	826	0.5714	138	472	0.4306
FBgn0026192	FBpp0074229	351	0.4986	43	175	0.4187
FBgn0024184	FBpp0309490	588	0.4779	72	281	0.4246
FBgn0026058	FBpp0074235	382	0.6675	90	255	0.4537
FBgn0030870	FBpp0074236	290	0.4517	48	131	0.3390
FBgn0000617	FBpp0074237	278	0.5504	51	153	0.4083
FBgn0030872	FBpp0074238	340	0.2824	29	96	0.3399
FBgn0052557	FBpp0074240	645	0.2884	41	186	0.3631
FBgn0052554	FBpp0074241	239	0.8117	68	194	0.5002
FBgn0030873	FBpp0074242	321	0.2274	29	73	0.2872
FBgn0030871	FBpp0074246	353	0.3739	41	132	0.3803
FBgn0030869	FBpp0301993	1021	0.6572	95	671	0.4514
FBgn0030868	FBpp0074248	125	0.2320	16	29	0.3214
FBgn0030864	FBpp0074249	398	0.4749	76	189	0.4025
FBgn0030859	FBpp0074253	663	0.2383	31	158	0.3114
FBgn0030858	FBpp0074254	1105	0.2633	26	291	0.3386
FBgn0026375	FBpp0305817	1621	0.5552	141	900	0.4161
FBgn0030854	FBpp0074258	336	0.9613	127	323	0.5666
FBgn0030851	FBpp0074260	332	0.9488	122	315	0.5466
FBgn0030850	FBpp0074261	320	0.3625	60	116	0.3395
FBgn0028343	FBpp0290627	1174	0.6201	64	728	0.4372
FBgn0030876	FBpp0074266	162	0.5617	41	91	0.4244
FBgn0030878	FBpp0074267	409	0.5379	36	220	0.4010
FBgn0030881	FBpp0074268	370	0.5838	66	216	0.4343
FBgn0030880	FBpp0074269	358	0.5754	32	206	0.4131
FBgn0030882	FBpp0290194	562	0.2794	34	157	0.3558
FBgn0030884	FBpp0074279	1000	0.5280	89	528	0.4097
FBgn0030889	FBpp0428110	1162	0.5714	75	664	0.4281
FBgn0030891	FBpp0308623	588	0.4898	56	288	0.4149
FBgn0021765	FBpp0074285	255	0.1882	14	48	0.3377
FBgn0030893	FBpp0309969	581	0.6695	88	389	0.4380
FBgn0022724	FBpp0074288	328	0.6707	105	220	0.4626
FBgn0030895	FBpp0074289	417	0.3213	33	134	0.3518
FBgn0030894	FBpp0074301	352	0.5653	51	199	0.4235
FBgn0030890	FBpp0074304	674	0.3680	56	248	0.3498
FBgn0030886	FBpp0074313	531	0.7175	133	381	0.4924
FBgn0030883	FBpp0074314	164	0.2927	26	48	0.3460
FBgn0030877	FBpp0074318	607	0.4514	35	274	0.3738
FBgn0083228	FBpp0074320	187	0.5294	50	99	0.4297
FBgn0030900	FBpp0074321	192	0.8958	142	172	0.5141
FBgn0030914	FBpp0074325	486	0.3519	23	171	0.3651
FBgn0030915	FBpp0074330	307	0.6971	110	214	0.4488
FBgn0022355	FBpp0074331	641	0.5164	45	331	0.4003
FBgn0030918	FBpp0074332	399	0.2857	27	114	0.3486
FBgn0030921	FBpp0074335	215	0.4791	56	103	0.4239
FBgn0052551	FBpp0288442	104	0.4904	24	51	0.3663
FBgn0052548	FBpp0074340	385	0.6494	123	250	0.4415
FBgn0052549	FBpp0309367	709	0.4654	104	330	0.3966
FBgn0008635	FBpp0074348	964	0.3683	29	355	0.3620
FBgn0004957	FBpp0074349	525	0.1886	24	99	0.2774
FBgn0030913	FBpp0074350	614	0.7671	92	471	0.4781
FBgn0030912	FBpp0310654	305	0.4984	49	152	0.4050
FBgn0004956	FBpp0074353	413	0.7385	70	305	0.4782
FBgn0030905	FBpp0074356	147	0.7143	67	105	0.4804
FBgn0030904	FBpp0423083	406	0.7365	121	299	0.4584
FBgn0030899	FBpp0074362	149	0.6309	43	94	0.4351
FBgn0030931	FBpp0074364	250	0.2960	21	74	0.3494
FBgn0027087	FBpp0305939	564	0.3670	75	207	0.3841
FBgn0030938	FBpp0074368	174	0.5517	38	96	0.4596
FBgn0030943	FBpp0074372	331	0.6224	69	206	0.4277
FBgn0001079	FBpp0074373	805	0.3826	85	308	0.3819
FBgn0004959	FBpp0074374	574	0.3101	64	178	0.3598
FBgn0030949	FBpp0074375	490	0.2061	17	101	0.3352
FBgn0030952	FBpp0074376	324	0.8920	97	289	0.4938
FBgn0030951	FBpp0074378	148	0.4865	31	72	0.4022
FBgn0010383	FBpp0074380	538	0.4721	31	254	0.3729
FBgn0030947	FBpp0074382	324	0.4568	49	148	0.3736
FBgn0030946	FBpp0074383	872	0.3521	145	307	0.3613
FBgn0030945	FBpp0074385	686	0.4592	51	315	0.3869
FBgn0030944	FBpp0074386	225	0.5644	27	127	0.4242
FBgn0027335	FBpp0074387	832	0.8185	282	681	0.5099
FBgn0030941	FBpp0074388	343	0.5423	54	186	0.3927
FBgn0030940	FBpp0074389	1895	0.9040	543	1713	0.5664
FBgn0030937	FBpp0074390	436	0.3028	26	132	0.3599
FBgn0030936	FBpp0074391	332	0.6988	65	232	0.4337
FBgn0030933	FBpp0074392	337	0.7834	73	264	0.4941
FBgn0030932	FBpp0074393	579	0.2781	22	161	0.3377
FBgn0010194	FBpp0074394	1004	0.7102	145	713	0.4613
FBgn0030930	FBpp0074395	591	0.3926	68	232	0.3775
FBgn0030929	FBpp0074397	163	0.3558	16	58	0.3389
FBgn0030928	FBpp0074398	160	0.3438	39	55	0.3460
FBgn0030927	FBpp0074399	494	0.4130	75	204	0.3834
FBgn0030926	FBpp0074400	394	0.1954	29	77	0.3289
FBgn0030925	FBpp0111913	637	0.5432	170	346	0.4434
FBgn0030955	FBpp0074402	163	0.3436	34	56	0.3821
FBgn0030960	FBpp0074406	218	0.5000	44	109	0.3989
FBgn0030961	FBpp0290376	1062	0.3936	48	418	0.3797
FBgn0030963	FBpp0074410	352	0.3920	22	138	0.3784
FBgn0030964	FBpp0074411	325	0.6185	77	201	0.4185
FBgn0030969	FBpp0074414	494	0.4777	39	236	0.3961
FBgn0052544	FBpp0074415	186	0.8118	55	151	0.4869
FBgn0030973	FBpp0074418	560	0.5018	53	281	0.4008
FBgn0030975	FBpp0074419	437	0.4600	56	201	0.3926
FBgn0030976	FBpp0309670	235	0.3277	33	77	0.3550
FBgn0030974	FBpp0074423	1150	0.7826	301	900	0.5113
FBgn0030970	FBpp0074424	482	0.5290	32	255	0.3980
FBgn0030968	FBpp0074425	242	0.1198	7	29	0.3199
FBgn0030966	FBpp0074426	573	0.4014	36	230	0.3902
FBgn0001090	FBpp0074427	442	0.8122	149	359	0.5045
FBgn0030959	FBpp0074431	474	0.6561	63	311	0.4457
FBgn0030956	FBpp0074432	474	0.6561	63	311	0.4476
FBgn0030954	FBpp0111916	584	0.3031	82	177	0.3279
FBgn0030979	FBpp0074434	668	0.7380	65	493	0.4643
FBgn0030980	FBpp0074435	168	0.0000	0	0	0.2819
FBgn0030981	FBpp0074436	193	0.0104	2	2	0.2281
FBgn0030991	FBpp0074437	304	0.6809	95	207	0.4354
FBgn0030992	FBpp0303582	414	0.5652	59	234	0.4019
FBgn0030993	FBpp0074440	350	0.4229	24	148	0.3715
FBgn0030994	FBpp0074441	179	0.5419	69	97	0.4816
FBgn0030996	FBpp0074442	358	0.1592	26	57	0.2585
FBgn0030999	FBpp0074443	481	0.6736	219	324	0.5101
FBgn0031000	FBpp0074444	308	0.6234	174	192	0.4688
FBgn0031001	FBpp0304666	952	0.7616	110	725	0.4902
FBgn0031003	FBpp0074446	319	0.2351	27	75	0.3346
FBgn0031005	FBpp0074447	384	0.4583	48	176	0.3970
FBgn0040068	FBpp0112228	1001	0.5375	54	538	0.4028
FBgn0031012	FBpp0074452	616	0.3718	92	229	0.3412
FBgn0031011	FBpp0074453	647	0.2550	42	165	0.3142
FBgn0031010	FBpp0304667	563	0.2380	50	134	0.2896
FBgn0052536	FBpp0074455	219	0.6621	83	145	0.4594
FBgn0052537	FBpp0074456	347	0.7291	217	253	0.4975
FBgn0031008	FBpp0074457	383	0.6684	65	256	0.4563
FBgn0031006	FBpp0074458	1936	0.4416	100	855	0.3910
FBgn0031004	FBpp0074459	480	0.0958	23	46	0.2327
FBgn0031002	FBpp0074460	600	0.3517	90	211	0.3339
FBgn0030998	FBpp0074461	614	0.2573	59	158	0.3022
FBgn0027603	FBpp0074462	1513	0.8189	209	1239	0.4872
FBgn0030997	FBpp0074464	325	0.2246	25	73	0.3031
FBgn0030995	FBpp0074465	315	0.3778	32	119	0.3582
FBgn0030990	FBpp0074466	522	0.7452	100	389	0.4669
FBgn0030989	FBpp0074467	419	0.3556	50	149	0.3437
FBgn0030985	FBpp0074470	128	0.2109	11	27	0.3206
FBgn0030983	FBpp0074472	158	0.6519	50	103	0.4275
FBgn0030982	FBpp0074473	124	0.2742	34	34	0.3452
FBgn0031018	FBpp0074479	211	0.7773	137	164	0.4820
FBgn0031020	FBpp0074480	890	0.5000	82	445	0.4053
FBgn0031021	FBpp0074481	183	0.7596	55	139	0.4679
FBgn0027621	FBpp0074485	716	0.5307	59	380	0.4056
FBgn0031023	FBpp0074490	2037	0.7541	169	1536	0.4858
FBgn0000257	FBpp0303585	639	0.2911	35	186	0.3504
FBgn0031032	FBpp0074498	743	0.2059	29	153	0.2989
FBgn0031034	FBpp0074499	713	0.1823	40	130	0.2850
FBgn0031037	FBpp0074503	192	0.7240	74	139	0.4747
FBgn0031040	FBpp0074509	140	0.9857	135	138	0.5944
FBgn0031044	FBpp0074510	387	0.5116	48	198	0.4105
FBgn0031045	FBpp0074511	262	0.2366	21	62	0.3506
FBgn0031047	FBpp0074512	304	0.3980	38	121	0.4026
FBgn0031049	FBpp0074514	68	0.2794	19	19	0.2915
FBgn0031052	FBpp0074515	2111	0.5940	138	1254	0.4367
FBgn0031054	FBpp0074516	195	0.4769	49	93	0.3837
FBgn0004057	FBpp0074517	524	0.4790	47	251	0.3968
FBgn0031057	FBpp0074519	547	0.6143	70	336	0.4250
FBgn0010341	FBpp0074520	191	0.4921	34	94	0.3989
FBgn0031059	FBpp0074522	106	0.7547	49	80	0.4617
FBgn0031058	FBpp0289579	286	0.1958	21	56	0.3074
FBgn0043903	FBpp0074525	1282	0.5218	78	669	0.4091
FBgn0031055	FBpp0300795	645	0.6217	66	401	0.4169
FBgn0031053	FBpp0074527	581	0.4492	81	261	0.3746
FBgn0031051	FBpp0074528	1241	0.2772	29	344	0.3457
FBgn0031050	FBpp0074529	378	0.3069	27	116	0.3436
FBgn0031048	FBpp0074530	306	0.4085	22	125	0.3722
FBgn0031043	FBpp0304758	180	0.3556	35	64	0.3761
FBgn0031042	FBpp0304761	586	0.5922	97	347	0.4237
FBgn0031036	FBpp0074537	327	0.8654	102	283	0.4997
FBgn0031033	FBpp0074538	724	0.1367	32	99	0.2741
FBgn0031031	FBpp0300792	350	0.6143	99	215	0.4690
FBgn0031030	FBpp0074540	1039	0.6891	375	716	0.4665
FBgn0026430	FBpp0074544	926	0.4222	68	391	0.3936
FBgn0052532	FBpp0309366	688	0.6337	64	436	0.4588
FBgn0031026	FBpp0074548	183	0.2951	23	54	0.3517
FBgn0027291	FBpp0307649	377	0.3289	23	124	0.3531
FBgn0040890	FBpp0289451	72	0.0694	4	5	0.2404
FBgn0031022	FBpp0074552	323	0.8483	207	274	0.5629
FBgn0020261	FBpp0291292	1613	0.5257	117	848	0.4187
FBgn0044030	FBpp0074554	128	0.4609	37	59	0.3953
FBgn0052533	FBpp0074555	1139	0.5066	62	577	0.4052
FBgn0031062	FBpp0074556	580	0.8017	99	465	0.5189
FBgn0031064	FBpp0074557	812	0.2820	107	229	0.3048
FBgn0010380	FBpp0074558	921	0.3105	38	286	0.3603
FBgn0031065	FBpp0423190	393	0.2875	41	113	0.3155
FBgn0052528	FBpp0074562	367	0.3787	85	139	0.3755
FBgn0031068	FBpp0304151	266	0.6015	58	160	0.4142
FBgn0031069	FBpp0074564	665	0.3173	40	211	0.3548
FBgn0026174	FBpp0074565	158	0.4241	21	67	0.3810
FBgn0026175	FBpp0074566	158	0.3734	30	59	0.3660
FBgn0031078	FBpp0074567	2090	0.3292	66	688	0.3630
FBgn0031077	FBpp0288416	1746	0.3047	47	532	0.3539
FBgn0031074	FBpp0074575	167	0.2635	19	44	0.3649
FBgn0031070	FBpp0074578	870	0.3816	224	332	0.3721
FBgn0042132	FBpp0074579	362	0.7652	146	277	0.5119
FBgn0040089	FBpp0074581	553	0.6998	90	387	0.4596
FBgn0031061	FBpp0074582	480	0.5958	87	286	0.4484
FBgn0031060	FBpp0074583	409	0.2665	32	109	0.3476
FBgn0031066	FBpp0074584	96	0.9479	56	91	0.4997
FBgn0036936	FBpp0074587	402	0.4975	57	200	0.4234
FBgn0005198	FBpp0074588	1847	0.4575	81	845	0.3910
FBgn0036945	FBpp0074589	162	0.0247	3	4	0.2211
FBgn0036950	FBpp0291861	364	0.3049	39	111	0.3625
FBgn0036953	FBpp0074592	334	0.5479	32	183	0.3963
FBgn0036956	FBpp0074596	430	0.3419	33	147	0.3640
FBgn0036959	FBpp0074597	203	0.4877	24	99	0.4011
FBgn0024814	FBpp0074599	219	0.6712	113	147	0.4795
FBgn0052228	FBpp0074605	915	0.9475	305	867	0.5717
FBgn0036967	FBpp0074606	248	0.5040	76	125	0.4064
FBgn0036969	FBpp0074612	362	0.2901	23	105	0.3423
FBgn0052225	FBpp0074614	295	0.3932	34	116	0.3672
FBgn0036964	FBpp0074616	262	0.5458	75	143	0.4327
FBgn0052227	FBpp0074617	1272	0.6258	169	796	0.4401
FBgn0036962	FBpp0074618	598	0.7525	68	450	0.4594
FBgn0036958	FBpp0074619	1465	0.6908	158	1012	0.4843
FBgn0036952	FBpp0074623	363	0.3471	54	126	0.3734
FBgn0036951	FBpp0074625	359	0.3454	30	124	0.3636
FBgn0036949	FBpp0074627	419	0.4511	82	189	0.4007
FBgn0036948	FBpp0074628	369	0.5041	36	186	0.3907
FBgn0036947	FBpp0074629	326	0.4877	46	159	0.3897
FBgn0036942	FBpp0074633	306	0.4118	30	126	0.3740
FBgn0036941	FBpp0074634	372	0.3925	45	146	0.3791
FBgn0036940	FBpp0074635	353	0.4674	76	165	0.3885
FBgn0036939	FBpp0074636	424	0.4528	46	192	0.3970
FBgn0036938	FBpp0074637	126	0.3571	15	45	0.3543
FBgn0036937	FBpp0074638	636	0.4355	39	277	0.3682
FBgn0036935	FBpp0074639	704	0.5256	86	370	0.4077
FBgn0036934	FBpp0074640	600	0.3917	60	235	0.3542
FBgn0036932	FBpp0074641	180	0.5944	31	107	0.4150
FBgn0036909	FBpp0074649	136	0.7574	103	103	0.4490
FBgn0024889	FBpp0074650	543	0.4622	76	251	0.3924
FBgn0052221	FBpp0290230	432	0.2685	30	116	0.3540
FBgn0001324	FBpp0074653	2531	0.5646	212	1429	0.4285
FBgn0020389	FBpp0074657	657	0.4810	52	316	0.3909
FBgn0036913	FBpp0428248	1779	0.5312	70	945	0.4069
FBgn0036915	FBpp0074660	598	0.7525	117	450	0.4691
FBgn0028695	FBpp0074662	919	0.3188	113	293	0.3622
FBgn0036918	FBpp0074663	125	0.8240	50	103	0.4632
FBgn0036919	FBpp0074664	460	0.3239	36	149	0.3672
FBgn0036921	FBpp0074665	201	0.5323	42	107	0.4113
FBgn0004852	FBpp0293288	1312	0.3620	48	475	0.3470
FBgn0036923	FBpp0292793	790	0.8785	239	694	0.5065
FBgn0036925	FBpp0074668	601	0.7704	152	463	0.5019
FBgn0036926	FBpp0074669	186	0.5054	39	94	0.3985
FBgn0013303	FBpp0074671	190	0.4684	36	89	0.4201
FBgn0036928	FBpp0074672	171	0.3216	34	55	0.3784
FBgn0036929	FBpp0074673	422	0.6114	82	258	0.4352
FBgn0036931	FBpp0074676	872	0.5550	77	484	0.4338
FBgn0036927	FBpp0074677	486	0.4671	52	227	0.3982
FBgn0005633	FBpp0074679	182	0.7967	41	145	0.4588
FBgn0052220	FBpp0423255	248	0.2903	20	72	0.3528
FBgn0036924	FBpp0074681	406	0.6773	90	275	0.4422
FBgn0036922	FBpp0074682	168	0.0357	6	6	0.2254
FBgn0052219	FBpp0074683	150	0.3533	22	53	0.3532
FBgn0036920	FBpp0074684	269	0.4312	19	116	0.3737
FBgn0020887	FBpp0074686	900	0.7644	174	688	0.4727
FBgn0014037	FBpp0074689	1059	0.8121	118	860	0.5139
FBgn0003744	FBpp0304464	463	0.4860	66	225	0.3973
FBgn0023094	FBpp0074693	413	0.5424	68	224	0.4373
FBgn0036910	FBpp0074694	504	0.3611	25	182	0.3586
FBgn0040786	FBpp0288838	68	0.5588	33	38	0.5074
FBgn0036908	FBpp0074696	301	0.4850	90	146	0.4235
FBgn0036906	FBpp0074697	441	0.2789	23	123	0.3638
FBgn0036880	FBpp0112093	424	0.6910	154	293	0.4481
FBgn0036881	FBpp0304994	1231	0.2299	96	283	0.3371
FBgn0260461	FBpp0074705	397	0.6146	57	244	0.4383
FBgn0036886	FBpp0074707	673	0.3893	44	262	0.3807
FBgn0036888	FBpp0074708	708	0.4421	44	313	0.3925
FBgn0010417	FBpp0074709	606	0.5083	58	308	0.3987
FBgn0036890	FBpp0074712	182	0.5714	33	104	0.4423
FBgn0036891	FBpp0074713	408	0.4020	53	164	0.3794
FBgn0036893	FBpp0074714	236	0.1695	19	40	0.2677
FBgn0029094	FBpp0074715	218	0.5046	34	110	0.4022
FBgn0036895	FBpp0074716	1174	0.5588	296	656	0.4393
FBgn0004623	FBpp0074717	346	0.3006	31	104	0.3607
FBgn0036905	FBpp0074718	268	0.3993	27	107	0.3635
FBgn0036899	FBpp0271915	822	0.5973	93	491	0.4414
FBgn0022774	FBpp0074729	431	0.2390	31	103	0.3457
FBgn0036897	FBpp0288555	448	0.4643	56	208	0.3997
FBgn0036896	FBpp0074731	977	0.7421	151	725	0.4734
FBgn0036892	FBpp0271918	1024	0.5039	121	516	0.4078
FBgn0020277	FBpp0074737	153	0.4706	33	72	0.3823
FBgn0005386	FBpp0297151	2226	0.7956	292	1771	0.4834
FBgn0036889	FBpp0074739	407	0.4939	55	201	0.3999
FBgn0036887	FBpp0074740	125	0.6480	49	81	0.4369
FBgn0005564	FBpp0111766	571	0.4063	51	232	0.3591
FBgn0036882	FBpp0074744	1339	0.6923	226	927	0.4629
FBgn0040075	FBpp0074756	481	0.5156	46	248	0.3948
FBgn0036856	FBpp0074759	213	0.3333	23	71	0.3507
FBgn0036859	FBpp0074760	874	0.2849	27	249	0.3418
FBgn0036860	FBpp0311131	212	0.2264	28	48	0.2909
FBgn0028380	FBpp0302865	368	0.3342	25	123	0.3598
FBgn0036868	FBpp0303313	769	0.6619	118	509	0.4538
FBgn0003089	FBpp0074780	514	0.5837	54	300	0.4205
FBgn0036862	FBpp0074781	681	0.6990	110	476	0.4552
FBgn0036861	FBpp0074782	224	0.8393	186	188	0.4801
FBgn0036858	FBpp0301124	289	0.3253	35	94	0.3523
FBgn0036857	FBpp0074784	540	0.3630	73	196	0.3654
FBgn0017578	FBpp0074785	161	0.9379	103	151	0.5201
FBgn0026630	FBpp0074786	497	0.2495	34	124	0.3032
FBgn0036853	FBpp0074789	201	0.5473	36	110	0.4108
FBgn0036834	FBpp0074790	328	0.2378	40	78	0.3041
FBgn0036835	FBpp0074791	155	0.2323	30	36	0.3370
FBgn0036843	FBpp0074792	327	0.3242	35	106	0.3450
FBgn0036846	FBpp0303123	484	0.4773	72	231	0.4100
FBgn0036849	FBpp0074794	269	0.5242	56	141	0.4222
FBgn0016797	FBpp0428488	826	0.2567	58	212	0.3231
FBgn0052203	FBpp0110068	356	0.5000	63	178	0.3853
FBgn0036851	FBpp0303125	530	0.5943	47	315	0.4290
FBgn0036850	FBpp0074799	245	0.6571	101	161	0.4378
FBgn0036848	FBpp0074800	300	0.1667	16	50	0.3167
FBgn0036847	FBpp0074801	221	0.6833	80	151	0.4546
FBgn0036844	FBpp0303122	497	0.4748	69	236	0.3982
FBgn0036842	FBpp0074804	636	0.3947	80	251	0.3775
FBgn0015586	FBpp0074805	388	0.4381	25	170	0.3763
FBgn0002945	FBpp0074806	928	0.7608	195	706	0.4884
FBgn0036839	FBpp0074807	530	0.5038	56	267	0.3928
FBgn0036838	FBpp0074808	615	0.5366	97	330	0.4169
FBgn0036837	FBpp0074812	770	0.4740	84	365	0.3878
FBgn0036836	FBpp0074813	699	0.2947	29	206	0.3553
FBgn0052204	FBpp0428135	488	0.4119	74	201	0.3645
FBgn0036833	FBpp0074815	423	0.3546	26	150	0.3734
FBgn0036801	FBpp0074816	741	0.5843	129	433	0.4436
FBgn0040323	FBpp0074817	492	0.4817	46	237	0.3892
FBgn0036807	FBpp0428174	291	0.2302	28	67	0.3382
FBgn0036810	FBpp0074820	378	0.4339	66	164	0.3830
FBgn0036811	FBpp0074821	176	0.7670	70	135	0.5239
FBgn0036813	FBpp0074822	330	0.6152	98	203	0.4116
FBgn0036815	FBpp0074823	221	0.7873	62	174	0.4434
FBgn0036817	FBpp0300968	285	0.4105	76	117	0.3722
FBgn0036818	FBpp0300969	336	0.9167	172	308	0.5882
FBgn0036819	FBpp0074829	288	0.8194	121	236	0.4766
FBgn0036820	FBpp0074830	114	0.3070	15	35	0.3591
FBgn0014075	FBpp0074831	1548	0.4490	54	695	0.3840
FBgn0036822	FBpp0074832	181	0.4586	40	83	0.3805
FBgn0036825	FBpp0074833	149	0.7718	60	115	0.4772
FBgn0036827	FBpp0074834	366	0.9344	151	342	0.5851
FBgn0036828	FBpp0074835	931	0.5456	101	508	0.4206
FBgn0036831	FBpp0074836	430	0.2907	34	125	0.3618
FBgn0036832	FBpp0074838	322	0.2267	17	73	0.3272
FBgn0036830	FBpp0301550	289	0.8304	126	240	0.4910
FBgn0036829	FBpp0301551	675	0.3556	43	240	0.3439
FBgn0027057	FBpp0074841	525	0.2457	29	129	0.3558
FBgn0036826	FBpp0074842	167	0.8204	60	137	0.4966
FBgn0036824	FBpp0074843	414	0.2923	31	121	0.3509
FBgn0036821	FBpp0074844	704	0.3835	55	270	0.3543
FBgn0025807	FBpp0074847	456	0.5504	66	251	0.4232
FBgn0036816	FBpp0074848	590	0.2119	36	125	0.2782
FBgn0036814	FBpp0074851	2133	0.7951	295	1696	0.5072
FBgn0001078	FBpp0074853	1027	0.5589	114	574	0.4263
FBgn0036812	FBpp0074855	511	0.8728	174	446	0.5098
FBgn0036809	FBpp0074856	265	0.3132	32	83	0.3694
FBgn0036808	FBpp0074857	302	0.1987	26	60	0.3191
FBgn0036806	FBpp0074858	524	0.5515	48	289	0.4025
FBgn0036805	FBpp0074859	203	0.6749	40	137	0.4374
FBgn0036804	FBpp0112092	196	0.5765	40	113	0.4450
FBgn0040322	FBpp0074861	461	0.4056	30	187	0.3691
FBgn0042134	FBpp0074865	961	0.7908	196	760	0.5024
FBgn0052198	FBpp0074866	136	0.7279	91	99	0.5243
FBgn0036791	FBpp0074868	427	0.5808	46	248	0.4080
FBgn0036795	FBpp0293245	515	0.4951	52	255	0.3952
FBgn0036796	FBpp0289329	470	0.5957	54	280	0.4191
FBgn0052201	FBpp0289328	520	0.5000	53	260	0.3936
FBgn0052199	FBpp0303836	509	0.4047	48	206	0.3958
FBgn0013717	FBpp0428493	703	0.4196	98	295	0.3916
FBgn0003683	FBpp0074878	428	0.5701	46	244	0.4067
FBgn0028416	FBpp0074881	51	0.3137	16	16	0.3045
FBgn0028415	FBpp0074882	51	0.3137	16	16	0.3045
FBgn0036787	FBpp0074883	220	0.4364	42	96	0.3801
FBgn0052196	FBpp0271909	195	0.4051	27	79	0.3679
FBgn0036786	FBpp0074885	108	0.7222	28	78	0.4504
FBgn0011706	FBpp0074886	65	0.7385	21	48	0.4878
FBgn0036774	FBpp0074887	225	0.7733	83	174	0.4987
FBgn0002901	FBpp0074888	846	0.5638	120	477	0.4223
FBgn0036777	FBpp0074889	357	0.3529	45	126	0.3737
FBgn0052195	FBpp0074891	401	0.2793	33	112	0.3524
FBgn0020300	FBpp0074892	206	0.4854	29	100	0.3651
FBgn0036780	FBpp0074893	193	0.3782	28	73	0.3448
FBgn0036782	FBpp0301841	646	0.4319	30	279	0.3815
FBgn0015946	FBpp0074896	138	0.7174	61	99	0.4868
FBgn0036785	FBpp0305088	575	0.7617	104	438	0.4741
FBgn0036784	FBpp0074898	623	0.2424	25	151	0.3348
FBgn0003997	FBpp0074899	410	0.8366	109	343	0.5039
FBgn0036781	FBpp0074900	1051	0.7593	126	798	0.4777
FBgn0036778	FBpp0074901	510	0.3333	40	170	0.3580
FBgn0036775	FBpp0074902	415	0.7060	57	293	0.4500
FBgn0036773	FBpp0074903	316	0.3987	66	126	0.3416
FBgn0001134	FBpp0074905	686	0.4373	61	300	0.3929
FBgn0036763	FBpp0074907	665	0.5820	75	387	0.4288
FBgn0036765	FBpp0074908	585	0.4513	50	264	0.3830
FBgn0036768	FBpp0074909	579	0.4629	50	268	0.3842
FBgn0036771	FBpp0074910	375	0.2027	21	76	0.3457
FBgn0052192	FBpp0074913	136	0.0662	8	9	0.2302
FBgn0000568	FBpp0074914	1412	0.7280	174	1028	0.4792
FBgn0036772	FBpp0074918	798	0.4586	42	366	0.3944
FBgn0036770	FBpp0074919	742	0.1995	42	148	0.3100
FBgn0036769	FBpp0074920	236	0.2500	31	59	0.2596
FBgn0036767	FBpp0288667	191	0.1832	15	35	0.3187
FBgn0036766	FBpp0074923	180	0.1278	8	23	0.3049
FBgn0036764	FBpp0271785	630	0.2048	23	129	0.2802
FBgn0036761	FBpp0074926	337	0.6499	89	219	0.4478
FBgn0036760	FBpp0074927	330	0.3545	23	117	0.3592
FBgn0036759	FBpp0074928	315	0.2762	28	87	0.3433
FBgn0052189	FBpp0074929	105	0.8000	84	84	0.5083
FBgn0052188	FBpp0074930	105	0.8000	84	84	0.5083
FBgn0036757	FBpp0271900	629	0.2846	30	179	0.3337
FBgn0036756	FBpp0074933	422	0.2275	36	96	0.2844
FBgn0052191	FBpp0300164	564	0.4007	44	226	0.3789
FBgn0052187	FBpp0074935	409	0.3081	41	126	0.3765
FBgn0036754	FBpp0074936	594	0.6128	101	364	0.4575
FBgn0052190	FBpp0074937	569	0.8489	179	483	0.5356
FBgn0036732	FBpp0074939	819	0.3919	70	321	0.3435
FBgn0052185	FBpp0074940	115	0.6696	28	77	0.4074
FBgn0036734	FBpp0074941	420	0.6810	131	286	0.4945
FBgn0036738	FBpp0074946	270	0.2519	22	68	0.3281
FBgn0036741	FBpp0305332	957	0.2936	82	281	0.3168
FBgn0036742	FBpp0289512	412	0.3204	50	132	0.3229
FBgn0036745	FBpp0074949	178	0.3933	23	70	0.3610
FBgn0052183	FBpp0074951	470	0.7213	116	339	0.4698
FBgn0036749	FBpp0074952	486	0.2716	30	132	0.3591
FBgn0052182	FBpp0074953	419	0.3795	29	159	0.3795
FBgn0052181	FBpp0290240	570	0.9509	350	542	0.5543
FBgn0036752	FBpp0074955	553	0.3020	24	167	0.3546
FBgn0043025	FBpp0074956	561	0.4225	37	237	0.3699
FBgn0036751	FBpp0074957	520	0.2731	52	142	0.3482
FBgn0036750	FBpp0074958	479	0.3820	33	183	0.3834
FBgn0036747	FBpp0428244	1725	0.3072	42	530	0.3357
FBgn0036746	FBpp0303195	889	0.7683	132	683	0.4965
FBgn0052179	FBpp0074961	217	0.4885	29	106	0.3661
FBgn0004401	FBpp0074963	716	0.8422	91	603	0.4939
FBgn0036740	FBpp0074964	226	0.6681	68	151	0.4514
FBgn0023197	FBpp0423084	271	0.3210	15	87	0.3361
FBgn0036735	FBpp0074970	680	0.5309	81	361	0.4269
FBgn0036733	FBpp0074971	553	0.5515	47	305	0.4186
FBgn0052177	FBpp0074972	267	0.4419	61	118	0.3542
FBgn0036703	FBpp0074974	320	0.3688	33	118	0.3750
FBgn0036705	FBpp0074975	110	0.1000	6	11	0.2404
FBgn0036707	FBpp0074976	550	0.7127	137	392	0.4818
FBgn0036714	FBpp0074977	1324	0.6035	124	799	0.4429
FBgn0015550	FBpp0074978	398	0.7211	107	287	0.4700
FBgn0040793	FBpp0074979	90	0.2111	19	19	0.3116
FBgn0036725	FBpp0074981	1322	0.7511	117	993	0.4761
FBgn0036726	FBpp0074982	122	0.5082	42	62	0.3804
FBgn0036727	FBpp0074983	509	0.5069	71	258	0.3825
FBgn0036728	FBpp0074984	89	0.2697	16	24	0.3583
FBgn0036730	FBpp0074985	233	0.5236	45	122	0.4020
FBgn0036731	FBpp0074986	206	0.8204	59	169	0.5107
FBgn0036729	FBpp0074987	285	0.9439	111	269	0.5269
FBgn0036723	FBpp0074988	571	0.2487	49	142	0.3508
FBgn0052174	FBpp0074989	268	0.4403	43	118	0.3836
FBgn0042641	FBpp0074990	373	0.2413	27	90	0.3035
FBgn0053052	FBpp0074991	338	0.7751	80	262	0.4828
FBgn0053051	FBpp0074992	211	0.7725	114	163	0.4923
FBgn0027660	FBpp0074994	976	0.4529	87	442	0.3650
FBgn0036717	FBpp0297712	792	0.9659	750	765	0.6498
FBgn0036716	FBpp0075000	753	0.7278	178	548	0.4827
FBgn0036715	FBpp0075001	1820	0.4797	57	873	0.3938
FBgn0036712	FBpp0075004	736	0.2853	53	210	0.3178
FBgn0036711	FBpp0075005	302	0.5099	33	154	0.3799
FBgn0036710	FBpp0075006	542	0.5258	99	285	0.4050
FBgn0036709	FBpp0075008	404	0.1436	17	58	0.2930
FBgn0036708	FBpp0075009	199	0.2161	17	43	0.3040
FBgn0036706	FBpp0075010	238	0.4244	43	101	0.3870
FBgn0036704	FBpp0075011	218	0.2110	18	46	0.3108
FBgn0036702	FBpp0075012	826	0.4153	76	343	0.3899
FBgn0052170	FBpp0075018	540	0.9778	189	528	0.5636
FBgn0036676	FBpp0075021	185	0.4865	36	90	0.3789
FBgn0010352	FBpp0111773	1105	0.4670	91	516	0.3931
FBgn0036686	FBpp0075034	1159	0.6928	130	803	0.4572
FBgn0036688	FBpp0075035	715	0.4713	46	337	0.3972
FBgn0036691	FBpp0075038	379	0.4222	52	160	0.3817
FBgn0036695	FBpp0075039	396	0.2576	41	102	0.2965
FBgn0036697	FBpp0075042	343	0.5277	44	181	0.4106
FBgn0036698	FBpp0075044	398	0.3291	35	131	0.3562
FBgn0036696	FBpp0075046	145	0.3724	28	54	0.3616
FBgn0036690	FBpp0288660	150	0.6200	43	93	0.4132
FBgn0011293	FBpp0075050	155	0.5613	60	87	0.4273
FBgn0036687	FBpp0075051	604	0.9288	216	561	0.5116
FBgn0036684	FBpp0302831	1469	0.5439	57	799	0.4196
FBgn0036679	FBpp0271821	198	0.5253	31	104	0.3884
FBgn0036678	FBpp0075063	607	0.6557	112	398	0.4362
FBgn0036677	FBpp0075067	411	0.6667	137	274	0.4380
FBgn0028693	FBpp0075068	264	0.3750	28	99	0.3724
FBgn0052163	FBpp0075070	143	0.3217	27	46	0.3474
FBgn0042178	FBpp0075072	1080	0.2352	37	254	0.3329
FBgn0042177	FBpp0303949	1080	0.2361	37	255	0.3344
FBgn0025558	FBpp0075074	87	0.4368	38	38	0.3820
FBgn0036652	FBpp0075075	660	0.7652	100	505	0.4812
FBgn0036654	FBpp0075076	382	0.8927	178	341	0.5524
FBgn0000414	FBpp0303222	2360	0.7174	135	1693	0.4696
FBgn0036655	FBpp0075078	122	0.0410	3	5	0.2706
FBgn0043577	FBpp0305802	191	0.3665	21	70	0.3574
FBgn0036659	FBpp0075080	541	0.4048	41	219	0.3755
FBgn0004108	FBpp0075081	846	0.5437	88	460	0.4158
FBgn0036661	FBpp0075083	143	0.6713	51	96	0.4371
FBgn0036662	FBpp0423189	530	0.1943	37	103	0.2843
FBgn0021768	FBpp0075087	332	0.7139	80	237	0.4641
FBgn0036666	FBpp0075088	408	0.5613	42	229	0.4107
FBgn0036668	FBpp0075089	1734	0.8172	219	1417	0.5160
FBgn0052161	FBpp0075090	228	0.3070	28	70	0.3202
FBgn0003410	FBpp0075091	314	0.3567	31	112	0.3682
FBgn0036670	FBpp0075095	288	0.1910	24	55	0.2857
FBgn0036671	FBpp0075096	555	0.6541	96	363	0.4581
FBgn0003250	FBpp0075097	378	0.3042	34	115	0.3311
FBgn0036667	FBpp0075098	78	0.0897	6	7	0.2228
FBgn0036665	FBpp0297080	241	0.5892	44	142	0.4403
FBgn0036663	FBpp0297083	2115	0.4033	57	853	0.3709
FBgn0025582	FBpp0075104	435	0.3908	37	170	0.3791
FBgn0004556	FBpp0075106	687	0.5779	95	397	0.4272
FBgn0043578	FBpp0075107	190	0.5526	26	105	0.3947
FBgn0036656	FBpp0288817	118	0.3305	7	39	0.3191
FBgn0063485	FBpp0099495	657	0.8265	324	543	0.5151
FBgn0040512	FBpp0075111	174	0.3218	29	56	0.3266
FBgn0010223	FBpp0075113	399	0.4461	29	178	0.3907
FBgn0000017	FBpp0303166	1723	0.6645	123	1145	0.4499
FBgn0017572	FBpp0075117	339	0.4897	36	166	0.3983
FBgn0004465	FBpp0075118	417	0.3981	35	166	0.3779
FBgn0002284	FBpp0075119	235	0.3319	18	78	0.3628
FBgn0036648	FBpp0075120	307	0.4169	29	128	0.3801
FBgn0027500	FBpp0075122	1146	0.6754	161	774	0.4468
FBgn0036643	FBpp0075124	232	0.7586	144	176	0.4384
FBgn0036601	FBpp0075125	129	0.1473	9	19	0.2833
FBgn0042201	FBpp0075128	90	0.0000	0	0	0.2133
FBgn0036606	FBpp0075129	131	0.0305	3	4	0.2514
FBgn0036610	FBpp0075131	148	0.5000	25	74	0.3946
FBgn0053061	FBpp0112360	282	0.0993	14	28	0.2761
FBgn0053060	FBpp0293850	121	0.6694	76	81	0.5057
FBgn0040074	FBpp0075134	191	0.3298	33	63	0.3726
FBgn0040794	FBpp0075135	99	0.3737	24	37	0.3361
FBgn0036612	FBpp0110166	1185	0.5401	99	640	0.4135
FBgn0053257	FBpp0075137	330	0.5636	57	186	0.4233
FBgn0036617	FBpp0075140	341	0.4252	44	145	0.3803
FBgn0036618	FBpp0075141	217	0.5530	26	120	0.4072
FBgn0036620	FBpp0075142	259	0.2317	12	60	0.3291
FBgn0042137	FBpp0300159	267	0.2210	28	59	0.3288
FBgn0036624	FBpp0075144	1117	0.8827	253	986	0.5265
FBgn0036627	FBpp0075146	352	0.6790	91	239	0.4420
FBgn0028399	FBpp0303601	467	0.2505	37	117	0.2831
FBgn0053158	FBpp0075148	1033	0.4076	72	421	0.3880
FBgn0003515	FBpp0075149	666	0.2447	34	163	0.3298
FBgn0036639	FBpp0075150	256	0.4844	45	124	0.3963
FBgn0036641	FBpp0075153	226	0.5044	45	114	0.4253
FBgn0026061	FBpp0075156	467	0.3940	43	184	0.3629
FBgn0036638	FBpp0075158	211	0.6730	100	142	0.4445
FBgn0004569	FBpp0075166	444	0.5946	45	264	0.4107
FBgn0027080	FBpp0075168	525	0.3695	26	194	0.3713
FBgn0036629	FBpp0075169	511	0.4364	67	223	0.3897
FBgn0036623	FBpp0300976	397	0.2594	21	103	0.3205
FBgn0036622	FBpp0075179	380	0.2605	24	99	0.3147
FBgn0036621	FBpp0075181	819	0.5018	55	411	0.4171
FBgn0036619	FBpp0075182	429	0.7925	169	340	0.5427
FBgn0011693	FBpp0075184	278	0.3237	24	90	0.3527
FBgn0036614	FBpp0075186	776	0.8698	250	675	0.5031
FBgn0036608	FBpp0075189	185	0.1081	7	20	0.2423
FBgn0036605	FBpp0075190	124	0.0323	3	4	0.2514
FBgn0036602	FBpp0075191	117	0.0256	2	3	0.2576
FBgn0036600	FBpp0075192	148	0.0135	2	2	0.2665
FBgn0044028	FBpp0075193	671	0.6095	204	409	0.4661
FBgn0036560	FBpp0075195	453	0.3532	30	160	0.3700
FBgn0005536	FBpp0300535	1273	0.7918	318	1008	0.5000
FBgn0036563	FBpp0290253	339	0.5251	104	178	0.4562
FBgn0036566	FBpp0291665	893	0.2934	40	262	0.3140
FBgn0036568	FBpp0075203	622	0.3103	54	193	0.3718
FBgn0036569	FBpp0291534	941	0.4591	67	432	0.3943
FBgn0010280	FBpp0113081	1088	0.7555	150	822	0.4786
FBgn0036571	FBpp0075208	1191	0.3795	72	452	0.3701
FBgn0011016	FBpp0075209	190	0.3053	18	58	0.3517
FBgn0036579	FBpp0075212	430	0.2209	13	95	0.3389
FBgn0036581	FBpp0305737	133	0.7594	30	101	0.4435
FBgn0036585	FBpp0292441	69	0.1159	4	8	0.2687
FBgn0036586	FBpp0292442	152	0.5658	29	86	0.3860
FBgn0040798	FBpp0075218	97	0.0000	0	0	0.2293
FBgn0036588	FBpp0075219	109	0.0000	0	0	0.2088
FBgn0036589	FBpp0075220	79	0.0000	0	0	0.2197
FBgn0040797	FBpp0292054	93	0.0000	0	0	0.2212
FBgn0036590	FBpp0075223	140	0.0000	0	0	0.1837
FBgn0036598	FBpp0075224	113	0.2124	16	24	0.3140
FBgn0036597	FBpp0075226	123	0.0000	0	0	0.2141
FBgn0036596	FBpp0297708	187	0.1765	9	33	0.3381
FBgn0036595	FBpp0288401	181	0.4586	37	83	0.3969
FBgn0036594	FBpp0288402	170	0.1176	20	20	0.2328
FBgn0036593	FBpp0075230	206	0.0922	14	19	0.3030
FBgn0036592	FBpp0075232	181	0.0000	0	0	0.2045
FBgn0036591	FBpp0075233	143	0.1399	20	20	0.2072
FBgn0036587	FBpp0305739	574	0.4477	29	257	0.3731
FBgn0040801	FBpp0075235	91	0.4286	24	39	0.3128
FBgn0036584	FBpp0075236	314	0.8057	73	253	0.5193
FBgn0036583	FBpp0075237	309	0.8350	108	258	0.5069
FBgn0036580	FBpp0075238	133	0.7068	47	94	0.4559
FBgn0036577	FBpp0075240	351	0.8547	77	300	0.4864
FBgn0036576	FBpp0312143	493	0.7606	92	375	0.4733
FBgn0052152	FBpp0428259	527	0.4611	87	243	0.4037
FBgn0036575	FBpp0075245	119	0.6807	60	81	0.4400
FBgn0003076	FBpp0075247	560	0.2946	37	165	0.3543
FBgn0036570	FBpp0075250	654	0.3394	25	222	0.3667
FBgn0036567	FBpp0075251	451	0.3082	48	139	0.3586
FBgn0036565	FBpp0075252	698	0.4398	36	307	0.3836
FBgn0036531	FBpp0075257	82	0.5122	18	42	0.4340
FBgn0036532	FBpp0075258	107	0.5140	32	55	0.3913
FBgn0015025	FBpp0075259	410	0.6463	77	265	0.4407
FBgn0040230	FBpp0075260	623	0.3965	35	247	0.3682
FBgn0036536	FBpp0075261	329	0.5076	37	167	0.4060
FBgn0036545	FBpp0075264	230	0.2696	44	62	0.3700
FBgn0036547	FBpp0075266	312	0.5865	75	183	0.4017
FBgn0036549	FBpp0075267	342	0.3918	44	134	0.3857
FBgn0036550	FBpp0075268	284	0.2218	21	63	0.3323
FBgn0036551	FBpp0075269	284	0.2289	14	65	0.3306
FBgn0036552	FBpp0075270	284	0.2852	15	81	0.3491
FBgn0036553	FBpp0075271	288	0.2014	23	58	0.3315
FBgn0000115	FBpp0075272	180	0.2833	16	51	0.3338
FBgn0036557	FBpp0075274	376	0.7500	58	282	0.4782
FBgn0036556	FBpp0305756	352	0.4602	82	162	0.4294
FBgn0000212	FBpp0303193	1658	0.6725	196	1115	0.4576
FBgn0000489	FBpp0075283	583	0.5969	172	348	0.4310
FBgn0052150	FBpp0075290	524	0.7366	72	386	0.4778
FBgn0036538	FBpp0075291	77	0.7792	34	60	0.5273
FBgn0036537	FBpp0075292	77	0.7792	34	60	0.5222
FBgn0036498	FBpp0075299	377	0.8355	97	315	0.5084
FBgn0036499	FBpp0075301	171	0.5614	53	96	0.3918
FBgn0036500	FBpp0075302	446	0.5516	93	246	0.4277
FBgn0036501	FBpp0075303	228	0.1096	17	25	0.2725
FBgn0000565	FBpp0303210	261	0.5364	53	140	0.4095
FBgn0036504	FBpp0075310	342	0.2368	19	81	0.3246
FBgn0004396	FBpp0075311	516	0.7752	143	400	0.4650
FBgn0036510	FBpp0297285	297	0.4545	44	135	0.4018
FBgn0036512	FBpp0075316	607	0.2504	27	152	0.3484
FBgn0036514	FBpp0075317	771	0.8781	177	677	0.5083
FBgn0036515	FBpp0075318	334	0.2844	23	95	0.3676
FBgn0036518	FBpp0288504	906	0.5872	98	532	0.4432
FBgn0036522	FBpp0075323	971	0.7539	160	732	0.5089
FBgn0004589	FBpp0075324	95	0.6737	45	64	0.4134
FBgn0004591	FBpp0075325	99	0.6364	60	63	0.4197
FBgn0004594	FBpp0075326	98	0.5204	28	51	0.3698
FBgn0014849	FBpp0075327	102	0.5294	41	54	0.3838
FBgn0014851	FBpp0075328	97	0.4433	42	43	0.3635
FBgn0036527	FBpp0075330	563	0.4103	39	231	0.3742
FBgn0036529	FBpp0075331	590	0.5068	49	299	0.3974
FBgn0010105	FBpp0075332	370	0.4811	38	178	0.3732
FBgn0041160	FBpp0075333	343	0.5160	40	177	0.4062
FBgn0036528	FBpp0075334	498	0.4438	45	221	0.3801
FBgn0014850	FBpp0075335	98	0.6122	26	60	0.3893
FBgn0014848	FBpp0293877	101	0.4059	24	41	0.3464
FBgn0004593	FBpp0075337	98	0.4592	42	45	0.3666
FBgn0004592	FBpp0075338	445	0.9011	286	401	0.5801
FBgn0004590	FBpp0075339	173	0.7919	79	137	0.5867
FBgn0004588	FBpp0075340	100	0.6400	42	64	0.4146
FBgn0036520	FBpp0075343	570	0.7719	198	440	0.4787
FBgn0036519	FBpp0075344	276	0.5978	148	165	0.4228
FBgn0036516	FBpp0289558	319	0.6489	38	207	0.4308
FBgn0036509	FBpp0075349	596	0.3641	47	217	0.3636
FBgn0036505	FBpp0075353	262	0.5229	41	137	0.4129
FBgn0004228	FBpp0075355	83	0.3494	29	29	0.2796
FBgn0036503	FBpp0075356	112	0.8125	61	91	0.5080
FBgn0036502	FBpp0075357	174	0.8908	80	155	0.4792
FBgn0026738	FBpp0075358	312	0.5737	87	179	0.4443
FBgn0040805	FBpp0112245	204	0.1765	25	36	0.3090
FBgn0029114	FBpp0075360	1346	0.4517	53	608	0.3877
FBgn0036491	FBpp0112085	526	0.4924	143	259	0.4067
FBgn0036494	FBpp0075367	1514	0.4115	50	623	0.3824
FBgn0036495	FBpp0075368	119	0.4874	35	58	0.3974
FBgn0036497	FBpp0075369	217	0.4101	27	89	0.3781
FBgn0036496	FBpp0075370	318	0.6415	62	204	0.4340
FBgn0036492	FBpp0075371	535	0.3607	98	193	0.3686
FBgn0026320	FBpp0075373	158	0.9051	35	143	0.4701
FBgn0000216	FBpp0075374	81	0.7654	38	62	0.4980
FBgn0040296	FBpp0301079	149	0.6510	67	97	0.4528
FBgn0036459	FBpp0301080	766	0.7755	143	594	0.4523
FBgn0036460	FBpp0301081	445	0.3640	39	162	0.3721
FBgn0002778	FBpp0075379	499	0.1182	25	59	0.2495
FBgn0036461	FBpp0112084	572	0.3374	84	193	0.3252
FBgn0023174	FBpp0075382	272	0.3750	25	102	0.3744
FBgn0047338	FBpp0075383	83	0.7831	65	65	0.5485
FBgn0036470	FBpp0075384	211	0.7441	97	157	0.4783
FBgn0027088	FBpp0075386	765	0.4654	57	356	0.3997
FBgn0036479	FBpp0075390	634	0.5994	93	380	0.4377
FBgn0036480	FBpp0292437	1065	0.8545	154	910	0.4851
FBgn0052847	FBpp0075392	164	0.2561	29	42	0.3202
FBgn0036484	FBpp0075393	385	0.5065	41	195	0.4073
FBgn0036485	FBpp0075394	503	0.6382	64	321	0.4386
FBgn0036487	FBpp0075395	501	0.5948	67	298	0.4212
FBgn0036488	FBpp0075396	79	0.1899	15	15	0.2936
FBgn0036490	FBpp0075397	196	0.2143	9	42	0.3396
FBgn0036489	FBpp0075398	373	0.3244	30	121	0.3645
FBgn0036486	FBpp0075399	1190	0.4840	209	576	0.4072
FBgn0047178	FBpp0075400	224	0.2634	21	59	0.3448
FBgn0036483	FBpp0075405	1188	0.7635	228	907	0.4893
FBgn0036482	FBpp0075407	1023	0.8847	192	905	0.5160
FBgn0036481	FBpp0075408	503	0.5089	45	256	0.3961
FBgn0036476	FBpp0075410	635	0.8677	124	551	0.5239
FBgn0036474	FBpp0075412	378	0.1905	22	72	0.2942
FBgn0036471	FBpp0113002	202	0.5248	57	106	0.3832
FBgn0036469	FBpp0075416	92	0.7065	63	65	0.4688
FBgn0036468	FBpp0075417	137	0.7518	103	103	0.5063
FBgn0036467	FBpp0075418	114	0.6053	67	69	0.4191
FBgn0036466	FBpp0075419	167	0.6946	85	116	0.4806
FBgn0025776	FBpp0306007	320	0.7594	104	243	0.4637
FBgn0036465	FBpp0075422	262	0.4733	23	124	0.3987
FBgn0036463	FBpp0075424	1071	0.4314	58	462	0.3883
FBgn0036462	FBpp0075425	333	0.4895	49	163	0.4150
FBgn0040487	FBpp0075426	78	0.8205	64	64	0.4788
FBgn0040809	FBpp0075427	78	0.7949	60	62	0.4712
FBgn0003388	FBpp0089324	540	0.3093	31	167	0.3457
FBgn0036433	FBpp0075430	175	0.2114	22	37	0.2588
FBgn0041604	FBpp0075431	765	0.6026	103	461	0.4263
FBgn0036437	FBpp0075434	210	0.7238	104	152	0.4813
FBgn0036438	FBpp0075435	113	0.7788	60	88	0.4806
FBgn0036441	FBpp0075437	149	0.5168	16	77	0.4011
FBgn0036442	FBpp0075439	139	0.2374	31	33	0.3494
FBgn0036446	FBpp0075440	587	0.5094	74	299	0.3916
FBgn0036450	FBpp0075441	836	0.7524	134	629	0.4926
FBgn0036451	FBpp0075443	2103	0.5364	105	1128	0.4252
FBgn0036454	FBpp0075445	1656	0.4692	71	777	0.3934
FBgn0001120	FBpp0075447	240	0.7750	144	186	0.4844
FBgn0029148	FBpp0075448	160	0.4562	27	73	0.3759
FBgn0036449	FBpp0289427	553	0.4014	55	222	0.3688
FBgn0036448	FBpp0075450	1833	0.6563	322	1203	0.4440
FBgn0036447	FBpp0075451	508	0.4685	70	238	0.3761
FBgn0053260	FBpp0291628	276	0.4891	63	135	0.3908
FBgn0036443	FBpp0075453	266	0.8421	102	224	0.4887
FBgn0036440	FBpp0075454	1333	0.8507	127	1134	0.4892
FBgn0036439	FBpp0075455	148	0.3311	20	49	0.3805
FBgn0036436	FBpp0075456	374	0.4626	62	173	0.3928
FBgn0036423	FBpp0305254	318	0.7201	74	229	0.4636
FBgn0036426	FBpp0288721	152	0.4539	34	69	0.3914
FBgn0026409	FBpp0075461	356	0.2079	19	74	0.3216
FBgn0040318	FBpp0428200	587	0.6337	88	372	0.4551
FBgn0028418	FBpp0075465	160	0.5500	47	88	0.3987
FBgn0036428	FBpp0075467	384	0.7057	80	271	0.4466
FBgn0036427	FBpp0305252	374	0.2353	37	88	0.3367
FBgn0003459	FBpp0075471	1037	0.8129	113	843	0.4877
FBgn0036422	FBpp0075472	349	0.2837	19	99	0.3307
FBgn0036421	FBpp0112083	176	0.6193	37	109	0.4270
FBgn0052141	FBpp0075477	238	0.7311	124	174	0.4486
FBgn0036415	FBpp0075479	164	0.3537	17	58	0.3691
FBgn0036416	FBpp0075482	321	0.6542	97	210	0.4131
FBgn0036417	FBpp0302809	356	0.5815	68	207	0.4373
FBgn0001085	FBpp0303135	612	0.3235	36	198	0.3184
FBgn0036419	FBpp0075486	102	0.4118	22	42	0.3747
FBgn0000411	FBpp0075488	382	0.5445	84	208	0.4181
FBgn0042630	FBpp0303149	587	0.5945	104	349	0.4346
FBgn0036411	FBpp0303211	407	0.6314	83	257	0.4308
FBgn0000639	FBpp0075491	1029	0.6132	103	631	0.4278
FBgn0043550	FBpp0075493	362	0.4116	48	149	0.3387
FBgn0029167	FBpp0075495	3843	0.4559	71	1752	0.3903
FBgn0036382	FBpp0075496	78	0.7564	28	59	0.4572
FBgn0001108	FBpp0075498	1265	0.6854	123	867	0.4419
FBgn0052137	FBpp0075500	620	0.7952	205	493	0.4787
FBgn0036389	FBpp0075501	982	0.7556	112	742	0.4728
FBgn0001216	FBpp0075504	641	0.5195	117	333	0.4084
FBgn0036393	FBpp0305238	153	0.7386	70	113	0.4650
FBgn0036394	FBpp0075507	161	0.7516	119	121	0.4865
FBgn0036395	FBpp0075509	210	0.6571	113	138	0.4677
FBgn0036398	FBpp0075510	3146	0.7467	206	2349	0.4914
FBgn0036402	FBpp0075511	501	0.2555	28	128	0.3563
FBgn0036403	FBpp0075512	581	0.3133	47	182	0.3698
FBgn0026418	FBpp0292999	836	0.5921	66	495	0.4209
FBgn0036405	FBpp0075516	290	0.5793	68	168	0.4366
FBgn0013563	FBpp0075519	1006	0.4443	80	447	0.3980
FBgn0036410	FBpp0075521	648	0.4012	46	260	0.3769
FBgn0036406	FBpp0075522	151	0.9934	118	150	0.5832
FBgn0036397	FBpp0075527	610	0.3803	51	232	0.3713
FBgn0036396	FBpp0075529	339	0.8024	213	272	0.5031
FBgn0036391	FBpp0305240	653	0.3798	46	248	0.3584
FBgn0036390	FBpp0075532	93	0.6989	42	65	0.3997
FBgn0025874	FBpp0075533	583	0.8233	97	480	0.4723
FBgn0036386	FBpp0075534	952	0.8477	168	807	0.5139
FBgn0026376	FBpp0303219	973	0.6300	98	613	0.4389
FBgn0036381	FBpp0075543	494	0.2571	24	127	0.3490
FBgn0040812	FBpp0075544	76	0.9474	38	72	0.5336
FBgn0036380	FBpp0297622	252	0.3651	22	92	0.3566
FBgn0036368	FBpp0291650	1250	0.3920	82	490	0.3773
FBgn0036373	FBpp0075553	535	0.7607	128	407	0.4810
FBgn0036376	FBpp0075555	680	0.5118	62	348	0.4115
FBgn0036377	FBpp0075559	709	0.8364	123	593	0.4916
FBgn0036372	FBpp0075561	531	0.5913	139	314	0.4676
FBgn0036369	FBpp0075562	447	0.6532	167	292	0.4662
FBgn0036367	FBpp0075566	289	0.4464	34	129	0.3721
FBgn0036366	FBpp0075567	316	0.3797	24	120	0.3715
FBgn0053262	FBpp0291588	208	0.3942	33	82	0.3703
FBgn0023095	FBpp0312404	811	0.3687	54	299	0.3696
FBgn0003034	FBpp0075572	55	0.4727	26	26	0.3587
FBgn0040814	FBpp0075573	82	0.8415	39	69	0.4844
FBgn0036348	FBpp0428257	1594	0.4373	45	697	0.3853
FBgn0036349	FBpp0075576	146	0.7945	62	116	0.5052
FBgn0036350	FBpp0304172	253	0.7984	123	202	0.4982
FBgn0001256	FBpp0075579	366	0.6366	86	233	0.4781
FBgn0036352	FBpp0075580	348	0.8362	248	291	0.5201
FBgn0036364	FBpp0075585	243	0.9012	86	219	0.5302
FBgn0036365	FBpp0075586	1657	0.8582	192	1422	0.5111
FBgn0036363	FBpp0075588	297	0.4040	18	120	0.3587
FBgn0036361	FBpp0075589	316	0.2880	11	91	0.3520
FBgn0036360	FBpp0075590	475	0.5705	91	271	0.4419
FBgn0036359	FBpp0075591	185	0.5946	32	110	0.4199
FBgn0260459	FBpp0075592	337	0.7834	66	264	0.4601
FBgn0053263	FBpp0075593	227	0.6608	105	150	0.4573
FBgn0052121	FBpp0112336	648	0.6574	105	426	0.4457
FBgn0036356	FBpp0075595	307	0.2638	24	81	0.3443
FBgn0002573	FBpp0075596	541	0.7708	182	417	0.5124
FBgn0036354	FBpp0302861	403	0.3573	53	144	0.3814
FBgn0036353	FBpp0075599	334	0.1826	22	61	0.2881
FBgn0036351	FBpp0075600	244	0.7213	93	176	0.4787
FBgn0052119	FBpp0075601	484	0.8657	121	419	0.4970
FBgn0036321	FBpp0075602	1371	0.3107	188	426	0.3874
FBgn0036323	FBpp0075604	439	0.2984	35	131	0.3543
FBgn0036328	FBpp0075605	347	0.1643	25	57	0.3291
FBgn0036329	FBpp0075606	702	0.2222	46	156	0.2759
FBgn0036330	FBpp0075607	265	0.2226	30	59	0.3404
FBgn0036334	FBpp0075609	103	0.2039	6	21	0.3423
FBgn0036336	FBpp0075610	299	0.1104	14	33	0.2547
FBgn0036340	FBpp0075617	954	0.8753	318	835	0.6016
FBgn0011284	FBpp0075618	261	0.3295	25	86	0.3694
FBgn0036341	FBpp0075620	284	0.6725	141	191	0.4314
FBgn0036342	FBpp0075621	102	0.7745	70	79	0.4993
FBgn0010452	FBpp0303108	751	0.4141	74	311	0.3858
FBgn0036346	FBpp0075625	338	0.3314	25	112	0.3605
FBgn0036345	FBpp0075626	152	0.4934	40	75	0.3780
FBgn0036343	FBpp0075627	219	0.2740	33	60	0.3214
FBgn0036337	FBpp0075629	345	0.1623	22	56	0.3259
FBgn0036335	FBpp0075631	150	0.4467	21	67	0.3905
FBgn0036333	FBpp0075632	1010	0.8198	181	828	0.4924
FBgn0036332	FBpp0075633	670	0.5299	49	355	0.4044
FBgn0036327	FBpp0075634	349	0.1805	23	63	0.3116
FBgn0041622	FBpp0089412	393	0.1705	28	67	0.2898
FBgn0036325	FBpp0075635	539	0.4824	108	260	0.3976
FBgn0052115	FBpp0075636	475	0.4463	26	212	0.3906
FBgn0052117	FBpp0075637	215	0.5628	64	121	0.4419
FBgn0036324	FBpp0112082	371	0.2264	12	84	0.3477
FBgn0015904	FBpp0075640	717	0.6081	73	436	0.4492
FBgn0015919	FBpp0075641	693	0.6566	72	455	0.4456
FBgn0014343	FBpp0303110	682	0.5704	45	389	0.4199
FBgn0014007	FBpp0075645	1462	0.5834	55	853	0.4135
FBgn0052112	FBpp0075647	510	0.5412	67	276	0.4000
FBgn0052109	FBpp0075650	231	0.5931	28	137	0.4105
FBgn0036305	FBpp0075653	658	0.8328	216	548	0.5069
FBgn0052113	FBpp0271898	3919	0.4828	76	1892	0.4015
FBgn0036311	FBpp0075655	872	0.8096	209	706	0.5120
FBgn0052110	FBpp0075663	411	0.5474	53	225	0.3982
FBgn0036318	FBpp0304356	384	0.6693	64	257	0.4399
FBgn0036319	FBpp0075667	668	0.3308	80	221	0.3375
FBgn0036320	FBpp0075668	308	0.8929	112	275	0.4908
FBgn0052107	FBpp0311499	980	0.3418	26	335	0.3716
FBgn0036317	FBpp0075671	804	0.6978	192	561	0.4605
FBgn0036316	FBpp0075674	539	0.3117	83	168	0.3034
FBgn0036314	FBpp0075676	264	0.8371	75	221	0.4722
FBgn0036310	FBpp0075678	697	0.8651	175	603	0.5323
FBgn0052106	FBpp0300322	1413	0.9349	409	1321	0.5436
FBgn0036309	FBpp0075680	1124	0.6628	184	745	0.4356
FBgn0010235	FBpp0075683	508	0.7205	112	366	0.4554
FBgn0052105	FBpp0075685	640	0.5656	125	362	0.4290
FBgn0036277	FBpp0075686	95	0.1789	6	17	0.3400
FBgn0011279	FBpp0075687	148	0.2973	18	44	0.3080
FBgn0036286	FBpp0301023	508	0.3386	43	172	0.3645
FBgn0036291	FBpp0075689	212	0.7358	48	156	0.4451
FBgn0036300	FBpp0075693	254	0.4331	34	110	0.3874
FBgn0036301	FBpp0075697	509	0.5501	39	280	0.4284
FBgn0036299	FBpp0075698	819	0.4115	121	337	0.3775
FBgn0036298	FBpp0075699	549	0.3607	36	198	0.3613
FBgn0004926	FBpp0075700	312	0.6955	67	217	0.4461
FBgn0020388	FBpp0075701	813	0.5855	49	476	0.4299
FBgn0002466	FBpp0304889	1858	0.6895	328	1281	0.4552
FBgn0036294	FBpp0304890	412	0.4223	36	174	0.3899
FBgn0036292	FBpp0075704	383	0.4465	27	171	0.3955
FBgn0036289	FBpp0075707	334	0.3653	30	122	0.3656
FBgn0036288	FBpp0075708	487	0.6858	101	334	0.4454
FBgn0036287	FBpp0112080	748	0.6324	94	473	0.4474
FBgn0052102	FBpp0075710	88	0.3409	30	30	0.3404
FBgn0036285	FBpp0075712	640	0.5781	84	370	0.4401
FBgn0020655	FBpp0075713	468	0.7521	71	352	0.4784
FBgn0052103	FBpp0075714	583	0.3997	38	233	0.3797
FBgn0036282	FBpp0075717	663	0.3499	28	232	0.3637
FBgn0052104	FBpp0075718	1215	0.3967	96	482	0.3750
FBgn0036279	FBpp0305974	1207	0.4068	97	491	0.3544
FBgn0036278	FBpp0303102	644	0.3587	37	231	0.3364
FBgn0036246	FBpp0075722	122	0.5574	45	68	0.4241
FBgn0011335	FBpp0075723	391	0.7749	101	303	0.4914
FBgn0036248	FBpp0075724	368	0.7527	66	277	0.4539
FBgn0036249	FBpp0312603	307	0.7068	112	217	0.4621
FBgn0046296	FBpp0075727	492	0.3699	30	182	0.3685
FBgn0036257	FBpp0428433	485	0.4495	37	218	0.4109
FBgn0013997	FBpp0075730	1284	0.3964	40	509	0.3789
FBgn0052099	FBpp0075732	290	0.4448	22	129	0.3807
FBgn0027843	FBpp0075733	335	0.5104	30	171	0.3765
FBgn0036262	FBpp0288569	292	0.4281	60	125	0.3840
FBgn0000592	FBpp0075735	544	0.3750	56	204	0.3718
FBgn0000594	FBpp0075736	544	0.3456	34	188	0.3576
FBgn0036264	FBpp0075737	287	0.2857	26	82	0.3490
FBgn0052100	FBpp0075738	487	0.8049	82	392	0.4982
FBgn0036273	FBpp0075739	747	0.6894	101	515	0.4416
FBgn0036274	FBpp0290293	544	0.5404	102	294	0.4232
FBgn0036272	FBpp0312082	458	0.3996	28	183	0.3826
FBgn0036271	FBpp0075743	327	0.2141	24	70	0.3185
FBgn0036266	FBpp0075748	383	0.5535	49	212	0.4155
FBgn0022709	FBpp0075750	229	0.3712	35	85	0.3747
FBgn0036263	FBpp0075751	350	0.3371	28	118	0.3576
FBgn0036260	FBpp0075752	483	0.3168	34	153	0.3171
FBgn0036259	FBpp0303229	304	0.0888	16	27	0.2728
FBgn0036258	FBpp0075754	539	0.3358	26	181	0.3576
FBgn0011455	FBpp0075755	186	0.5645	83	105	0.4001
FBgn0036254	FBpp0075756	855	0.9380	310	802	0.5563
FBgn0036250	FBpp0075758	635	0.2551	26	162	0.3292
FBgn0022959	FBpp0075759	352	0.8949	118	315	0.5538
FBgn0036205	FBpp0075760	735	0.7265	76	534	0.4624
FBgn0036207	FBpp0075761	502	0.7888	223	396	0.4912
FBgn0004381	FBpp0075762	784	0.7436	144	583	0.4825
FBgn0036213	FBpp0075764	217	0.5115	29	111	0.4041
FBgn0036214	FBpp0075767	381	0.8766	90	334	0.5053
FBgn0036218	FBpp0304437	579	0.7444	80	431	0.4705
FBgn0036219	FBpp0075769	614	0.8827	122	542	0.4949
FBgn0036221	FBpp0075770	270	0.3741	47	101	0.3607
FBgn0011723	FBpp0304380	697	0.5323	82	371	0.4047
FBgn0036224	FBpp0075772	398	0.4095	58	163	0.3833
FBgn0036226	FBpp0075773	474	0.5253	70	249	0.4069
FBgn0036227	FBpp0075774	751	0.3622	50	272	0.3725
FBgn0036229	FBpp0075775	796	0.5804	61	462	0.4339
FBgn0036232	FBpp0302672	263	0.7490	183	197	0.5394
FBgn0036235	FBpp0303204	1245	0.5880	83	732	0.4051
FBgn0036236	FBpp0075780	290	0.5345	27	155	0.4084
FBgn0036240	FBpp0075781	612	0.1438	31	88	0.2838
FBgn0036242	FBpp0075783	564	0.9415	383	531	0.5549
FBgn0041096	FBpp0075785	1900	0.3600	68	684	0.3698
FBgn0036239	FBpp0311089	361	0.3712	30	134	0.3744
FBgn0026432	FBpp0075793	1351	0.5544	96	749	0.4197
FBgn0036237	FBpp0075794	240	0.6292	45	151	0.4110
FBgn0053265	FBpp0075795	1799	0.9311	1592	1675	0.5647
FBgn0028573	FBpp0075796	1713	0.5534	135	948	0.4139
FBgn0036230	FBpp0423041	262	0.6794	45	178	0.4022
FBgn0036228	FBpp0075798	279	0.5484	61	153	0.4203
FBgn0036225	FBpp0075799	339	0.3953	41	134	0.3773
FBgn0036222	FBpp0075801	651	0.2934	27	191	0.3437
FBgn0036220	FBpp0423082	343	0.4577	43	157	0.3920
FBgn0036217	FBpp0075803	196	0.2551	19	50	0.3391
FBgn0040816	FBpp0075806	66	0.3030	20	20	0.3310
FBgn0000404	FBpp0075807	491	0.5031	59	247	0.4076
FBgn0052095	FBpp0075809	429	0.4172	28	179	0.3899
FBgn0036211	FBpp0310443	330	0.5061	30	167	0.3864
FBgn0036212	FBpp0075812	317	0.2397	22	76	0.3420
FBgn0036208	FBpp0075815	417	0.2854	23	119	0.3491
FBgn0036206	FBpp0075816	928	0.8071	110	749	0.4865
FBgn0015278	FBpp0075818	1876	0.4440	107	833	0.3942
FBgn0036204	FBpp0075820	92	0.7500	25	69	0.4736
FBgn0028667	FBpp0075821	158	0.0000	0	0	0.1716
FBgn0028668	FBpp0075822	158	0.0127	2	2	0.1681
FBgn0053500	FBpp0075825	88	0.7273	64	64	0.4489
FBgn0003377	FBpp0075826	74	0.4730	22	35	0.3064
FBgn0003373	FBpp0075827	307	0.8339	240	256	0.6317
FBgn0036168	FBpp0112076	540	0.6556	80	354	0.4449
FBgn0036173	FBpp0288463	128	0.5078	24	65	0.3926
FBgn0036176	FBpp0075831	94	0.7553	71	71	0.5178
FBgn0036179	FBpp0297950	530	0.7528	61	399	0.4954
FBgn0036184	FBpp0075833	395	0.1241	18	49	0.3093
FBgn0042138	FBpp0303935	232	0.2845	27	66	0.3384
FBgn0052091	FBpp0075837	623	0.2552	45	159	0.3099
FBgn0036188	FBpp0075838	240	0.3458	38	83	0.3639
FBgn0015828	FBpp0075839	429	0.6224	69	267	0.4255
FBgn0036191	FBpp0271870	604	0.2318	42	140	0.2852
FBgn0036193	FBpp0305001	259	0.7838	68	203	0.4634
FBgn0036199	FBpp0075845	303	0.2211	23	67	0.3324
FBgn0052087	FBpp0075848	407	0.3514	35	143	0.3110
FBgn0041231	FBpp0075849	389	0.1465	10	57	0.2965
FBgn0036202	FBpp0428154	427	0.5082	47	217	0.3920
FBgn0040817	FBpp0112246	118	0.3305	24	39	0.3200
FBgn0036198	FBpp0075854	158	0.3165	25	50	0.3249
FBgn0036196	FBpp0075855	351	0.5897	51	207	0.4137
FBgn0036195	FBpp0305003	585	0.6752	67	395	0.4390
FBgn0036194	FBpp0075861	454	0.4031	31	183	0.3561
FBgn0036192	FBpp0289374	167	0.8263	61	138	0.4832
FBgn0052085	FBpp0075864	666	0.3679	103	245	0.3789
FBgn0036187	FBpp0075865	585	0.6923	94	405	0.4603
FBgn0036186	FBpp0075867	962	0.4896	82	471	0.4076
FBgn0036183	FBpp0075868	322	0.3043	13	98	0.3622
FBgn0036181	FBpp0075871	3135	0.9132	2330	2863	0.5757
FBgn0036178	FBpp0075875	103	0.6408	28	66	0.4563
FBgn0036177	FBpp0075876	94	0.7553	71	71	0.5256
FBgn0003292	FBpp0075877	886	0.3454	83	306	0.3497
FBgn0052086	FBpp0075878	491	0.6110	57	300	0.4282
FBgn0053269	FBpp0075879	88	0.7727	66	68	0.4641
FBgn0053270	FBpp0075880	88	0.7614	65	67	0.4625
FBgn0053271	FBpp0075881	88	0.7614	65	67	0.4538
FBgn0053272	FBpp0075890	88	0.7614	65	67	0.4567
FBgn0003378	FBpp0075891	75	0.0133	1	1	0.2440
FBgn0036142	FBpp0075892	557	0.4291	34	239	0.3625
FBgn0036143	FBpp0289576	447	0.3803	30	170	0.3734
FBgn0036145	FBpp0075894	167	0.3653	26	61	0.3622
FBgn0036146	FBpp0075895	162	0.3580	41	58	0.3563
FBgn0064766	FBpp0075896	928	0.3858	71	358	0.3856
FBgn0041094	FBpp0075899	280	0.7750	98	217	0.4741
FBgn0036153	FBpp0075901	477	0.1321	29	63	0.2628
FBgn0036156	FBpp0075902	291	0.7938	72	231	0.4818
FBgn0036157	FBpp0075903	349	0.2665	16	93	0.3545
FBgn0036159	FBpp0075904	355	0.5296	61	188	0.4022
FBgn0036161	FBpp0075906	322	0.2609	22	84	0.3327
FBgn0036162	FBpp0075907	470	0.4362	27	205	0.3736
FBgn0036160	FBpp0075908	378	0.3968	52	150	0.3605
FBgn0036158	FBpp0289502	234	0.0940	5	22	0.2432
FBgn0036155	FBpp0075911	428	0.7360	51	315	0.4537
FBgn0036154	FBpp0075912	342	0.3246	29	111	0.3445
FBgn0036152	FBpp0305581	569	0.6116	100	348	0.4384
FBgn0036150	FBpp0075915	704	0.2188	43	154	0.3196
FBgn0061469	FBpp0075916	973	0.4430	80	431	0.3862
FBgn0036147	FBpp0075917	721	0.3093	40	223	0.3601
FBgn0036108	FBpp0075921	134	0.5448	29	73	0.3818
FBgn0036109	FBpp0075922	134	0.5448	29	73	0.3820
FBgn0036110	FBpp0075923	122	0.4590	28	56	0.3802
FBgn0036112	FBpp0075924	153	0.0392	5	6	0.2708
FBgn0029172	FBpp0075926	355	0.2535	17	90	0.3214
FBgn0052079	FBpp0289425	457	0.1597	17	73	0.2541
FBgn0052081	FBpp0075928	471	0.0849	25	40	0.2316
FBgn0036116	FBpp0075931	465	0.2000	42	93	0.2610
FBgn0036118	FBpp0075932	159	0.6981	92	111	0.4332
FBgn0025355	FBpp0075933	962	0.7713	257	742	0.4901
FBgn0036124	FBpp0075937	1174	0.5852	187	687	0.4428
FBgn0036131	FBpp0075939	137	0.8540	117	117	0.5541
FBgn0036133	FBpp0075940	496	0.1673	30	83	0.2919
FBgn0036135	FBpp0075941	294	0.6122	77	180	0.4272
FBgn0014368	FBpp0075943	130	0.8231	107	107	0.5434
FBgn0036138	FBpp0292009	114	0.6842	75	78	0.5073
FBgn0052082	FBpp0075945	1076	0.7658	193	824	0.4951
FBgn0052076	FBpp0075946	449	0.1069	20	48	0.2666
FBgn0036141	FBpp0075947	594	0.2694	49	160	0.3099
FBgn0036139	FBpp0075950	235	0.7404	71	174	0.4557
FBgn0052074	FBpp0075951	110	0.6727	74	74	0.5233
FBgn0036136	FBpp0075952	316	0.4082	23	129	0.3796
FBgn0036134	FBpp0304898	760	0.7053	79	536	0.4668
FBgn0003462	FBpp0075958	153	0.2484	10	38	0.3179
FBgn0052073	FBpp0075959	109	0.7615	83	83	0.4369
FBgn0052071	FBpp0075960	150	0.8333	120	125	0.6169
FBgn0036128	FBpp0112074	269	0.1152	27	31	0.2843
FBgn0036126	FBpp0075963	113	0.9469	75	107	0.5734
FBgn0020412	FBpp0075965	1207	0.6222	104	751	0.4436
FBgn0010741	FBpp0075967	143	0.7622	55	109	0.4547
FBgn0036121	FBpp0075968	193	0.3886	21	75	0.3707
FBgn0052075	FBpp0075969	541	0.5046	73	273	0.4053
FBgn0052069	FBpp0075970	80	0.0875	2	7	0.2675
FBgn0036117	FBpp0075971	418	0.3014	42	126	0.3624
FBgn0013469	FBpp0303113	818	0.7115	140	582	0.4734
FBgn0036111	FBpp0075979	177	0.7006	42	124	0.4362
FBgn0001179	FBpp0075982	798	0.5075	43	405	0.4070
FBgn0036090	FBpp0075984	131	0.3359	25	44	0.3559
FBgn0036091	FBpp0075985	63	0.0317	2	2	0.2543
FBgn0036093	FBpp0075986	249	0.8353	129	208	0.5758
FBgn0036094	FBpp0075988	237	0.8776	177	208	0.5103
FBgn0036096	FBpp0075989	407	0.4545	30	185	0.3888
FBgn0052068	FBpp0112333	186	0.6344	37	118	0.4225
FBgn0010762	FBpp0303964	937	0.6990	126	655	0.4818
FBgn0036099	FBpp0075994	233	0.5880	49	137	0.4352
FBgn0036102	FBpp0075995	250	0.1440	26	36	0.3078
FBgn0026160	FBpp0423259	1186	0.6172	121	732	0.4487
FBgn0036105	FBpp0075998	169	0.4911	43	83	0.4089
FBgn0036107	FBpp0075999	156	0.6026	48	94	0.4148
FBgn0027615	FBpp0076000	441	0.3583	31	158	0.3588
FBgn0036106	FBpp0076002	360	0.8583	170	309	0.5249
FBgn0036104	FBpp0076003	791	0.6233	146	493	0.4339
FBgn0047038	FBpp0076005	124	0.4032	23	50	0.3857
FBgn0052066	FBpp0076006	324	0.4352	29	141	0.3805
FBgn0000629	FBpp0306192	765	0.5673	63	434	0.4284
FBgn0036089	FBpp0076009	196	0.3061	60	60	0.2685
FBgn0036082	FBpp0076010	511	0.5793	60	296	0.4100
FBgn0052061	FBpp0076014	214	0.2804	42	60	0.3354
FBgn0045770	FBpp0076015	535	0.2150	22	115	0.3320
FBgn0052064	FBpp0076017	524	0.2882	34	151	0.3400
FBgn0052062	FBpp0293630	962	0.4168	61	401	0.3837
FBgn0036085	FBpp0076020	166	0.5964	36	99	0.4216
FBgn0011802	FBpp0076021	1028	0.6858	265	705	0.4622
FBgn0052058	FBpp0076022	573	0.3438	48	197	0.3437
FBgn0036083	FBpp0076023	574	0.2003	20	115	0.3245
FBgn0036070	FBpp0076024	247	0.2591	28	64	0.3361
FBgn0036075	FBpp0290445	300	0.7900	62	237	0.4581
FBgn0036080	FBpp0076026	391	0.1023	32	40	0.2471
FBgn0011569	FBpp0076028	942	0.5191	75	489	0.4131
FBgn0052055	FBpp0076033	534	0.4382	33	234	0.3768
FBgn0000451	FBpp0308931	589	0.5382	70	317	0.4304
FBgn0052057	FBpp0076037	408	0.4583	43	187	0.3867
FBgn0036072	FBpp0076040	277	0.4296	23	119	0.3714
FBgn0052054	FBpp0076043	563	0.3464	124	195	0.3332
FBgn0052053	FBpp0076044	496	0.2379	37	118	0.2928
FBgn0036066	FBpp0076045	483	0.1387	38	67	0.2453
FBgn0036043	FBpp0076048	1268	0.4716	132	598	0.3784
FBgn0044051	FBpp0076057	154	0.2792	31	43	0.3408
FBgn0036046	FBpp0076058	137	0.4745	23	65	0.3903
FBgn0044328	FBpp0305041	509	0.4244	25	216	0.3727
FBgn0027567	FBpp0076069	919	0.8205	190	754	0.5261
FBgn0025866	FBpp0076072	925	0.4930	55	456	0.4032
FBgn0036059	FBpp0112072	377	0.8594	80	324	0.4872
FBgn0026404	FBpp0076076	450	0.5133	40	231	0.4206
FBgn0040823	FBpp0311219	396	0.4242	51	168	0.3743
FBgn0036063	FBpp0076083	233	0.8240	57	192	0.4851
FBgn0036062	FBpp0076084	213	0.7512	65	160	0.4652
FBgn0036058	FBpp0076085	266	0.4511	25	120	0.3560
FBgn0036057	FBpp0076088	186	0.2903	38	54	0.3536
FBgn0036056	FBpp0076089	117	0.3419	22	40	0.3607
FBgn0011836	FBpp0076090	1221	0.4742	151	579	0.4056
FBgn0036053	FBpp0076092	887	0.3123	42	277	0.3597
FBgn0036052	FBpp0076095	358	0.6816	61	244	0.4376
FBgn0004390	FBpp0303201	1181	0.6317	92	746	0.4381
FBgn0015618	FBpp0076098	454	0.5485	100	249	0.4493
FBgn0028429	FBpp0111848	310	0.7774	127	241	0.4897
FBgn0044048	FBpp0422627	108	0.2500	13	27	0.3089
FBgn0044049	FBpp0076101	134	0.5448	72	73	0.4004
FBgn0044050	FBpp0076102	120	0.3167	10	38	0.3517
FBgn0036044	FBpp0302749	730	0.7055	192	515	0.4856
FBgn0036009	FBpp0076104	407	0.1941	26	79	0.2920
FBgn0036014	FBpp0076108	379	0.7652	93	290	0.4629
FBgn0036016	FBpp0076109	288	0.6667	55	192	0.4416
FBgn0036018	FBpp0076112	918	0.7102	79	652	0.4601
FBgn0036020	FBpp0076113	383	0.5326	77	204	0.4103
FBgn0036022	FBpp0076116	259	0.2394	25	62	0.3348
FBgn0036023	FBpp0076117	268	0.2724	22	73	0.3303
FBgn0036024	FBpp0076118	264	0.2614	20	69	0.3306
FBgn0036028	FBpp0076121	300	0.3633	39	109	0.3787
FBgn0036029	FBpp0076123	271	0.7011	55	190	0.4439
FBgn0015321	FBpp0076124	199	0.4925	27	98	0.3783
FBgn0036032	FBpp0303131	1497	0.7502	127	1123	0.4952
FBgn0045823	FBpp0303130	262	0.6450	117	169	0.4907
FBgn0036036	FBpp0076131	347	0.5187	81	180	0.4100
FBgn0036038	FBpp0076132	1001	0.3207	55	321	0.3650
FBgn0019644	FBpp0076134	243	0.4938	55	120	0.3782
FBgn0036040	FBpp0076139	552	0.1504	25	83	0.3355
FBgn0036035	FBpp0076141	374	0.8984	104	336	0.5404
FBgn0040475	FBpp0076142	565	0.5575	46	315	0.4053
FBgn0036031	FBpp0076143	889	0.5939	128	528	0.4330
FBgn0036030	FBpp0076145	388	0.3376	31	131	0.3532
FBgn0016081	FBpp0297352	3544	0.4258	80	1509	0.3908
FBgn0036019	FBpp0076149	421	0.1853	13	78	0.2961
FBgn0036015	FBpp0076150	252	0.2460	25	62	0.3357
FBgn0036010	FBpp0307896	584	0.3134	28	183	0.3435
FBgn0010408	FBpp0076152	195	0.5692	34	111	0.4205
FBgn0036008	FBpp0076155	331	0.5619	31	186	0.4121
FBgn0036007	FBpp0076156	471	0.2442	35	115	0.2759
FBgn0035969	FBpp0076158	629	0.2003	52	126	0.2802
FBgn0035971	FBpp0076159	315	0.2095	25	66	0.3090
FBgn0035975	FBpp0076164	368	0.4891	62	180	0.4047
FBgn0035977	FBpp0076167	369	0.4336	50	160	0.3697
FBgn0052040	FBpp0076168	313	0.5431	52	170	0.4131
FBgn0052039	FBpp0076169	82	0.8659	71	71	0.6124
FBgn0035980	FBpp0076172	254	0.7126	78	181	0.4405
FBgn0035982	FBpp0076180	200	0.6650	46	133	0.4276
FBgn0001224	FBpp0076181	186	0.5591	28	104	0.4091
FBgn0035985	FBpp0076183	260	0.6731	38	175	0.4415
FBgn0023129	FBpp0076185	270	0.3815	35	103	0.3705
FBgn0015296	FBpp0076186	409	0.4988	87	204	0.4134
FBgn0040305	FBpp0112234	1006	0.6441	114	648	0.4473
FBgn0035995	FBpp0076189	543	0.5378	41	292	0.4038
FBgn0035999	FBpp0076191	408	0.4436	54	181	0.3940
FBgn0036004	FBpp0076196	2351	0.7222	201	1698	0.4818
FBgn0052037	FBpp0076197	252	0.6270	24	158	0.4157
FBgn0052036	FBpp0113017	173	0.3584	28	62	0.3699
FBgn0036005	FBpp0076199	314	0.5032	70	158	0.4090
FBgn0011327	FBpp0076200	324	0.4938	58	160	0.4103
FBgn0036000	FBpp0076201	418	0.5024	32	210	0.3862
FBgn0035998	FBpp0290254	349	0.4441	40	155	0.3759
FBgn0035997	FBpp0076203	669	0.6129	119	410	0.4331
FBgn0035996	FBpp0076204	235	0.5277	41	124	0.4188
FBgn0005533	FBpp0076207	131	0.5725	24	75	0.4391
FBgn0035989	FBpp0076209	461	0.7072	106	326	0.4593
FBgn0035988	FBpp0076213	349	0.6934	118	242	0.4867
FBgn0035986	FBpp0076214	531	0.7646	113	406	0.4913
FBgn0015218	FBpp0076218	259	0.7336	67	190	0.4423
FBgn0035983	FBpp0076222	617	0.5527	71	341	0.3933
FBgn0001227	FBpp0076223	445	0.6315	85	281	0.4405
FBgn0001225	FBpp0076224	208	0.5913	26	123	0.4164
FBgn0001229	FBpp0076225	199	0.5075	27	101	0.3822
FBgn0011769	FBpp0076226	172	0.5698	37	98	0.3981
FBgn0004379	FBpp0076227	814	0.6892	136	561	0.4418
FBgn0035970	FBpp0076230	435	0.3517	33	153	0.3529
FBgn0035968	FBpp0076231	599	0.2371	82	142	0.2951
FBgn0035993	FBpp0076232	399	0.6416	98	256	0.4434
FBgn0035936	FBpp0076233	267	0.2135	25	57	0.2560
FBgn0040321	FBpp0076237	490	0.5510	35	270	0.3957
FBgn0011787	FBpp0076238	182	0.4780	23	87	0.4039
FBgn0035941	FBpp0076239	415	0.1952	17	81	0.3428
FBgn0035944	FBpp0290362	223	0.3184	24	71	0.3024
FBgn0035947	FBpp0076244	604	0.5911	50	357	0.4212
FBgn0035949	FBpp0076245	126	0.5000	29	63	0.3637
FBgn0035951	FBpp0076246	409	0.4548	52	186	0.3750
FBgn0035953	FBpp0076247	1078	0.3915	45	422	0.3715
FBgn0035954	FBpp0076248	424	0.5967	77	253	0.4332
FBgn0028789	FBpp0076249	391	0.6317	73	247	0.4392
FBgn0035957	FBpp0076250	388	0.3557	53	138	0.3836
FBgn0035960	FBpp0076251	351	0.3248	34	114	0.3487
FBgn0023479	FBpp0311236	2792	0.6203	342	1732	0.4384
FBgn0043806	FBpp0076256	286	0.4720	86	135	0.3856
FBgn0040827	FBpp0076257	69	0.7101	49	49	0.4820
FBgn0004244	FBpp0305970	608	0.3289	35	200	0.3484
FBgn0035965	FBpp0076264	250	0.7400	148	185	0.4594
FBgn0011206	FBpp0304242	233	0.5021	51	117	0.4102
FBgn0035959	FBpp0076269	450	0.2356	23	106	0.3389
FBgn0000116	FBpp0076270	562	0.5996	132	337	0.4244
FBgn0035955	FBpp0076275	302	0.6954	60	210	0.4462
FBgn0016070	FBpp0288542	1109	0.6330	96	702	0.4485
FBgn0035952	FBpp0076279	250	0.8240	164	206	0.4860
FBgn0035948	FBpp0076283	459	0.3573	28	164	0.3611
FBgn0035943	FBpp0076286	476	0.2605	36	124	0.3562
FBgn0035942	FBpp0076287	994	0.4115	61	409	0.3812
FBgn0052029	FBpp0076294	270	0.8407	160	227	0.5105
FBgn0035922	FBpp0076295	339	0.2979	26	101	0.3534
FBgn0035923	FBpp0076297	1211	0.4806	102	582	0.4110
FBgn0000357	FBpp0076298	172	0.1977	24	34	0.3202
FBgn0000358	FBpp0076300	173	0.5491	24	95	0.3882
FBgn0000356	FBpp0076301	138	0.1812	9	25	0.3050
FBgn0035924	FBpp0076303	267	0.7416	73	198	0.4839
FBgn0052024	FBpp0076307	209	0.4928	34	103	0.3990
FBgn0035932	FBpp0292324	233	0.1888	12	44	0.3263
FBgn0035933	FBpp0076309	229	0.5022	39	115	0.3761
FBgn0052026	FBpp0076311	719	0.6189	260	445	0.4618
FBgn0020633	FBpp0076312	720	0.4278	50	308	0.3823
FBgn0035934	FBpp0304207	1232	0.3490	44	430	0.3491
FBgn0035931	FBpp0076314	342	0.3977	36	136	0.3812
FBgn0035929	FBpp0076316	153	0.3399	25	52	0.3494
FBgn0035928	FBpp0076317	401	0.3067	25	123	0.3617
FBgn0035926	FBpp0076318	82	0.3780	21	31	0.3723
FBgn0040828	FBpp0076319	94	0.0213	1	2	0.2617
FBgn0003149	FBpp0076321	879	0.9147	120	804	0.4903
FBgn0052022	FBpp0076324	178	0.3596	63	64	0.3359
FBgn0011509	FBpp0076325	244	0.4098	45	100	0.3676
FBgn0000121	FBpp0076326	401	0.5461	58	219	0.4107
FBgn0035921	FBpp0271856	323	0.7152	65	231	0.4733
FBgn0035875	FBpp0076328	162	0.5494	25	89	0.3886
FBgn0035876	FBpp0076329	281	0.2349	17	66	0.3376
FBgn0011762	FBpp0076330	438	0.4132	25	181	0.3789
FBgn0035877	FBpp0076331	438	0.3265	26	143	0.3584
FBgn0001253	FBpp0076333	1616	0.7358	299	1189	0.4863
FBgn0035886	FBpp0076335	260	0.1038	13	27	0.2933
FBgn0035888	FBpp0298367	701	0.4365	36	306	0.3849
FBgn0035890	FBpp0076337	582	0.3540	36	206	0.3700
FBgn0010431	FBpp0076340	217	0.7143	155	155	0.4979
FBgn0020224	FBpp0076342	878	0.5558	52	488	0.4211
FBgn0010825	FBpp0305263	2007	0.7195	141	1444	0.4759
FBgn0035901	FBpp0076346	734	0.6253	71	459	0.4536
FBgn0035903	FBpp0076347	681	0.6300	74	429	0.4582
FBgn0035904	FBpp0076348	241	0.4315	21	104	0.3910
FBgn0024236	FBpp0076350	706	0.3654	83	258	0.3332
FBgn0035909	FBpp0290843	512	0.4805	75	246	0.4096
FBgn0260442	FBpp0293740	2836	0.5575	155	1581	0.4137
FBgn0035914	FBpp0303198	479	0.2923	26	140	0.3266
FBgn0035915	FBpp0076362	555	0.2090	19	116	0.3402
FBgn0052351	FBpp0076363	552	0.3025	28	167	0.3536
FBgn0035918	FBpp0076371	662	0.6571	139	435	0.4819
FBgn0035916	FBpp0076372	403	0.3201	16	129	0.3509
FBgn0017429	FBpp0076373	436	0.4679	60	204	0.4035
FBgn0017430	FBpp0076374	280	0.8607	110	241	0.5094
FBgn0035911	FBpp0076375	420	0.2500	21	105	0.3466
FBgn0035907	FBpp0076376	254	0.4370	26	111	0.3746
FBgn0035906	FBpp0076378	251	0.4661	31	117	0.3946
FBgn0035902	FBpp0076379	197	0.5990	45	118	0.4290
FBgn0035900	FBpp0076380	597	0.6499	119	388	0.4432
FBgn0035896	FBpp0076383	180	0.3444	14	62	0.3729
FBgn0052354	FBpp0076385	662	0.6239	43	413	0.4191
FBgn0035889	FBpp0076387	659	0.4613	45	304	0.3858
FBgn0035887	FBpp0076389	262	0.1527	25	40	0.3066
FBgn0001248	FBpp0305272	479	0.3612	28	173	0.3648
FBgn0035878	FBpp0076400	513	0.3548	42	182	0.3669
FBgn0053057	FBpp0076401	212	0.3726	22	79	0.3797
FBgn0028379	FBpp0076406	218	0.4220	27	92	0.3857
FBgn0027549	FBpp0076407	702	0.5299	65	372	0.4211
FBgn0026252	FBpp0076408	1049	0.3642	36	382	0.3674
FBgn0035838	FBpp0076410	534	0.5187	47	277	0.4011
FBgn0010350	FBpp0076411	447	0.2685	74	120	0.3016
FBgn0002899	FBpp0076412	1051	0.3701	45	389	0.3756
FBgn0035848	FBpp0076413	441	0.5510	74	243	0.4135
FBgn0035850	FBpp0302863	447	0.2573	25	115	0.3576
FBgn0035851	FBpp0076417	993	0.3353	50	333	0.3542
FBgn0035854	FBpp0076418	368	0.3995	31	147	0.3648
FBgn0035856	FBpp0076420	119	0.0000	0	0	0.2024
FBgn0035857	FBpp0076421	503	0.7177	205	361	0.4625
FBgn0040832	FBpp0076422	82	0.0000	0	0	0.2368
FBgn0035859	FBpp0076423	128	0.0000	0	0	0.2209
FBgn0015793	FBpp0076428	219	0.5571	48	122	0.4131
FBgn0035867	FBpp0076429	698	0.3825	93	267	0.3788
FBgn0035873	FBpp0076431	266	0.5414	80	144	0.4215
FBgn0035872	FBpp0076433	652	0.7592	142	495	0.5107
FBgn0035871	FBpp0076434	245	0.1551	20	38	0.2809
FBgn0035870	FBpp0289508	527	0.2922	34	154	0.3349
FBgn0035868	FBpp0076437	346	0.3613	39	125	0.3794
FBgn0035866	FBpp0076438	179	0.3073	15	55	0.3596
FBgn0035865	FBpp0076439	345	0.3942	54	136	0.3910
FBgn0027569	FBpp0076440	601	0.6339	59	381	0.4325
FBgn0035861	FBpp0076441	449	0.4209	83	189	0.3937
FBgn0035858	FBpp0076442	137	0.0000	0	0	0.1948
FBgn0052364	FBpp0076443	230	0.5609	31	129	0.4262
FBgn0035855	FBpp0076444	389	0.7249	87	282	0.4480
FBgn0035853	FBpp0076445	181	0.5635	49	102	0.4268
FBgn0035852	FBpp0076446	449	0.6615	72	297	0.4424
FBgn0035849	FBpp0076448	496	0.4173	61	207	0.3973
FBgn0035847	FBpp0076449	491	0.1385	22	68	0.2947
FBgn0020392	FBpp0076451	472	0.4470	39	211	0.3960
FBgn0040290	FBpp0076452	1579	0.5725	112	904	0.4303
FBgn0035845	FBpp0303120	355	0.7155	185	254	0.5422
FBgn0035844	FBpp0076455	883	0.7814	220	690	0.5156
FBgn0035842	FBpp0271875	1676	0.6826	235	1144	0.4617
FBgn0029113	FBpp0076457	700	0.5014	64	351	0.4133
FBgn0042112	FBpp0076458	128	0.3906	35	50	0.4019
FBgn0035839	FBpp0076459	240	0.4875	34	117	0.3724
FBgn0035833	FBpp0076461	1069	0.5650	95	604	0.4090
FBgn0026263	FBpp0076462	419	0.7566	101	317	0.4636
FBgn0052365	FBpp0076463	628	0.8933	102	561	0.5278
FBgn0035823	FBpp0076464	232	0.4871	47	113	0.3973
FBgn0035824	FBpp0076465	348	0.7874	59	274	0.4677
FBgn0035827	FBpp0076467	77	0.4675	25	36	0.3870
FBgn0041156	FBpp0076468	525	0.7143	120	375	0.4756
FBgn0035830	FBpp0076470	331	0.7341	174	243	0.4868
FBgn0011817	FBpp0423155	439	0.3531	32	155	0.3559
FBgn0035831	FBpp0076478	206	0.5583	44	115	0.4223
FBgn0035829	FBpp0076479	106	0.9906	73	105	0.5272
FBgn0027554	FBpp0076481	656	0.6296	118	413	0.4648
FBgn0024187	FBpp0076483	1227	0.6308	138	774	0.4362
FBgn0035825	FBpp0076485	376	0.2553	45	96	0.3166
FBgn0003041	FBpp0076487	1311	0.6140	86	805	0.4378
FBgn0016694	FBpp0076495	647	0.7218	135	467	0.4909
FBgn0052369	FBpp0076498	1066	0.4775	58	509	0.3938
FBgn0052371	FBpp0076502	294	0.7313	124	215	0.4893
FBgn0035789	FBpp0076503	480	0.2687	30	129	0.3180
FBgn0035790	FBpp0304450	484	0.4442	65	215	0.3815
FBgn0035793	FBpp0288465	1346	0.5854	74	788	0.4266
FBgn0028582	FBpp0089151	831	0.6655	58	553	0.4433
FBgn0035798	FBpp0290439	1618	0.5921	125	958	0.4201
FBgn0035799	FBpp0076513	1132	0.5866	95	664	0.4253
FBgn0052373	FBpp0076517	486	0.4733	33	230	0.3954
FBgn0035806	FBpp0076519	186	0.4516	16	84	0.3697
FBgn0035811	FBpp0076520	419	0.4010	52	168	0.3648
FBgn0035816	FBpp0312405	336	0.7619	95	256	0.4670
FBgn0035817	FBpp0076522	154	0.5519	17	85	0.4002
FBgn0035815	FBpp0290423	556	0.3939	39	219	0.3567
FBgn0035813	FBpp0297621	1360	0.6772	430	921	0.4738
FBgn0035812	FBpp0076526	1405	0.5089	111	715	0.4171
FBgn0035807	FBpp0076532	573	0.4695	41	269	0.3953
FBgn0035805	FBpp0076533	236	0.4110	46	97	0.3905
FBgn0053276	FBpp0113022	101	0.1881	12	19	0.3441
FBgn0035800	FBpp0076535	728	0.4698	67	342	0.4043
FBgn0035797	FBpp0288662	760	0.8553	269	650	0.5135
FBgn0052376	FBpp0076538	291	0.5670	40	165	0.3994
FBgn0052374	FBpp0076539	299	0.5017	34	150	0.3841
FBgn0035795	FBpp0076540	258	0.2054	23	53	0.3257
FBgn0035792	FBpp0076541	197	0.5990	39	118	0.3921
FBgn0035791	FBpp0076542	385	0.3818	31	147	0.3659
FBgn0015033	FBpp0428229	505	0.3802	39	192	0.3639
FBgn0035750	FBpp0076544	219	0.3744	26	82	0.3474
FBgn0024542	FBpp0076546	371	0.5256	34	195	0.4009
FBgn0016036	FBpp0076547	331	0.7190	77	238	0.4746
FBgn0035760	FBpp0076548	275	0.2000	21	55	0.3264
FBgn0035762	FBpp0076549	724	0.3508	42	254	0.3758
FBgn0002909	FBpp0310825	1149	0.7433	96	854	0.4673
FBgn0019662	FBpp0076557	338	0.5266	41	178	0.4107
FBgn0035771	FBpp0076558	753	0.5896	74	444	0.4236
FBgn0082598	FBpp0076559	201	0.9005	133	181	0.5185
FBgn0016983	FBpp0089153	944	0.5667	152	535	0.4252
FBgn0035777	FBpp0076562	440	0.4273	39	188	0.3827
FBgn0052379	FBpp0271927	344	0.3198	36	110	0.3729
FBgn0035779	FBpp0076564	424	0.3302	29	140	0.3538
FBgn0035780	FBpp0076565	427	0.4052	52	173	0.3708
FBgn0053278	FBpp0076567	398	0.8643	87	344	0.5072
FBgn0035785	FBpp0305020	597	0.4791	46	286	0.3962
FBgn0035786	FBpp0305021	238	0.2437	25	58	0.2838
FBgn0035788	FBpp0076572	275	0.2327	28	64	0.3235
FBgn0035787	FBpp0076573	219	0.2009	41	44	0.2850
FBgn0052382	FBpp0289591	253	0.2411	19	61	0.3280
FBgn0052383	FBpp0289592	253	0.2925	15	74	0.3445
FBgn0035782	FBpp0076576	152	0.6382	72	97	0.4772
FBgn0014011	FBpp0076577	192	0.2240	20	43	0.3416
FBgn0035781	FBpp0076578	418	0.3971	36	166	0.3683
FBgn0035776	FBpp0308494	520	0.6173	89	321	0.4429
FBgn0052380	FBpp0076580	600	0.2933	46	176	0.3483
FBgn0035772	FBpp0291704	485	0.9031	375	438	0.5940
FBgn0035770	FBpp0271907	707	0.3380	50	239	0.3527
FBgn0035769	FBpp0076588	818	0.7934	99	649	0.4759
FBgn0015298	FBpp0076589	160	0.8875	51	142	0.5058
FBgn0035768	FBpp0076590	407	0.7862	98	320	0.4983
FBgn0035767	FBpp0076591	546	0.2564	58	140	0.3080
FBgn0035763	FBpp0076594	478	0.1925	33	92	0.2678
FBgn0035761	FBpp0076595	647	0.6522	137	422	0.4375
FBgn0035756	FBpp0288440	1371	0.4982	132	683	0.4082
FBgn0035755	FBpp0076598	323	0.7307	108	236	0.4435
FBgn0035754	FBpp0076599	258	0.5814	44	150	0.4261
FBgn0012058	FBpp0076600	900	0.5389	134	485	0.4187
FBgn0028648	FBpp0076601	189	0.5979	49	113	0.4021
FBgn0035753	FBpp0076602	188	0.6702	51	126	0.4401
FBgn0035751	FBpp0271911	219	0.1963	24	43	0.3073
FBgn0035718	FBpp0076604	416	0.4231	54	176	0.3808
FBgn0035719	FBpp0305291	451	0.8160	70	368	0.4968
FBgn0035721	FBpp0076606	218	0.7661	57	167	0.4615
FBgn0029117	FBpp0076607	300	0.4567	45	137	0.3934
FBgn0035726	FBpp0076608	508	0.2953	52	150	0.3506
FBgn0035734	FBpp0076614	263	0.5475	57	144	0.4060
FBgn0035737	FBpp0076618	127	0.4724	28	60	0.3955
FBgn0035741	FBpp0076621	605	0.2694	33	163	0.3449
FBgn0035743	FBpp0076622	82	0.7683	29	63	0.4678
FBgn0010387	FBpp0076625	86	0.6047	26	52	0.4228
FBgn0023001	FBpp0291254	994	0.5594	65	556	0.4179
FBgn0040837	FBpp0271910	187	0.8877	130	166	0.5429
FBgn0035742	FBpp0076634	84	0.3929	21	33	0.3880
FBgn0002775	FBpp0076635	512	0.5938	55	304	0.4310
FBgn0035736	FBpp0076637	179	0.6816	77	122	0.4208
FBgn0035735	FBpp0076638	127	0.4252	40	54	0.3649
FBgn0052391	FBpp0352255	244	0.0287	5	7	0.1616
FBgn0035733	FBpp0076640	434	0.5553	70	241	0.4212
FBgn0035730	FBpp0076641	238	0.5000	31	119	0.3987
FBgn0001104	FBpp0076643	355	0.4845	33	172	0.3868
FBgn0035727	FBpp0076644	212	0.6604	49	140	0.4385
FBgn0035725	FBpp0076645	181	0.5967	44	108	0.4502
FBgn0035724	FBpp0076646	742	0.2372	46	176	0.3519
FBgn0035722	FBpp0076648	259	0.3436	24	89	0.3739
FBgn0035720	FBpp0076649	818	0.6002	124	491	0.4285
FBgn0035711	FBpp0076651	207	0.4879	39	101	0.4051
FBgn0035714	FBpp0076652	252	0.7540	55	190	0.4474
FBgn0041194	FBpp0076654	547	0.2578	20	141	0.3449
FBgn0052392	FBpp0076657	659	0.7269	85	479	0.4770
FBgn0035715	FBpp0076658	417	0.6019	78	251	0.4320
FBgn0035713	FBpp0076659	1833	0.6699	206	1228	0.4686
FBgn0005626	FBpp0076666	579	0.5699	79	330	0.4175
FBgn0035710	FBpp0076667	741	0.3590	42	266	0.3302
FBgn0041232	FBpp0289303	371	0.1375	13	51	0.2816
FBgn0035709	FBpp0076672	229	0.4978	37	114	0.3948
FBgn0035703	FBpp0292155	642	0.3364	38	216	0.3565
FBgn0020251	FBpp0428487	1129	0.4083	36	461	0.3808
FBgn0052396	FBpp0076678	462	0.3463	29	160	0.3713
FBgn0042185	FBpp0300166	457	0.6455	120	295	0.4541
FBgn0035708	FBpp0423135	582	0.5945	51	346	0.4314
FBgn0004619	FBpp0076691	991	0.4117	62	408	0.3768
FBgn0024177	FBpp0076692	367	0.1362	14	50	0.2895
FBgn0002926	FBpp0076693	2616	0.6277	165	1642	0.4349
FBgn0035704	FBpp0076695	1229	0.3426	60	421	0.3610
FBgn0035702	FBpp0076696	448	0.6652	39	298	0.4344
FBgn0020641	FBpp0076699	108	0.3796	20	41	0.3454
FBgn0020642	FBpp0076700	109	0.4679	32	51	0.3643
FBgn0020643	FBpp0076701	104	0.4423	32	46	0.3615
FBgn0020644	FBpp0076702	104	0.4423	32	46	0.3615
FBgn0020645	FBpp0076703	102	0.3529	24	36	0.3289
FBgn0035686	FBpp0076704	239	0.5941	74	142	0.4377
FBgn0035687	FBpp0076705	465	0.4774	75	222	0.4128
FBgn0035689	FBpp0076706	1270	0.5331	71	677	0.4078
FBgn0035691	FBpp0076707	662	0.6480	98	429	0.4375
FBgn0024921	FBpp0076708	893	0.2844	29	254	0.3475
FBgn0035693	FBpp0076711	853	0.2263	37	193	0.3353
FBgn0041625	FBpp0076712	417	0.1727	18	72	0.2980
FBgn0035699	FBpp0076715	388	0.5206	46	202	0.4120
FBgn0001258	FBpp0076716	332	0.3102	21	103	0.3427
FBgn0035697	FBpp0076717	378	0.2989	26	113	0.3451
FBgn0035696	FBpp0076718	809	0.5229	162	423	0.4019
FBgn0004513	FBpp0076719	1302	0.3041	77	396	0.3366
FBgn0035695	FBpp0076720	1320	0.3326	58	439	0.3435
FBgn0035694	FBpp0076721	112	0.5893	62	66	0.4413
FBgn0002526	FBpp0076722	3712	0.4898	108	1818	0.4013
FBgn0035692	FBpp0076723	121	0.4959	29	60	0.4176
FBgn0022935	FBpp0076724	845	0.6331	96	535	0.4411
FBgn0022699	FBpp0076725	774	0.6357	68	492	0.4471
FBgn0035690	FBpp0112062	863	0.6118	112	528	0.4351
FBgn0035688	FBpp0304176	996	0.5753	89	573	0.4285
FBgn0035685	FBpp0076728	145	0.4552	27	66	0.3797
FBgn0020765	FBpp0076729	105	0.5810	43	61	0.3804
FBgn0042118	FBpp0076730	102	0.3235	26	33	0.3377
FBgn0052404	FBpp0076731	117	0.5214	26	61	0.3709
FBgn0052405	FBpp0076732	111	0.4414	27	49	0.3691
FBgn0035641	FBpp0076733	545	0.3890	31	212	0.3797
FBgn0035642	FBpp0290125	545	0.3450	27	188	0.3638
FBgn0035643	FBpp0303119	470	0.7511	67	353	0.4967
FBgn0035645	FBpp0076737	540	0.2556	66	138	0.2948
FBgn0052409	FBpp0076738	349	0.8481	68	296	0.5045
FBgn0035648	FBpp0303953	273	0.3187	41	87	0.3209
FBgn0052407	FBpp0076740	241	0.3900	40	94	0.3761
FBgn0052406	FBpp0076745	474	0.6835	64	324	0.4681
FBgn0040060	FBpp0076746	270	0.3296	25	89	0.3493
FBgn0035663	FBpp0076747	319	0.3072	50	98	0.3391
FBgn0035665	FBpp0076749	274	0.2409	21	66	0.3410
FBgn0035666	FBpp0076750	259	0.2239	16	58	0.3201
FBgn0028980	FBpp0076751	299	0.8528	80	255	0.4842
FBgn0035669	FBpp0076752	438	0.5046	38	221	0.3986
FBgn0035673	FBpp0076755	436	0.4771	50	208	0.3810
FBgn0035675	FBpp0076756	91	0.2527	15	23	0.3452
FBgn0035676	FBpp0076757	866	0.7102	88	615	0.4815
FBgn0035677	FBpp0304371	599	0.3940	25	236	0.3694
FBgn0061492	FBpp0290661	237	0.3249	17	77	0.3358
FBgn0005658	FBpp0312433	728	0.5288	62	385	0.3938
FBgn0020640	FBpp0076764	99	0.4545	37	45	0.3547
FBgn0020639	FBpp0076765	100	0.3200	9	32	0.3236
FBgn0020638	FBpp0076766	105	0.3429	22	36	0.3398
FBgn0020637	FBpp0076767	105	0.3429	22	36	0.3398
FBgn0042119	FBpp0076768	106	0.6509	69	69	0.3957
FBgn0035679	FBpp0076771	364	0.4835	24	176	0.3941
FBgn0035678	FBpp0076772	267	0.3783	28	101	0.3768
FBgn0035674	FBpp0076773	485	0.5979	50	290	0.4158
FBgn0035670	FBpp0076774	290	0.2517	30	73	0.3238
FBgn0035667	FBpp0076775	262	0.1183	9	31	0.3258
FBgn0035661	FBpp0076776	272	0.3640	25	99	0.3628
FBgn0035657	FBpp0076777	442	0.2624	44	116	0.3471
FBgn0035656	FBpp0304351	379	0.8259	156	313	0.4996
FBgn0002638	FBpp0076782	547	0.4826	127	264	0.4261
FBgn0035649	FBpp0076785	671	0.3547	56	238	0.3392
FBgn0035647	FBpp0113136	706	0.3711	81	262	0.3513
FBgn0052413	FBpp0112347	332	0.2922	18	97	0.3325
FBgn0052412	FBpp0076788	340	0.4088	24	139	0.3622
FBgn0035644	FBpp0076789	525	0.3505	27	184	0.3630
FBgn0029121	FBpp0076791	302	0.1391	20	42	0.2631
FBgn0040239	FBpp0076792	79	0.0380	3	3	0.2342
FBgn0035617	FBpp0076793	1929	0.7932	409	1530	0.5344
FBgn0035620	FBpp0076794	517	0.4023	47	208	0.3715
FBgn0035623	FBpp0076796	518	0.2625	35	136	0.3162
FBgn0035625	FBpp0304191	1216	0.7845	103	954	0.4774
FBgn0035626	FBpp0076798	195	0.7487	56	146	0.5007
FBgn0016756	FBpp0076802	1556	0.6009	167	935	0.4291
FBgn0035631	FBpp0076804	287	0.4321	15	124	0.3754
FBgn0035639	FBpp0076818	261	0.3716	44	97	0.4106
FBgn0035640	FBpp0076819	207	0.4928	28	102	0.3956
FBgn0035638	FBpp0076821	421	0.6580	90	277	0.4403
FBgn0035636	FBpp0076823	324	0.5278	41	171	0.4145
FBgn0040298	FBpp0076824	533	0.5610	62	299	0.4149
FBgn0052418	FBpp0076825	264	0.9735	154	257	0.6076
FBgn0035632	FBpp0076826	518	0.3359	38	174	0.3763
FBgn0035630	FBpp0076827	391	0.4910	27	192	0.3804
FBgn0035627	FBpp0076831	634	0.4653	73	295	0.3902
FBgn0035624	FBpp0076832	225	0.9244	106	208	0.5514
FBgn0035622	FBpp0076833	592	0.2804	42	166	0.2999
FBgn0035621	FBpp0076834	312	0.6859	65	214	0.4157
FBgn0035619	FBpp0076835	524	0.4351	30	228	0.3824
FBgn0003486	FBpp0076836	543	0.3904	53	212	0.3763
FBgn0015766	FBpp0076839	625	0.7504	121	469	0.5030
FBgn0029118	FBpp0076840	416	0.3365	25	140	0.3505
FBgn0035612	FBpp0271739	1180	0.6492	303	766	0.4513
FBgn0035611	FBpp0076847	198	0.6970	73	138	0.4241
FBgn0035600	FBpp0076848	307	0.4104	45	126	0.3700
FBgn0035607	FBpp0305790	1224	0.6438	194	788	0.4943
FBgn0035610	FBpp0076853	542	0.3985	35	216	0.3415
FBgn0035608	FBpp0076856	324	0.6049	70	196	0.4355
FBgn0035604	FBpp0076857	859	0.4226	52	363	0.3793
FBgn0035603	FBpp0076858	138	0.5797	49	80	0.4270
FBgn0035601	FBpp0076859	145	0.6828	43	99	0.4285
FBgn0004380	FBpp0076861	677	0.6573	74	445	0.4615
FBgn0016031	FBpp0076862	658	0.5243	54	345	0.3988
FBgn0035594	FBpp0428264	225	0.3111	58	70	0.3804
FBgn0040842	FBpp0076866	63	0.2857	8	18	0.2795
FBgn0035593	FBpp0303184	371	0.3423	23	127	0.3595
FBgn0035591	FBpp0076868	703	0.5149	65	362	0.4137
FBgn0035589	FBpp0076869	212	0.7547	52	160	0.4812
FBgn0035587	FBpp0076870	327	0.4067	32	133	0.3662
FBgn0028962	FBpp0076871	1012	0.3953	36	400	0.3756
FBgn0010747	FBpp0076872	508	0.3031	23	154	0.3539
FBgn0035598	FBpp0076874	611	0.4763	34	291	0.3956
FBgn0035586	FBpp0076880	480	0.4729	78	227	0.3858
FBgn0035588	FBpp0076882	317	0.3754	49	119	0.3688
FBgn0035590	FBpp0076883	224	0.3259	26	73	0.3789
FBgn0035592	FBpp0076884	108	0.3333	30	36	0.3529
FBgn0040843	FBpp0076885	62	0.3548	22	22	0.3000
FBgn0052523	FBpp0076886	262	0.0954	12	25	0.2881
FBgn0031169	FBpp0304585	1695	0.3009	45	510	0.3314
FBgn0020369	FBpp0076890	405	0.4667	49	189	0.3961
FBgn0031174	FBpp0076891	852	0.4155	47	354	0.3725
FBgn0000709	FBpp0076893	1256	0.4952	45	622	0.3988
FBgn0015379	FBpp0076894	166	0.6205	46	103	0.4312
FBgn0011710	FBpp0076897	361	0.5125	77	185	0.4046
FBgn0003423	FBpp0076903	681	0.5374	66	366	0.4140
FBgn0020272	FBpp0076907	574	0.4983	60	286	0.3996
FBgn0031182	FBpp0076908	529	0.3856	31	204	0.3461
FBgn0031181	FBpp0076909	563	0.1332	15	75	0.3012
FBgn0031178	FBpp0076914	183	0.4590	84	84	0.4175
FBgn0031176	FBpp0076915	85	0.6471	46	55	0.4488
FBgn0028583	FBpp0076916	145	0.5931	58	86	0.4638
FBgn0001565	FBpp0076917	560	0.5000	34	280	0.4010
FBgn0015527	FBpp0076918	737	0.5047	83	372	0.4165
FBgn0015558	FBpp0076919	970	0.4928	101	478	0.4026
FBgn0029067	FBpp0076921	243	0.3086	22	75	0.3441
FBgn0031171	FBpp0290160	1655	0.3275	85	542	0.3336
FBgn0031170	FBpp0297618	1714	0.3565	54	611	0.3450
FBgn0052521	FBpp0076928	388	0.4433	66	172	0.3736
FBgn0031168	FBpp0076931	280	0.7964	56	223	0.4972
FBgn0040648	FBpp0076933	96	0.7292	43	70	0.4448
FBgn0031145	FBpp0076934	130	0.2308	10	30	0.3397
FBgn0025814	FBpp0076936	152	0.2368	36	36	0.2616
FBgn0031148	FBpp0076937	522	0.3257	30	170	0.3696
FBgn0031150	FBpp0076939	414	0.2101	46	87	0.3145
FBgn0031161	FBpp0076942	618	0.3981	45	246	0.3842
FBgn0031164	FBpp0076949	185	0.2649	16	49	0.3127
FBgn0031157	FBpp0076952	307	0.4300	75	132	0.4025
FBgn0031155	FBpp0289582	373	0.8928	127	333	0.5122
FBgn0052512	FBpp0076954	436	0.4610	158	201	0.3804
FBgn0031149	FBpp0076956	713	0.1669	23	119	0.2876
FBgn0031146	FBpp0076958	131	0.0534	5	7	0.2231
FBgn0031144	FBpp0309382	512	0.7715	134	395	0.5003
FBgn0031143	FBpp0076960	288	0.3785	26	109	0.3800
FBgn0031142	FBpp0076961	594	0.6347	64	377	0.4361
FBgn0031141	FBpp0076963	260	0.2577	16	67	0.3270
FBgn0011834	FBpp0076964	259	0.1622	23	42	0.3108
FBgn0031139	FBpp0076966	764	0.6780	214	518	0.4498
FBgn0031132	FBpp0076972	407	0.2924	26	119	0.3241
FBgn0031134	FBpp0076978	378	0.5899	56	223	0.4244
FBgn0052507	FBpp0292112	193	0.5855	34	113	0.4277
FBgn0031130	FBpp0076984	115	0.9391	82	108	0.5192
FBgn0031129	FBpp0076985	292	0.7808	81	228	0.5093
FBgn0031101	FBpp0076989	183	0.8251	67	151	0.4832
FBgn0027334	FBpp0076990	240	0.5417	36	130	0.3970
FBgn0031107	FBpp0290558	4912	0.3371	88	1656	0.3632
FBgn0031109	FBpp0297995	146	0.4315	16	63	0.3650
FBgn0031110	FBpp0076994	163	0.6012	23	98	0.4009
FBgn0011280	FBpp0076995	150	0.4933	19	74	0.3694
FBgn0031114	FBpp0309346	720	0.7875	183	567	0.5335
FBgn0002641	FBpp0076998	781	0.4085	42	319	0.3801
FBgn0031116	FBpp0305155	1192	0.4832	62	576	0.3954
FBgn0052506	FBpp0300194	1155	0.5177	100	598	0.4104
FBgn0031117	FBpp0289447	268	0.4291	29	115	0.3822
FBgn0040649	FBpp0077003	58	0.0172	1	1	0.2412
FBgn0031119	FBpp0077004	616	0.2581	31	159	0.3386
FBgn0026323	FBpp0077011	678	0.5796	76	393	0.4286
FBgn0031118	FBpp0309351	2206	0.6564	113	1448	0.4429
FBgn0040650	FBpp0077015	95	0.3053	17	29	0.3474
FBgn0023177	FBpp0077016	307	0.3029	24	93	0.3524
FBgn0031111	FBpp0077018	175	0.4800	29	84	0.3935
FBgn0040651	FBpp0077020	63	0.6349	21	40	0.4130
FBgn0031108	FBpp0077021	302	0.7020	101	212	0.4726
FBgn0031106	FBpp0077022	352	0.5739	48	202	0.4112
FBgn0031104	FBpp0291450	152	0.8158	63	124	0.5027
FBgn0031103	FBpp0077024	190	0.0000	0	0	0.2268
FBgn0031100	FBpp0297617	425	0.2518	21	107	0.3394
FBgn0027107	FBpp0077031	481	0.2453	25	118	0.3133
FBgn0031183	FBpp0077036	373	0.2038	59	76	0.2919
FBgn0014395	FBpp0077037	395	0.6000	65	237	0.4305
FBgn0031187	FBpp0308590	950	0.7516	152	714	0.4771
FBgn0031189	FBpp0077043	319	0.6082	81	194	0.4604
FBgn0027279	FBpp0288801	1846	0.6176	78	1140	0.4349
FBgn0052499	FBpp0077054	486	0.5391	34	262	0.3977
FBgn0031190	FBpp0077057	369	0.5474	82	202	0.3912
FBgn0031188	FBpp0077059	241	0.3942	31	95	0.3618
FBgn0031184	FBpp0077061	304	0.3355	43	102	0.3736
FBgn0031617	FBpp0289583	1136	0.9305	207	1057	0.5046
FBgn0031620	FBpp0077069	919	0.7987	456	734	0.5018
FBgn0031621	FBpp0077070	379	0.4670	59	177	0.3928
FBgn0031628	FBpp0077073	456	0.8421	133	384	0.5516
FBgn0031630	FBpp0077075	325	0.0985	10	32	0.3092
FBgn0031632	FBpp0077076	364	0.3599	39	131	0.3726
FBgn0031636	FBpp0289980	496	0.2258	48	112	0.2730
FBgn0031638	FBpp0077078	489	0.8569	194	419	0.5352
FBgn0031640	FBpp0077079	528	0.4716	53	249	0.3838
FBgn0051660	FBpp0293448	951	0.4648	95	442	0.3903
FBgn0031643	FBpp0077081	603	0.6119	92	369	0.4420
FBgn0031639	FBpp0077099	264	0.3750	33	99	0.3918
FBgn0031635	FBpp0077104	497	0.4547	82	226	0.3841
FBgn0031634	FBpp0304756	947	0.4361	36	413	0.3762
FBgn0031633	FBpp0077106	331	0.5106	23	169	0.4010
FBgn0031631	FBpp0077107	678	0.3510	33	238	0.3689
FBgn0031627	FBpp0077109	450	0.5667	52	255	0.4041
FBgn0031626	FBpp0077110	622	0.7588	94	472	0.4803
FBgn0031622	FBpp0077113	495	0.4323	42	214	0.3818
FBgn0000227	FBpp0077114	363	0.7824	92	284	0.4763
FBgn0028482	FBpp0077115	719	0.4506	38	324	0.3860
FBgn0020762	FBpp0077116	832	0.3209	60	267	0.3500
FBgn0031596	FBpp0077118	215	0.5581	44	120	0.4177
FBgn0026319	FBpp0077119	486	0.5350	86	260	0.4291
FBgn0027560	FBpp0077121	809	0.2719	33	220	0.3469
FBgn0022153	FBpp0077122	1449	0.4306	125	624	0.3745
FBgn0053003	FBpp0288510	604	0.6225	55	376	0.4345
FBgn0031601	FBpp0077125	142	0.2817	18	40	0.3459
FBgn0031603	FBpp0077128	118	0.9068	107	107	0.5373
FBgn0031604	FBpp0077129	552	0.4221	40	233	0.3866
FBgn0040705	FBpp0077130	95	0.5053	25	48	0.4079
FBgn0031608	FBpp0077131	503	0.7058	85	355	0.4487
FBgn0031610	FBpp0077132	346	0.7457	154	258	0.4472
FBgn0031611	FBpp0077133	858	0.5618	79	482	0.4144
FBgn0031613	FBpp0077134	106	0.4623	29	49	0.4326
FBgn0011603	FBpp0077138	943	0.3616	45	341	0.3330
FBgn0031609	FBpp0077140	358	0.2291	18	82	0.3388
FBgn0053002	FBpp0077141	138	0.6159	39	85	0.4437
FBgn0019982	FBpp0077143	231	0.3983	25	92	0.3743
FBgn0031607	FBpp0077144	336	0.4256	45	143	0.3939
FBgn0031606	FBpp0077145	1008	0.5942	87	599	0.4345
FBgn0025684	FBpp0077146	439	0.1663	21	73	0.2713
FBgn0027609	FBpp0077147	491	0.5519	62	271	0.4135
FBgn0031602	FBpp0077148	1026	0.6930	87	711	0.4470
FBgn0031600	FBpp0077149	224	0.2455	34	55	0.2988
FBgn0031598	FBpp0077151	887	0.4859	30	431	0.3985
FBgn0031597	FBpp0077152	618	0.5922	61	366	0.4364
FBgn0000547	FBpp0077154	1332	0.6194	76	825	0.4107
FBgn0020376	FBpp0077155	320	0.3563	24	114	0.3659
FBgn0014033	FBpp0077156	629	0.6455	160	406	0.4545
FBgn0031585	FBpp0077157	565	0.7858	84	444	0.4792
FBgn0040102	FBpp0077158	359	0.7075	73	254	0.4436
FBgn0003941	FBpp0077159	128	0.6797	37	87	0.4561
FBgn0031592	FBpp0077165	355	0.3155	34	112	0.3575
FBgn0031590	FBpp0077166	641	0.3994	54	256	0.3669
FBgn0001075	FBpp0077167	5147	0.4970	87	2558	0.4049
FBgn0031589	FBpp0077168	667	0.4063	110	271	0.3891
FBgn0026394	FBpp0288403	398	0.2111	32	84	0.2851
FBgn0031568	FBpp0428189	1159	0.5427	135	629	0.3957
FBgn0004893	FBpp0077179	744	0.6868	92	511	0.4442
FBgn0051960	FBpp0077183	148	0.6824	31	101	0.4366
FBgn0031571	FBpp0297894	3123	0.5005	174	1563	0.4010
FBgn0021800	FBpp0077187	401	0.8005	114	321	0.4834
FBgn0003430	FBpp0077188	322	0.7547	105	243	0.4534
FBgn0004567	FBpp0077189	451	0.7539	99	340	0.4589
FBgn0031574	FBpp0077190	989	0.6026	80	596	0.4365
FBgn0031579	FBpp0077194	104	0.6442	34	67	0.4636
FBgn0031580	FBpp0077195	107	0.6822	26	73	0.4475
FBgn0051774	FBpp0300449	1447	0.5777	88	836	0.4186
FBgn0051773	FBpp0077198	758	0.6807	236	516	0.4599
FBgn0000256	FBpp0288517	1361	0.6804	233	926	0.4480
FBgn0051957	FBpp0077203	159	0.8553	61	136	0.5048
FBgn0031573	FBpp0077204	714	0.6905	178	493	0.4534
FBgn0031533	FBpp0077205	416	0.3077	22	128	0.3516
FBgn0031534	FBpp0077206	458	0.5480	72	251	0.4107
FBgn0031535	FBpp0111932	253	0.7273	83	184	0.4675
FBgn0021967	FBpp0077209	159	0.6038	24	96	0.4308
FBgn0051776	FBpp0077211	630	0.5413	54	341	0.4021
FBgn0051956	FBpp0113016	644	0.4534	78	292	0.3823
FBgn0031544	FBpp0077214	476	0.5210	86	248	0.4211
FBgn0031546	FBpp0305449	723	0.8838	187	639	0.5059
FBgn0031550	FBpp0077218	405	0.6420	113	260	0.4437
FBgn0024244	FBpp0311097	88	0.7727	45	68	0.4518
FBgn0015663	FBpp0077221	537	0.3371	38	181	0.3488
FBgn0031564	FBpp0289527	84	0.2857	15	24	0.3211
FBgn0031566	FBpp0077226	707	0.4554	46	322	0.3824
FBgn0040104	FBpp0077228	282	0.4149	51	117	0.3834
FBgn0051955	FBpp0077229	153	0.5686	44	87	0.4233
FBgn0015376	FBpp0077230	993	0.6032	135	599	0.4248
FBgn0051777	FBpp0077231	109	0.2569	18	28	0.3224
FBgn0051778	FBpp0077232	102	0.5294	28	54	0.4024
FBgn0031563	FBpp0077233	129	0.7674	53	99	0.4388
FBgn0031562	FBpp0077234	132	0.5833	47	77	0.3999
FBgn0031561	FBpp0077235	82	0.4024	27	33	0.2922
FBgn0031560	FBpp0077236	82	0.2683	16	22	0.3102
FBgn0051779	FBpp0110063	78	0.2564	20	20	0.3128
FBgn0031559	FBpp0077238	88	0.3068	18	27	0.3255
FBgn0031558	FBpp0077239	79	0.6076	44	48	0.3607
FBgn0031554	FBpp0077245	97	0.6701	23	65	0.3822
FBgn0002985	FBpp0077246	392	0.7781	86	305	0.4715
FBgn0004892	FBpp0077247	578	0.4844	51	280	0.3848
FBgn0031549	FBpp0290805	781	0.8284	100	647	0.4789
FBgn0031547	FBpp0077249	406	0.3300	32	134	0.3630
FBgn0031545	FBpp0077250	676	0.7988	168	540	0.4730
FBgn0051954	FBpp0077252	277	0.3466	33	96	0.3630
FBgn0031542	FBpp0077257	320	0.3656	23	117	0.3641
FBgn0031540	FBpp0077258	663	0.4917	61	326	0.3937
FBgn0005616	FBpp0077259	773	0.6805	159	526	0.4512
FBgn0031538	FBpp0077261	445	0.3101	32	138	0.3513
FBgn0014906	FBpp0077265	398	0.2487	23	99	0.3359
FBgn0031512	FBpp0077266	122	0.5410	27	66	0.3781
FBgn0031513	FBpp0290255	538	0.7825	205	421	0.5434
FBgn0031517	FBpp0077268	469	0.1663	64	78	0.2721
FBgn0031520	FBpp0077271	485	0.2103	60	102	0.2591
FBgn0053281	FBpp0077272	467	0.1585	50	74	0.2603
FBgn0053282	FBpp0112370	460	0.1674	55	77	0.2427
FBgn0031522	FBpp0077274	466	0.1223	45	57	0.2569
FBgn0031523	FBpp0077275	466	0.1416	25	66	0.2575
FBgn0031526	FBpp0077276	223	0.8251	140	184	0.5204
FBgn0016698	FBpp0077277	398	0.4271	39	170	0.3866
FBgn0031531	FBpp0077278	138	0.5870	49	81	0.4196
FBgn0051952	FBpp0077279	181	0.1436	13	26	0.3146
FBgn0031529	FBpp0077282	149	0.0738	3	11	0.2790
FBgn0031528	FBpp0304681	486	0.0885	22	43	0.3151
FBgn0031519	FBpp0077290	523	0.6023	145	315	0.4301
FBgn0031516	FBpp0077291	808	0.3800	132	307	0.3502
FBgn0031514	FBpp0077296	797	0.3576	58	285	0.3401
FBgn0051698	FBpp0077299	151	0.3841	18	58	0.3479
FBgn0011648	FBpp0304648	525	0.6362	75	334	0.4371
FBgn0031505	FBpp0077303	116	0.3879	20	45	0.3314
FBgn0031467	FBpp0077304	302	0.5927	58	179	0.4161
FBgn0031468	FBpp0077305	385	0.5610	48	216	0.4206
FBgn0031472	FBpp0307129	344	0.4971	42	171	0.3908
FBgn0015521	FBpp0307130	83	0.3855	11	32	0.3853
FBgn0031476	FBpp0077313	284	0.7711	132	219	0.4751
FBgn0031478	FBpp0077314	324	0.7284	90	236	0.4536
FBgn0051950	FBpp0077315	121	0.4380	43	53	0.3863
FBgn0028970	FBpp0077316	347	0.2219	20	77	0.3302
FBgn0041111	FBpp0077319	1673	0.7872	213	1317	0.5081
FBgn0031484	FBpp0077327	351	0.5812	125	204	0.4366
FBgn0025109	FBpp0077328	338	0.1746	22	59	0.2937
FBgn0025681	FBpp0271738	1049	0.3727	70	391	0.3738
FBgn0031488	FBpp0077331	607	0.7759	159	471	0.5025
FBgn0031490	FBpp0077332	704	0.4645	52	327	0.3958
FBgn0031492	FBpp0077333	806	0.6960	157	561	0.4793
FBgn0031494	FBpp0077335	307	0.4039	42	124	0.3807
FBgn0031495	FBpp0077336	420	0.2643	28	111	0.3114
FBgn0031498	FBpp0077338	364	0.6346	42	231	0.4214
FBgn0031500	FBpp0077340	413	0.2857	42	118	0.3445
FBgn0031501	FBpp0077341	138	0.5507	69	76	0.4506
FBgn0042627	FBpp0307370	2410	0.3411	56	822	0.3609
FBgn0005779	FBpp0077344	336	0.2470	22	83	0.3406
FBgn0015600	FBpp0077346	2162	0.8497	186	1837	0.4943
FBgn0031497	FBpp0077351	501	0.5170	56	259	0.3964
FBgn0031496	FBpp0290038	876	0.8162	156	715	0.5054
FBgn0031493	FBpp0077353	749	0.7410	128	555	0.5016
FBgn0031491	FBpp0077354	369	0.4255	28	157	0.3634
FBgn0031489	FBpp0077355	300	0.2700	17	81	0.3400
FBgn0002989	FBpp0077357	784	0.4962	57	389	0.4198
FBgn0031485	FBpp0077359	219	0.4658	33	102	0.3910
FBgn0031483	FBpp0077360	535	0.7907	115	423	0.4877
FBgn0004584	FBpp0288680	706	0.6785	216	479	0.4763
FBgn0024920	FBpp0077363	321	0.3956	36	127	0.3782
FBgn0024947	FBpp0304733	524	0.3378	35	177	0.3720
FBgn0031479	FBpp0077368	222	0.3243	16	72	0.3768
FBgn0051694	FBpp0077369	425	0.4847	36	206	0.3958
FBgn0031473	FBpp0077370	321	0.1651	12	53	0.3059
FBgn0031471	FBpp0289585	347	0.4179	33	145	0.3616
FBgn0031470	FBpp0077373	343	0.3673	30	126	0.3584
FBgn0031469	FBpp0271759	588	0.3299	25	194	0.3611
FBgn0031466	FBpp0077375	355	0.3408	42	121	0.3614
FBgn0031435	FBpp0077377	381	0.7297	95	278	0.4569
FBgn0031437	FBpp0077378	151	0.4503	34	68	0.3854
FBgn0031440	FBpp0113005	275	0.9527	253	262	0.5665
FBgn0031442	FBpp0077381	215	0.1442	17	31	0.3226
FBgn0026395	FBpp0077382	379	0.1504	22	57	0.2867
FBgn0031443	FBpp0077383	210	0.3286	18	69	0.3468
FBgn0031444	FBpp0077384	331	0.3656	55	121	0.3851
FBgn0041248	FBpp0077386	374	0.1791	33	67	0.3008
FBgn0051690	FBpp0290896	859	0.1991	20	171	0.3121
FBgn0031449	FBpp0306278	624	0.3093	53	193	0.3419
FBgn0031452	FBpp0077396	521	0.9328	256	486	0.6259
FBgn0031453	FBpp0077397	152	0.4803	29	73	0.3984
FBgn0031456	FBpp0077399	932	0.3079	29	287	0.3446
FBgn0031458	FBpp0077400	238	0.0630	8	15	0.2234
FBgn0028398	FBpp0077401	167	0.5808	57	97	0.4387
FBgn0031459	FBpp0077402	150	0.2133	23	32	0.3320
FBgn0031461	FBpp0077404	586	0.6638	126	389	0.4424
FBgn0031462	FBpp0077406	554	0.2581	30	143	0.3493
FBgn0031465	FBpp0077407	634	0.3849	44	244	0.3714
FBgn0031463	FBpp0111930	350	0.1857	16	65	0.2917
FBgn0004242	FBpp0077410	474	0.5295	90	251	0.4170
FBgn0031460	FBpp0077413	242	0.5702	38	138	0.4281
FBgn0019830	FBpp0077414	306	0.3105	24	95	0.3365
FBgn0026324	FBpp0077415	146	0.3562	28	52	0.3887
FBgn0031457	FBpp0077416	326	0.4294	37	140	0.3796
FBgn0031451	FBpp0077420	448	0.3170	41	142	0.3533
FBgn0031446	FBpp0290208	305	0.5705	83	174	0.3997
FBgn0053125	FBpp0291644	1263	0.9279	289	1172	0.5331
FBgn0031441	FBpp0077423	319	0.3135	22	100	0.3663
FBgn0026479	FBpp0077424	735	0.4748	102	349	0.4134
FBgn0031436	FBpp0307167	142	0.4296	50	61	0.4076
FBgn0031434	FBpp0077426	376	0.7713	100	290	0.4702
FBgn0026778	FBpp0077427	274	0.2664	26	73	0.3590
FBgn0041337	FBpp0077428	538	0.4257	28	229	0.3669
FBgn0031432	FBpp0307160	506	0.3478	36	176	0.3542
FBgn0031431	FBpp0077430	395	0.4228	43	167	0.3858
FBgn0042187	FBpp0077433	251	0.1235	15	31	0.3028
FBgn0031407	FBpp0077434	170	0.5412	39	92	0.4287
FBgn0031409	FBpp0077436	242	0.3223	29	78	0.3361
FBgn0051949	FBpp0077437	178	0.1685	26	30	0.2765
FBgn0031412	FBpp0077438	146	0.7740	42	113	0.4479
FBgn0031419	FBpp0077444	275	0.5091	35	140	0.4210
FBgn0031420	FBpp0077445	971	0.7549	98	733	0.4860
FBgn0031422	FBpp0077448	459	0.1242	21	57	0.2640
FBgn0031424	FBpp0077449	632	0.3149	36	199	0.3164
FBgn0031428	FBpp0077450	487	0.3244	42	158	0.3522
FBgn0000490	FBpp0077452	588	0.6173	124	363	0.4409
FBgn0011818	FBpp0077459	487	0.6078	70	296	0.4352
FBgn0031430	FBpp0077460	235	0.6383	30	150	0.4192
FBgn0051948	FBpp0077464	372	0.3763	24	140	0.3721
FBgn0031426	FBpp0297922	369	0.2575	37	95	0.3422
FBgn0031423	FBpp0077467	271	0.6900	58	187	0.4182
FBgn0031418	FBpp0077468	335	0.4119	29	138	0.3853
FBgn0031417	FBpp0303517	337	0.3294	58	111	0.3502
FBgn0014010	FBpp0077475	219	0.4703	30	103	0.4164
FBgn0031413	FBpp0100109	298	0.4060	68	121	0.3877
FBgn0028570	FBpp0077477	97	0.3608	17	35	0.3647
FBgn0031410	FBpp0077478	192	0.4688	49	90	0.4196
FBgn0051681	FBpp0077479	264	0.1136	8	30	0.3134
FBgn0031406	FBpp0077481	255	0.1412	20	36	0.3073
FBgn0042186	FBpp0077482	248	0.1250	12	31	0.3155
FBgn0011832	FBpp0077483	245	0.0490	6	12	0.2829
FBgn0051682	FBpp0077484	319	0.3824	21	122	0.3658
FBgn0052463	FBpp0077485	318	0.3962	34	126	0.3715
FBgn0051679	FBpp0077486	337	0.3650	18	123	0.3669
FBgn0031374	FBpp0305221	2397	0.6579	171	1577	0.4550
FBgn0031378	FBpp0077490	168	0.3214	18	54	0.3426
FBgn0031379	FBpp0077491	637	0.4333	34	276	0.3707
FBgn0031381	FBpp0077492	148	0.2500	14	37	0.3098
FBgn0040717	FBpp0077493	64	0.2188	11	14	0.2752
FBgn0031384	FBpp0290288	977	0.3009	35	294	0.3615
FBgn0003557	FBpp0077497	949	0.6712	95	637	0.4349
FBgn0028952	FBpp0302684	548	0.8102	216	444	0.5036
FBgn0026396	FBpp0077499	402	0.1045	14	42	0.2688
FBgn0031388	FBpp0077500	314	0.7038	31	221	0.4294
FBgn0027509	FBpp0077502	1189	0.2590	34	308	0.3512
FBgn0031392	FBpp0077504	739	0.4736	65	350	0.3997
FBgn0031393	FBpp0077505	157	0.7834	97	123	0.4891
FBgn0031399	FBpp0077507	867	0.5213	54	452	0.4086
FBgn0031401	FBpp0077508	576	0.6233	64	359	0.4283
FBgn0040715	FBpp0077514	77	0.5844	45	45	0.4034
FBgn0031398	FBpp0077515	279	0.6022	50	168	0.4341
FBgn0010288	FBpp0077516	227	0.5154	37	117	0.4096
FBgn0031397	FBpp0077517	587	0.3612	34	212	0.3703
FBgn0053124	FBpp0300177	588	0.1105	27	65	0.2504
FBgn0051668	FBpp0300178	590	0.1153	32	68	0.2538
FBgn0031395	FBpp0303514	317	0.8738	140	277	0.5210
FBgn0000097	FBpp0077522	732	0.6817	111	499	0.4576
FBgn0031391	FBpp0077524	350	0.6886	101	241	0.4588
FBgn0031390	FBpp0290874	1642	0.5554	212	912	0.4382
FBgn0031389	FBpp0077526	270	0.2185	23	59	0.3336
FBgn0040718	FBpp0077532	53	0.1132	6	6	0.2267
FBgn0043539	FBpp0099943	117	0.4701	24	55	0.3819
FBgn0031377	FBpp0077538	1023	0.6911	175	707	0.4600
FBgn0031375	FBpp0303235	698	0.6662	105	465	0.4501
FBgn0026398	FBpp0077541	397	0.2494	25	99	0.3142
FBgn0026397	FBpp0077542	397	0.2368	22	94	0.3096
FBgn0031351	FBpp0077544	251	0.9124	135	229	0.5048
FBgn0011570	FBpp0077549	276	0.6377	57	176	0.4115
FBgn0031357	FBpp0077550	181	0.6685	39	121	0.4480
FBgn0031360	FBpp0077552	321	0.1931	20	62	0.3017
FBgn0031364	FBpp0077555	128	0.6172	23	79	0.4062
FBgn0045497	FBpp0077556	389	0.2031	25	79	0.2785
FBgn0031372	FBpp0077559	305	0.5443	60	166	0.4258
FBgn0031373	FBpp0423052	252	0.4286	26	108	0.3761
FBgn0051663	FBpp0077561	966	0.4130	135	399	0.3635
FBgn0031367	FBpp0077562	201	0.2886	38	58	0.3682
FBgn0051664	FBpp0423066	606	0.5116	36	310	0.3958
FBgn0051933	FBpp0077564	673	0.4160	70	280	0.3818
FBgn0045501	FBpp0077565	394	0.2107	28	83	0.2845
FBgn0045498	FBpp0301799	387	0.1034	14	40	0.2524
FBgn0031365	FBpp0077567	125	0.7360	46	92	0.4677
FBgn0041249	FBpp0077568	378	0.1958	24	74	0.2890
FBgn0027597	FBpp0077569	384	0.2422	33	93	0.3314
FBgn0031361	FBpp0077570	244	0.5820	87	142	0.4432
FBgn0000579	FBpp0077571	500	0.3440	76	172	0.3704
FBgn0031359	FBpp0077576	365	0.4384	34	160	0.3831
FBgn0031356	FBpp0077578	536	0.3489	38	187	0.3280
FBgn0021906	FBpp0077581	230	0.3826	37	88	0.3637
FBgn0051935	FBpp0077582	916	0.4858	63	445	0.3974
FBgn0031347	FBpp0077583	659	0.5933	175	391	0.4298
FBgn0001174	FBpp0113046	109	0.7523	41	82	0.4520
FBgn0031345	FBpp0077585	192	0.5677	27	109	0.3833
FBgn0031327	FBpp0077586	665	0.3398	29	226	0.3588
FBgn0041097	FBpp0077587	1342	0.4985	72	669	0.4013
FBgn0011294	FBpp0077588	210	0.5905	57	124	0.3991
FBgn0031331	FBpp0294003	169	0.4675	44	79	0.3916
FBgn0026141	FBpp0077590	89	0.5056	11	45	0.3597
FBgn0031337	FBpp0077592	206	0.4951	22	102	0.3929
FBgn0051928	FBpp0077594	418	0.3206	51	134	0.3605
FBgn0053128	FBpp0077595	405	0.2420	25	98	0.3337
FBgn0051926	FBpp0077596	410	0.3171	68	130	0.3477
FBgn0051661	FBpp0077597	393	0.3003	26	118	0.3445
FBgn0031344	FBpp0306854	388	0.4046	43	157	0.3821
FBgn0031343	FBpp0077602	440	0.7614	175	335	0.5156
FBgn0002543	FBpp0303020	1519	0.5504	137	836	0.4224
FBgn0053126	FBpp0302979	245	0.2041	11	50	0.3185
FBgn0051659	FBpp0077608	192	0.3385	34	65	0.3495
FBgn0031335	FBpp0077609	240	0.2417	11	58	0.3319
FBgn0051924	FBpp0077611	236	0.4576	28	108	0.3797
FBgn0031333	FBpp0077612	305	0.4852	34	148	0.4055
FBgn0031332	FBpp0077613	299	0.3512	69	105	0.3836
FBgn0028481	FBpp0077614	938	0.2953	61	277	0.3319
FBgn0031296	FBpp0077616	347	0.6916	88	240	0.4490
FBgn0015905	FBpp0077617	854	0.4052	70	346	0.3819
FBgn0031298	FBpp0077618	411	0.3114	26	128	0.3444
FBgn0031301	FBpp0077619	1017	0.3569	29	363	0.3630
FBgn0031302	FBpp0077620	264	0.5530	50	146	0.4126
FBgn0031304	FBpp0077621	689	0.3033	36	209	0.3587
FBgn0031306	FBpp0304560	446	0.6861	96	306	0.4618
FBgn0031307	FBpp0077623	512	0.1816	32	93	0.2736
FBgn0031310	FBpp0077625	182	0.1648	7	30	0.3285
FBgn0031312	FBpp0077626	278	0.4137	36	115	0.3724
FBgn0031314	FBpp0077627	587	0.5094	62	299	0.3935
FBgn0031315	FBpp0077629	180	0.8111	41	146	0.5054
FBgn0051922	FBpp0077630	139	0.6978	57	97	0.4815
FBgn0031318	FBpp0077631	1004	0.7181	164	721	0.4843
FBgn0031319	FBpp0077633	949	0.6691	204	635	0.4730
FBgn0031321	FBpp0077636	427	0.3044	35	130	0.3662
FBgn0040723	FBpp0077638	80	0.9750	75	78	0.5186
FBgn0031324	FBpp0112990	141	0.8511	51	120	0.4790
FBgn0031323	FBpp0077642	179	0.8045	95	144	0.4756
FBgn0031320	FBpp0077643	455	0.3231	31	147	0.3620
FBgn0031317	FBpp0077644	524	0.5458	145	286	0.4240
FBgn0024314	FBpp0077645	787	0.3177	52	250	0.3607
FBgn0031313	FBpp0077646	554	0.6606	59	366	0.4293
FBgn0031309	FBpp0077650	299	0.2843	26	85	0.3555
FBgn0031305	FBpp0077651	531	0.2768	39	147	0.3507
FBgn0016926	FBpp0077652	249	0.2771	43	69	0.3698
FBgn0031299	FBpp0304825	570	0.4281	64	244	0.3857
FBgn0003310	FBpp0077658	597	0.5461	63	326	0.4216
FBgn0031295	FBpp0077662	169	0.8225	94	139	0.5069
FBgn0031273	FBpp0077664	826	0.8402	553	694	0.7230
FBgn0011244	FBpp0077665	648	0.2840	37	184	0.3438
FBgn0031275	FBpp0077666	1305	0.4797	72	626	0.3870
FBgn0031276	FBpp0077668	107	0.7757	83	83	0.4922
FBgn0040725	FBpp0077669	99	0.7576	75	75	0.4695
FBgn0031277	FBpp0077670	119	0.7395	45	88	0.4654
FBgn0041250	FBpp0077671	447	0.3266	25	146	0.3385
FBgn0031279	FBpp0077672	572	0.3182	73	182	0.3548
FBgn0051658	FBpp0077673	204	0.6912	49	141	0.4350
FBgn0031282	FBpp0077675	297	0.4276	36	127	0.3834
FBgn0015621	FBpp0077676	296	0.4392	14	130	0.3785
FBgn0010583	FBpp0077679	548	0.7500	98	411	0.4651
FBgn0020545	FBpp0077681	331	0.3172	29	105	0.3574
FBgn0031288	FBpp0077682	145	0.8690	75	126	0.5013
FBgn0031289	FBpp0077683	316	0.4652	36	147	0.3954
FBgn0002936	FBpp0077688	237	0.1181	9	28	0.3048
FBgn0002563	FBpp0077690	789	0.2560	28	202	0.3415
FBgn0046113	FBpp0307912	940	0.4000	65	376	0.3677
FBgn0031292	FBpp0304490	1957	0.4517	54	884	0.3935
FBgn0020305	FBpp0077694	345	0.6725	134	232	0.4845
FBgn0029095	FBpp0077697	805	0.5329	54	429	0.4232
FBgn0031287	FBpp0077698	338	0.8343	125	282	0.5069
FBgn0020304	FBpp0291330	673	0.7221	122	486	0.4595
FBgn0031286	FBpp0077702	454	0.3634	31	165	0.3684
FBgn0031284	FBpp0077703	255	0.1529	13	39	0.2761
FBgn0031283	FBpp0077704	263	0.1179	13	31	0.2518
FBgn0031281	FBpp0077705	717	0.4198	85	301	0.3888
FBgn0000442	FBpp0077706	768	0.3984	81	306	0.3822
FBgn0026438	FBpp0290531	579	0.1693	32	98	0.2821
FBgn0040106	FBpp0300624	249	0.4900	30	122	0.3966
FBgn0004611	FBpp0089226	1318	0.5341	99	704	0.4166
FBgn0053127	FBpp0077712	284	0.1268	9	36	0.3228
FBgn0000061	FBpp0077713	408	0.6152	59	251	0.4398
FBgn0003278	FBpp0077714	1129	0.3508	54	396	0.3730
FBgn0002593	FBpp0077716	112	0.2232	23	25	0.3245
